
****** Vivado v2025.2 (64-bit)
  **** SW Build 6299465 on Fri Nov 14 12:34:56 MST 2025
  **** IP Build 6300035 on Fri Nov 14 10:48:45 MST 2025
  **** SharedData Build 6298862 on Thu Nov 13 04:50:51 MST 2025
  **** Start of session at: Fri Jul  3 14:13:51 2026
    ** Copyright 1986-2022 Xilinx, Inc. All Rights Reserved.
    ** Copyright 2022-2025 Advanced Micro Devices, Inc. All Rights Reserved.

source build.tcl
# set script_dir [file dirname [file normalize [info script]]]
# set project_file "$script_dir/src/libresdr_b210.xpr"
# set output_dir  "$script_dir/build_output"
# file mkdir $output_dir
# proc log {msg} {
#     set ts [clock format [clock seconds] -format "%H:%M:%S"]
#     puts "\[$ts\] $msg"
#     flush stdout
# }
# log "Opening project: $project_file"
[14:13:54] Opening project: /home/f4tnk/dev/LibreSDR_UHD_B220_Mini_FPGA/src/libresdr_b210.xpr
# open_project $project_file
Scanning sources...
Finished scanning sources
WARNING: [Board 49-26] cannot add Board Part xilinx.com:emb-plus-vpr-4616:part0:1.0 available at /usr/local/vivado/2025.2/data/xhub/boards/XilinxBoardStore/boards/Xilinx/emb-plus-vpr-4616/1.0/board.xml as part xcve2302-sfva784-2mp-e-s specified in board_part file is either invalid or not available
WARNING: [Board 49-26] cannot add Board Part xilinx.com:emb-plus-vpr-4616:part0:1.1 available at /usr/local/vivado/2025.2/data/xhub/boards/XilinxBoardStore/boards/Xilinx/emb-plus-vpr-4616/1.1/board.xml as part xcve2302-sfva784-2mp-e-s specified in board_part file is either invalid or not available
WARNING: [Board 49-26] cannot add Board Part xilinx.com:k24c:part0:1.0 available at /usr/local/vivado/2025.2/data/xhub/boards/XilinxBoardStore/boards/Xilinx/k24c/1.0/board.xml as part xck24-ubva530-2lv-c specified in board_part file is either invalid or not available
WARNING: [Board 49-26] cannot add Board Part xilinx.com:k24c:part0:1.1 available at /usr/local/vivado/2025.2/data/xhub/boards/XilinxBoardStore/boards/Xilinx/k24c/1.1/board.xml as part xck24-ubva530-2lv-c specified in board_part file is either invalid or not available
WARNING: [Board 49-26] cannot add Board Part xilinx.com:k24i:part0:1.0 available at /usr/local/vivado/2025.2/data/xhub/boards/XilinxBoardStore/boards/Xilinx/k24i/1.0/board.xml as part xck24-ubva530-2lvi-i specified in board_part file is either invalid or not available
WARNING: [Board 49-26] cannot add Board Part xilinx.com:k26c:part0:1.2 available at /usr/local/vivado/2025.2/data/xhub/boards/XilinxBoardStore/boards/Xilinx/k26c/1.2/board.xml as part xck26-sfvc784-2lv-c specified in board_part file is either invalid or not available
WARNING: [Board 49-26] cannot add Board Part xilinx.com:k26c:part0:1.3 available at /usr/local/vivado/2025.2/data/xhub/boards/XilinxBoardStore/boards/Xilinx/k26c/1.3/board.xml as part xck26-sfvc784-2lv-c specified in board_part file is either invalid or not available
WARNING: [Board 49-26] cannot add Board Part xilinx.com:k26c:part0:1.4 available at /usr/local/vivado/2025.2/data/xhub/boards/XilinxBoardStore/boards/Xilinx/k26c/1.4/board.xml as part xck26-sfvc784-2lv-c specified in board_part file is either invalid or not available
WARNING: [Board 49-26] cannot add Board Part xilinx.com:k26i:part0:1.2 available at /usr/local/vivado/2025.2/data/xhub/boards/XilinxBoardStore/boards/Xilinx/k26i/1.2/board.xml as part xck26-sfvc784-2lvi-i specified in board_part file is either invalid or not available
WARNING: [Board 49-26] cannot add Board Part xilinx.com:k26i:part0:1.3 available at /usr/local/vivado/2025.2/data/xhub/boards/XilinxBoardStore/boards/Xilinx/k26i/1.3/board.xml as part xck26-sfvc784-2lvi-i specified in board_part file is either invalid or not available
WARNING: [Board 49-26] cannot add Board Part xilinx.com:k26i:part0:1.4 available at /usr/local/vivado/2025.2/data/xhub/boards/XilinxBoardStore/boards/Xilinx/k26i/1.4/board.xml as part xck26-sfvc784-2lvi-i specified in board_part file is either invalid or not available
WARNING: [Board 49-26] cannot add Board Part xilinx.com:kc705:part0:1.6 available at /usr/local/vivado/2025.2/data/xhub/boards/XilinxBoardStore/boards/Xilinx/kc705/1.6/board.xml as part xc7k325tffg900-2 specified in board_part file is either invalid or not available
WARNING: [Board 49-26] cannot add Board Part xilinx.com:kc705:part0:1.7 available at /usr/local/vivado/2025.2/data/xhub/boards/XilinxBoardStore/boards/Xilinx/kc705/1.7/board.xml as part xc7k325tffg900-2 specified in board_part file is either invalid or not available
WARNING: [Board 49-26] cannot add Board Part xilinx.com:kcu105:part0:1.6 available at /usr/local/vivado/2025.2/data/xhub/boards/XilinxBoardStore/boards/Xilinx/kcu105/1.6/board.xml as part xcku040-ffva1156-2-e specified in board_part file is either invalid or not available
WARNING: [Board 49-26] cannot add Board Part xilinx.com:kcu105:part0:1.7 available at /usr/local/vivado/2025.2/data/xhub/boards/XilinxBoardStore/boards/Xilinx/kcu105/1.7/board.xml as part xcku040-ffva1156-2-e specified in board_part file is either invalid or not available
WARNING: [Board 49-26] cannot add Board Part xilinx.com:kcu116:part0:1.4 available at /usr/local/vivado/2025.2/data/xhub/boards/XilinxBoardStore/boards/Xilinx/kcu116/1.4/board.xml as part xcku5p-ffvb676-2-e specified in board_part file is either invalid or not available
WARNING: [Board 49-26] cannot add Board Part xilinx.com:kcu116:part0:1.5 available at /usr/local/vivado/2025.2/data/xhub/boards/XilinxBoardStore/boards/Xilinx/kcu116/1.5/board.xml as part xcku5p-ffvb676-2-e specified in board_part file is either invalid or not available
WARNING: [Board 49-26] cannot add Board Part xilinx.com:kcu1500:part0:1.2 available at /usr/local/vivado/2025.2/data/xhub/boards/XilinxBoardStore/boards/Xilinx/kcu1500/1.2/board.xml as part xcku115-flvb2104-2-e specified in board_part file is either invalid or not available
WARNING: [Board 49-26] cannot add Board Part xilinx.com:kd240_som:part0:1.0 available at /usr/local/vivado/2025.2/data/xhub/boards/XilinxBoardStore/boards/Xilinx/kd240_som/1.0/board.xml as part xck24-ubva530-2lv-c specified in board_part file is either invalid or not available
WARNING: [Board 49-26] cannot add Board Part xilinx.com:kd240_som:part0:1.1 available at /usr/local/vivado/2025.2/data/xhub/boards/XilinxBoardStore/boards/Xilinx/kd240_som/1.1/board.xml as part xck24-ubva530-2lv-c specified in board_part file is either invalid or not available
WARNING: [Board 49-26] cannot add Board Part xilinx.com:kr260_som:part0:1.0 available at /usr/local/vivado/2025.2/data/xhub/boards/XilinxBoardStore/boards/Xilinx/kr260_som/1.0/board.xml as part xck26-sfvc784-2lv-c specified in board_part file is either invalid or not available
WARNING: [Board 49-26] cannot add Board Part xilinx.com:kr260_som:part0:1.1 available at /usr/local/vivado/2025.2/data/xhub/boards/XilinxBoardStore/boards/Xilinx/kr260_som/1.1/board.xml as part xck26-sfvc784-2lv-c specified in board_part file is either invalid or not available
WARNING: [Board 49-26] cannot add Board Part xilinx.com:kv260_som:part0:1.2 available at /usr/local/vivado/2025.2/data/xhub/boards/XilinxBoardStore/boards/Xilinx/kv260_som/1.2/board.xml as part xck26-sfvc784-2lv-c specified in board_part file is either invalid or not available
WARNING: [Board 49-26] cannot add Board Part xilinx.com:kv260_som:part0:1.3 available at /usr/local/vivado/2025.2/data/xhub/boards/XilinxBoardStore/boards/Xilinx/kv260_som/1.3/board.xml as part xck26-sfvc784-2lv-c specified in board_part file is either invalid or not available
WARNING: [Board 49-26] cannot add Board Part xilinx.com:kv260_som:part0:1.4 available at /usr/local/vivado/2025.2/data/xhub/boards/XilinxBoardStore/boards/Xilinx/kv260_som/1.4/board.xml as part xck26-sfvc784-2lv-c specified in board_part file is either invalid or not available
WARNING: [Board 49-26] cannot add Board Part xilinx.com:scu35:part0:1.0 available at /usr/local/vivado/2025.2/data/xhub/boards/XilinxBoardStore/boards/Xilinx/scu35/1.0/board.xml as part xcsu35p-sbvb625-2-e specified in board_part file is either invalid or not available
WARNING: [Board 49-26] cannot add Board Part xilinx.com:sp701:part0:1.0 available at /usr/local/vivado/2025.2/data/xhub/boards/XilinxBoardStore/boards/Xilinx/sp701/1.0/board.xml as part xc7s100fgga676-2 specified in board_part file is either invalid or not available
WARNING: [Board 49-26] cannot add Board Part xilinx.com:sp701:part0:1.1 available at /usr/local/vivado/2025.2/data/xhub/boards/XilinxBoardStore/boards/Xilinx/sp701/1.1/board.xml as part xc7s100fgga676-2 specified in board_part file is either invalid or not available
WARNING: [Board 49-26] cannot add Board Part xilinx.com:v80:part0:1.0 available at /usr/local/vivado/2025.2/data/xhub/boards/XilinxBoardStore/boards/Xilinx/v80/1.0/board.xml as part xcv80-lsva4737-2mhp-e-s specified in board_part file is either invalid or not available
WARNING: [Board 49-26] cannot add Board Part xilinx.com:vc707:part0:1.4 available at /usr/local/vivado/2025.2/data/xhub/boards/XilinxBoardStore/boards/Xilinx/vc707/1.4/board.xml as part xc7vx485tffg1761-2 specified in board_part file is either invalid or not available
WARNING: [Board 49-26] cannot add Board Part xilinx.com:vc707:part0:1.5 available at /usr/local/vivado/2025.2/data/xhub/boards/XilinxBoardStore/boards/Xilinx/vc707/1.5/board.xml as part xc7vx485tffg1761-2 specified in board_part file is either invalid or not available
WARNING: [Board 49-26] cannot add Board Part xilinx.com:vc709:part0:1.8 available at /usr/local/vivado/2025.2/data/xhub/boards/XilinxBoardStore/boards/Xilinx/vc709/1.8/board.xml as part xc7vx690tffg1761-2 specified in board_part file is either invalid or not available
WARNING: [Board 49-26] cannot add Board Part xilinx.com:vck190:part0:2.2 available at /usr/local/vivado/2025.2/data/xhub/boards/XilinxBoardStore/boards/Xilinx/vck190/production/2.2/board.xml as part xcvc1902-vsva2197-2mp-e-s specified in board_part file is either invalid or not available
WARNING: [Board 49-26] cannot add Board Part xilinx.com:vck190:part0:3.0 available at /usr/local/vivado/2025.2/data/xhub/boards/XilinxBoardStore/boards/Xilinx/vck190/production/3.0/board.xml as part xcvc1902-vsva2197-2mp-e-s specified in board_part file is either invalid or not available
WARNING: [Board 49-26] cannot add Board Part xilinx.com:vck190:part0:3.1 available at /usr/local/vivado/2025.2/data/xhub/boards/XilinxBoardStore/boards/Xilinx/vck190/production/3.1/board.xml as part xcvc1902-vsva2197-2mp-e-s specified in board_part file is either invalid or not available
WARNING: [Board 49-26] cannot add Board Part xilinx.com:vck190:part0:3.2 available at /usr/local/vivado/2025.2/data/xhub/boards/XilinxBoardStore/boards/Xilinx/vck190/production/3.2/board.xml as part xcvc1902-vsva2197-2mp-e-s specified in board_part file is either invalid or not available
WARNING: [Board 49-26] cannot add Board Part xilinx.com:vck190:part0:3.3 available at /usr/local/vivado/2025.2/data/xhub/boards/XilinxBoardStore/boards/Xilinx/vck190/production/3.3/board.xml as part xcvc1902-vsva2197-2mp-e-s specified in board_part file is either invalid or not available
WARNING: [Board 49-26] cannot add Board Part xilinx.com:vck190:part0:3.4 available at /usr/local/vivado/2025.2/data/xhub/boards/XilinxBoardStore/boards/Xilinx/vck190/production/3.4/board.xml as part xcvc1902-vsva2197-2mp-e-s specified in board_part file is either invalid or not available
WARNING: [Board 49-26] cannot add Board Part xilinx.com:vck190_newl:part0:1.0 available at /usr/local/vivado/2025.2/data/xhub/boards/XilinxBoardStore/boards/Xilinx/vck190_newl/production/1.0/board.xml as part xcvc1902-vsva2197-2mp-e-s specified in board_part file is either invalid or not available
WARNING: [Board 49-26] cannot add Board Part xilinx.com:vck190_newl:part0:1.1 available at /usr/local/vivado/2025.2/data/xhub/boards/XilinxBoardStore/boards/Xilinx/vck190_newl/production/1.1/board.xml as part xcvc1902-vsva2197-2mp-e-s specified in board_part file is either invalid or not available
WARNING: [Board 49-26] cannot add Board Part xilinx.com:vck190_newl:part0:1.2 available at /usr/local/vivado/2025.2/data/xhub/boards/XilinxBoardStore/boards/Xilinx/vck190_newl/production/1.2/board.xml as part xcvc1902-vsva2197-2mp-e-s specified in board_part file is either invalid or not available
WARNING: [Board 49-26] cannot add Board Part xilinx.com:vck190_newl:part0:1.3 available at /usr/local/vivado/2025.2/data/xhub/boards/XilinxBoardStore/boards/Xilinx/vck190_newl/production/1.3/board.xml as part xcvc1902-vsva2197-2mp-e-s specified in board_part file is either invalid or not available
WARNING: [Board 49-26] cannot add Board Part xilinx.com:vcu108:part0:1.6 available at /usr/local/vivado/2025.2/data/xhub/boards/XilinxBoardStore/boards/Xilinx/vcu108/1.6/board.xml as part xcvu095-ffva2104-2-e specified in board_part file is either invalid or not available
WARNING: [Board 49-26] cannot add Board Part xilinx.com:vcu108:part0:1.7 available at /usr/local/vivado/2025.2/data/xhub/boards/XilinxBoardStore/boards/Xilinx/vcu108/1.7/board.xml as part xcvu095-ffva2104-2-e specified in board_part file is either invalid or not available
WARNING: [Board 49-26] cannot add Board Part xilinx.com:vcu110:part0:1.4 available at /usr/local/vivado/2025.2/data/xhub/boards/XilinxBoardStore/boards/Xilinx/vcu110/1.4/board.xml as part xcvu190-flgc2104-2-e specified in board_part file is either invalid or not available
WARNING: [Board 49-26] cannot add Board Part xilinx.com:vcu118:part0:2.0 available at /usr/local/vivado/2025.2/data/xhub/boards/XilinxBoardStore/boards/Xilinx/vcu118/2.0/board.xml as part xcvu9p-flga2104-2l-e specified in board_part file is either invalid or not available
WARNING: [Board 49-26] cannot add Board Part xilinx.com:vcu118:part0:2.3 available at /usr/local/vivado/2025.2/data/xhub/boards/XilinxBoardStore/boards/Xilinx/vcu118/2.3/board.xml as part xcvu9p-flga2104-2l-e specified in board_part file is either invalid or not available
WARNING: [Board 49-26] cannot add Board Part xilinx.com:vcu118:part0:2.4 available at /usr/local/vivado/2025.2/data/xhub/boards/XilinxBoardStore/boards/Xilinx/vcu118/2.4/board.xml as part xcvu9p-flga2104-2l-e specified in board_part file is either invalid or not available
WARNING: [Board 49-26] cannot add Board Part xilinx.com:vcu128:part0:1.0 available at /usr/local/vivado/2025.2/data/xhub/boards/XilinxBoardStore/boards/Xilinx/vcu128/production/1.0/board.xml as part xcvu37p-fsvh2892-2l-e specified in board_part file is either invalid or not available
WARNING: [Board 49-26] cannot add Board Part xilinx.com:vcu129:part0:1.0 available at /usr/local/vivado/2025.2/data/xhub/boards/XilinxBoardStore/boards/Xilinx/vcu129/production/1.0/board.xml as part xcvu29p-fsga2577-2l-e specified in board_part file is either invalid or not available
WARNING: [Board 49-26] cannot add Board Part xilinx.com:vcu1525:part0:1.3 available at /usr/local/vivado/2025.2/data/xhub/boards/XilinxBoardStore/boards/Xilinx/vcu1525/1.3/board.xml as part xcvu9p-fsgd2104-2l-e specified in board_part file is either invalid or not available
WARNING: [Board 49-26] cannot add Board Part xilinx.com:vek280:part0:1.0 available at /usr/local/vivado/2025.2/data/xhub/boards/XilinxBoardStore/boards/Xilinx/vek280/production/1.0/board.xml as part xcve2802-vsvh1760-2mp-e-s specified in board_part file is either invalid or not available
WARNING: [Board 49-26] cannot add Board Part xilinx.com:vek280:part0:1.1 available at /usr/local/vivado/2025.2/data/xhub/boards/XilinxBoardStore/boards/Xilinx/vek280/production/1.1/board.xml as part xcve2802-vsvh1760-2mp-e-s specified in board_part file is either invalid or not available
WARNING: [Board 49-26] cannot add Board Part xilinx.com:vek280:part0:1.2 available at /usr/local/vivado/2025.2/data/xhub/boards/XilinxBoardStore/boards/Xilinx/vek280/production/1.2/board.xml as part xcve2802-vsvh1760-2mp-e-s specified in board_part file is either invalid or not available
WARNING: [Board 49-26] cannot add Board Part xilinx.com:vek385:part0:1.0 available at /usr/local/vivado/2025.2/data/xhub/boards/XilinxBoardStore/boards/Xilinx/vek385/1.0/board.xml as part xc2ve3858-ssva2112-2mp-e-s specified in board_part file is either invalid or not available
WARNING: [Board 49-26] cannot add Board Part xilinx.com:vek385:part0:1.1 available at /usr/local/vivado/2025.2/data/xhub/boards/XilinxBoardStore/boards/Xilinx/vek385/1.1/board.xml as part xc2ve3858-ssva2112-2mp-e-s specified in board_part file is either invalid or not available
WARNING: [Board 49-26] cannot add Board Part xilinx.com:vek385_1:part0:1.0 available at /usr/local/vivado/2025.2/data/xhub/boards/XilinxBoardStore/boards/Xilinx/vek385_2/1.0/board.xml as part xc2ve3858-ssva2112-2mp-e-s specified in board_part file is either invalid or not available
WARNING: [Board 49-26] cannot add Board Part xilinx.com:vermeo_t1_mpsoc:part0:1.0 available at /usr/local/vivado/2025.2/data/xhub/boards/XilinxBoardStore/boards/Xilinx/vermeo_t1_mpsoc/1.0/board.xml as part xczu19eg-ffvd1760-2l-e specified in board_part file is either invalid or not available
WARNING: [Board 49-26] cannot add Board Part xilinx.com:vermeo_t1_rfsoc:part0:1.0 available at /usr/local/vivado/2025.2/data/xhub/boards/XilinxBoardStore/boards/Xilinx/vermeo_t1_rfsoc/1.0/board.xml as part xczu21dr-ffvd1156-2l-e specified in board_part file is either invalid or not available
WARNING: [Board 49-26] cannot add Board Part xilinx.com:vhk158:part0:1.0 available at /usr/local/vivado/2025.2/data/xhub/boards/XilinxBoardStore/boards/Xilinx/vhk158/production/1.0/board.xml as part xcvh1582-vsva3697-2mp-e-s specified in board_part file is either invalid or not available
WARNING: [Board 49-26] cannot add Board Part xilinx.com:vhk158:part0:1.1 available at /usr/local/vivado/2025.2/data/xhub/boards/XilinxBoardStore/boards/Xilinx/vhk158/production/1.1/board.xml as part xcvh1582-vsva3697-2mp-e-s specified in board_part file is either invalid or not available
WARNING: [Board 49-26] cannot add Board Part xilinx.com:vhk158:part0:1.2 available at /usr/local/vivado/2025.2/data/xhub/boards/XilinxBoardStore/boards/Xilinx/vhk158/production/1.2/board.xml as part xcvh1582-vsva3697-2mp-e-s specified in board_part file is either invalid or not available
WARNING: [Board 49-26] cannot add Board Part xilinx.com:vmk180:part0:2.2 available at /usr/local/vivado/2025.2/data/xhub/boards/XilinxBoardStore/boards/Xilinx/vmk180/production/2.2/board.xml as part xcvm1802-vsva2197-2mp-e-s specified in board_part file is either invalid or not available
WARNING: [Board 49-26] cannot add Board Part xilinx.com:vmk180:part0:3.0 available at /usr/local/vivado/2025.2/data/xhub/boards/XilinxBoardStore/boards/Xilinx/vmk180/production/3.0/board.xml as part xcvm1802-vsva2197-2mp-e-s specified in board_part file is either invalid or not available
WARNING: [Board 49-26] cannot add Board Part xilinx.com:vmk180:part0:3.1 available at /usr/local/vivado/2025.2/data/xhub/boards/XilinxBoardStore/boards/Xilinx/vmk180/production/3.1/board.xml as part xcvm1802-vsva2197-2mp-e-s specified in board_part file is either invalid or not available
WARNING: [Board 49-26] cannot add Board Part xilinx.com:vmk180:part0:3.2 available at /usr/local/vivado/2025.2/data/xhub/boards/XilinxBoardStore/boards/Xilinx/vmk180/production/3.2/board.xml as part xcvm1802-vsva2197-2mp-e-s specified in board_part file is either invalid or not available
WARNING: [Board 49-26] cannot add Board Part xilinx.com:vmk180:part0:3.3 available at /usr/local/vivado/2025.2/data/xhub/boards/XilinxBoardStore/boards/Xilinx/vmk180/production/3.3/board.xml as part xcvm1802-vsva2197-2mp-e-s specified in board_part file is either invalid or not available
WARNING: [Board 49-26] cannot add Board Part xilinx.com:vmk180_newl:part0:1.0 available at /usr/local/vivado/2025.2/data/xhub/boards/XilinxBoardStore/boards/Xilinx/vmk180_newl/production/1.0/board.xml as part xcvm1802-vsva2197-2mp-e-s specified in board_part file is either invalid or not available
WARNING: [Board 49-26] cannot add Board Part xilinx.com:vmk180_newl:part0:1.1 available at /usr/local/vivado/2025.2/data/xhub/boards/XilinxBoardStore/boards/Xilinx/vmk180_newl/production/1.1/board.xml as part xcvm1802-vsva2197-2mp-e-s specified in board_part file is either invalid or not available
WARNING: [Board 49-26] cannot add Board Part xilinx.com:vpk120:part0:1.0 available at /usr/local/vivado/2025.2/data/xhub/boards/XilinxBoardStore/boards/Xilinx/vpk120/production/1.0/board.xml as part xcvp1202-vsva2785-2mp-e-s specified in board_part file is either invalid or not available
WARNING: [Board 49-26] cannot add Board Part xilinx.com:vpk120:part0:1.1 available at /usr/local/vivado/2025.2/data/xhub/boards/XilinxBoardStore/boards/Xilinx/vpk120/production/1.1/board.xml as part xcvp1202-vsva2785-2mp-e-s specified in board_part file is either invalid or not available
WARNING: [Board 49-26] cannot add Board Part xilinx.com:vpk120:part0:1.2 available at /usr/local/vivado/2025.2/data/xhub/boards/XilinxBoardStore/boards/Xilinx/vpk120/production/1.2/board.xml as part xcvp1202-vsva2785-2mp-e-s specified in board_part file is either invalid or not available
WARNING: [Board 49-26] cannot add Board Part xilinx.com:vpk180:part0:1.0 available at /usr/local/vivado/2025.2/data/xhub/boards/XilinxBoardStore/boards/Xilinx/vpk180/production/1.0/board.xml as part xcvp1802-lsvc4072-2mp-e-s specified in board_part file is either invalid or not available
WARNING: [Board 49-26] cannot add Board Part xilinx.com:vpk180:part0:1.1 available at /usr/local/vivado/2025.2/data/xhub/boards/XilinxBoardStore/boards/Xilinx/vpk180/production/1.1/board.xml as part xcvp1802-lsvc4072-2mp-e-s specified in board_part file is either invalid or not available
WARNING: [Board 49-26] cannot add Board Part xilinx.com:vpk180:part0:1.2 available at /usr/local/vivado/2025.2/data/xhub/boards/XilinxBoardStore/boards/Xilinx/vpk180/production/1.2/board.xml as part xcvp1802-lsvc4072-2mp-e-s specified in board_part file is either invalid or not available
WARNING: [Board 49-26] cannot add Board Part xilinx.com:vrk160:part0:1.0 available at /usr/local/vivado/2025.2/data/xhub/boards/XilinxBoardStore/boards/Xilinx/vrk160/1.0/board.xml as part xcvr1602-vsva2488-2mp-e-s-es1 specified in board_part file is either invalid or not available
WARNING: [Board 49-26] cannot add Board Part xilinx.com:vrk160:part0:1.1 available at /usr/local/vivado/2025.2/data/xhub/boards/XilinxBoardStore/boards/Xilinx/vrk160/1.1/board.xml as part xcvr1602-vsva2488-2mp-e-s-es1 specified in board_part file is either invalid or not available
WARNING: [Board 49-26] cannot add Board Part xilinx.com:zc702:part0:1.4 available at /usr/local/vivado/2025.2/data/xhub/boards/XilinxBoardStore/boards/Xilinx/zc702/1.4/board.xml as part xc7z020clg484-1 specified in board_part file is either invalid or not available
WARNING: [Board 49-26] cannot add Board Part xilinx.com:zc706:part0:1.4 available at /usr/local/vivado/2025.2/data/xhub/boards/XilinxBoardStore/boards/Xilinx/zc706/1.4/board.xml as part xc7z045ffg900-2 specified in board_part file is either invalid or not available
WARNING: [Board 49-26] cannot add Board Part xilinx.com:zc706:part0:1.5 available at /usr/local/vivado/2025.2/data/xhub/boards/XilinxBoardStore/boards/Xilinx/zc706/1.5/board.xml as part xc7z045ffg900-2 specified in board_part file is either invalid or not available
WARNING: [Board 49-26] cannot add Board Part xilinx.com:zcu102:part0:3.3 available at /usr/local/vivado/2025.2/data/xhub/boards/XilinxBoardStore/boards/Xilinx/zcu102/3.3/board.xml as part xczu9eg-ffvb1156-2-e specified in board_part file is either invalid or not available
WARNING: [Board 49-26] cannot add Board Part xilinx.com:zcu102:part0:3.4 available at /usr/local/vivado/2025.2/data/xhub/boards/XilinxBoardStore/boards/Xilinx/zcu102/3.4/board.xml as part xczu9eg-ffvb1156-2-e specified in board_part file is either invalid or not available
WARNING: [Board 49-26] cannot add Board Part xilinx.com:zcu104:part0:1.1 available at /usr/local/vivado/2025.2/data/xhub/boards/XilinxBoardStore/boards/Xilinx/zcu104/1.1/board.xml as part xczu7ev-ffvc1156-2-e specified in board_part file is either invalid or not available
WARNING: [Board 49-26] cannot add Board Part xilinx.com:zcu106:part0:2.4 available at /usr/local/vivado/2025.2/data/xhub/boards/XilinxBoardStore/boards/Xilinx/zcu106/2.4/board.xml as part xczu7ev-ffvc1156-2-e specified in board_part file is either invalid or not available
WARNING: [Board 49-26] cannot add Board Part xilinx.com:zcu106:part0:2.5 available at /usr/local/vivado/2025.2/data/xhub/boards/XilinxBoardStore/boards/Xilinx/zcu106/2.5/board.xml as part xczu7ev-ffvc1156-2-e specified in board_part file is either invalid or not available
WARNING: [Board 49-26] cannot add Board Part xilinx.com:zcu106:part0:2.6 available at /usr/local/vivado/2025.2/data/xhub/boards/XilinxBoardStore/boards/Xilinx/zcu106/2.6/board.xml as part xczu7ev-ffvc1156-2-e specified in board_part file is either invalid or not available
WARNING: [Board 49-26] cannot add Board Part xilinx.com:zcu111:part0:1.2 available at /usr/local/vivado/2025.2/data/xhub/boards/XilinxBoardStore/boards/Xilinx/zcu111/1.2/board.xml as part xczu28dr-ffvg1517-2-e specified in board_part file is either invalid or not available
WARNING: [Board 49-26] cannot add Board Part xilinx.com:zcu111:part0:1.3 available at /usr/local/vivado/2025.2/data/xhub/boards/XilinxBoardStore/boards/Xilinx/zcu111/1.3/board.xml as part xczu28dr-ffvg1517-2-e specified in board_part file is either invalid or not available
WARNING: [Board 49-26] cannot add Board Part xilinx.com:zcu111:part0:1.4 available at /usr/local/vivado/2025.2/data/xhub/boards/XilinxBoardStore/boards/Xilinx/zcu111/1.4/board.xml as part xczu28dr-ffvg1517-2-e specified in board_part file is either invalid or not available
WARNING: [Board 49-26] cannot add Board Part xilinx.com:zcu1275:part0:1.0 available at /usr/local/vivado/2025.2/data/xhub/boards/XilinxBoardStore/boards/Xilinx/zcu1275/1.0/board.xml as part xczu29dr-ffvf1760-2-e specified in board_part file is either invalid or not available
WARNING: [Board 49-26] cannot add Board Part xilinx.com:zcu1285:part0:1.0 available at /usr/local/vivado/2025.2/data/xhub/boards/XilinxBoardStore/boards/Xilinx/zcu1285/1.0/board.xml as part xczu39dr-ffvf1760-2-i specified in board_part file is either invalid or not available
WARNING: [Board 49-26] cannot add Board Part xilinx.com:zcu208:part0:2.0 available at /usr/local/vivado/2025.2/data/xhub/boards/XilinxBoardStore/boards/Xilinx/zcu208/production/2.0/board.xml as part xczu48dr-fsvg1517-2-e specified in board_part file is either invalid or not available
WARNING: [Board 49-26] cannot add Board Part xilinx.com:zcu208ld:part0:2.0 available at /usr/local/vivado/2025.2/data/xhub/boards/XilinxBoardStore/boards/Xilinx/zcu208ld/production/2.0/board.xml as part xczu58dr-fsvg1517-2-i specified in board_part file is either invalid or not available
WARNING: [Board 49-26] cannot add Board Part xilinx.com:zcu216:part0:2.0 available at /usr/local/vivado/2025.2/data/xhub/boards/XilinxBoardStore/boards/Xilinx/zcu216/production/2.0/board.xml as part xczu49dr-ffvf1760-2-e specified in board_part file is either invalid or not available
WARNING: [Board 49-26] cannot add Board Part xilinx.com:zcu216ld:part0:2.0 available at /usr/local/vivado/2025.2/data/xhub/boards/XilinxBoardStore/boards/Xilinx/zcu216ld/production/2.0/board.xml as part xczu59dr-ffvf1760-2-i specified in board_part file is either invalid or not available
WARNING: [Board 49-26] cannot add Board Part xilinx.com:zcu670:part0:2.0 available at /usr/local/vivado/2025.2/data/xhub/boards/XilinxBoardStore/boards/Xilinx/zcu670/2.0/board.xml as part xczu67dr-fsve1156-2-i specified in board_part file is either invalid or not available
WARNING: [Board 49-26] cannot add Board Part xilinx.com:zcu670ld:part0:1.0 available at /usr/local/vivado/2025.2/data/xhub/boards/XilinxBoardStore/boards/Xilinx/zcu670ld/1.0/board.xml as part xczu57dr-fsve1156-2-i specified in board_part file is either invalid or not available
WARNING: [Project 1-5713] Board part '' set for the project  is not found. BoardPart property will be unset. Please select board from latest repo build 
INFO: [IP_Flow 19-234] Refreshing IP repositories
INFO: [IP_Flow 19-1704] No user IP repositories specified
INFO: [IP_Flow 19-2313] Loaded Vivado IP repository '/usr/local/vivado/2025.2/data/ip'.
# set droop_src "$script_dir/src/libresdr_b210.srcs/sources_1/imports/lib/dsp/cic_droop_comp.v"
# if {[file exists $droop_src]} {
#     set existing [get_files -quiet *cic_droop_comp.v]
#     if {$existing eq ""} {
#         log "Adding cic_droop_comp.v to project..."
#         add_files -norecurse $droop_src
#         set_property file_type {Verilog} [get_files $droop_src]
#     }
# }
# log "Checking IP status..."
[14:13:56] Checking IP status...
WARNING: [Coretcl 2-176] No IPs found
# set locked_ips [get_ips -filter {IS_LOCKED == 1}]
# if {[llength $locked_ips] > 0} {
#     log "Upgrading [llength $locked_ips] locked IP(s): $locked_ips"
#     upgrade_ip -quiet $locked_ips
# }
# log "Generating IP output products..."
[14:13:56] Generating IP output products...
# set all_ips [get_ips]
# if {[llength $all_ips] > 0} {
#     generate_target all $all_ips
#     export_ip_user_files -of_objects $all_ips -no_script -sync -force -quiet
#     log "IP generation done."
# }
[14:13:56] IP generation done.
# log "Starting synthesis (strategy: Vivado Default)..."
[14:13:56] Starting synthesis (strategy: Vivado Default)...
# reset_run synth_1
# set_property strategy {Vivado Synthesis Defaults} [get_runs synth_1]
# launch_runs synth_1 -jobs 8
[Fri Jul  3 14:13:57 2026] Launched synth_1...
Run output will be captured here: /home/f4tnk/dev/LibreSDR_UHD_B220_Mini_FPGA/src/libresdr_b210.runs/synth_1/runme.log
# wait_on_run synth_1
[Fri Jul  3 14:13:57 2026] Waiting for synth_1 to finish...

*** Running vivado
    with args -log libresdr_b210.vds -m64 -product Vivado -mode batch -messageDb vivado.pb -notrace -source libresdr_b210.tcl


****** Vivado v2025.2 (64-bit)
  **** SW Build 6299465 on Fri Nov 14 12:34:56 MST 2025
  **** IP Build 6300035 on Fri Nov 14 10:48:45 MST 2025
  **** SharedData Build 6298862 on Thu Nov 13 04:50:51 MST 2025
  **** Start of session at: Fri Jul  3 14:13:59 2026
    ** Copyright 1986-2022 Xilinx, Inc. All Rights Reserved.
    ** Copyright 2022-2025 Advanced Micro Devices, Inc. All Rights Reserved.

source libresdr_b210.tcl -notrace
WARNING: [filemgmt 56-609] '/home/f4tnk/dev/LibreSDR_UHD_B220_Mini_FPGA/src/libresdr_b210.srcs/sources_1/imports/lib/ngc/hbdec2.ngc' file is used.
'.ngc'/'.ngo' file format will not be supported in later releases, please use '.edf' instead.
WARNING: [filemgmt 56-609] '/home/f4tnk/dev/LibreSDR_UHD_B220_Mini_FPGA/src/libresdr_b210.srcs/sources_1/imports/lib/ngc/hbdec1.ngc' file is used.
'.ngc'/'.ngo' file format will not be supported in later releases, please use '.edf' instead.
Command: synth_design -top libresdr_b210 -part xc7a200tfbg484-2
Starting synth_design
Attempting to get a license for feature 'Synthesis' and/or device 'xc7a200t'
INFO: [Common 17-349] Got license for feature 'Synthesis' and/or device 'xc7a200t'
INFO: [Device 21-403] Loading part xc7a200tfbg484-2
INFO: [Synth 8-7079] Multithreading enabled for synth_design using a maximum of 7 processes.
INFO: [Synth 8-7078] Launching helper process for spawning children vivado processes
INFO: [Synth 8-7075] Helper process launched with PID 293355
---------------------------------------------------------------------------------
Starting RTL Elaboration : Time (s): cpu = 00:00:03 ; elapsed = 00:00:03 . Memory (MB): peak = 2237.797 ; gain = 481.188 ; free physical = 7457 ; free virtual = 18019
---------------------------------------------------------------------------------
WARNING: [Synth 8-10929] literal value 'hff truncated to fit in 7 bits [/home/f4tnk/dev/LibreSDR_UHD_B220_Mini_FPGA/src/libresdr_b210.srcs/sources_1/imports/lib/dsp/add_then_mac.v:45]
WARNING: [Synth 8-10929] literal value 'hff truncated to fit in 7 bits [/home/f4tnk/dev/LibreSDR_UHD_B220_Mini_FPGA/src/libresdr_b210.srcs/sources_1/imports/lib/dsp/add_then_mac.v:46]
WARNING: [Synth 8-10714] extra semicolon is not allowed here in this dialect; use SystemVerilog mode instead [/home/f4tnk/dev/LibreSDR_UHD_B220_Mini_FPGA/src/libresdr_b210.srcs/sources_1/imports/lib/dsp/add_then_mac.v:118]
WARNING: [Synth 8-9400] empty statement in sequential block [/home/f4tnk/dev/LibreSDR_UHD_B220_Mini_FPGA/src/libresdr_b210.srcs/sources_1/imports/lib/control_200/cvita_uart.v:135]
WARNING: [Synth 8-10929] literal value 'h8000 truncated to fit in 15 bits [/home/f4tnk/dev/LibreSDR_UHD_B220_Mini_FPGA/src/libresdr_b210.srcs/sources_1/imports/lib/vita_200/float_to_iq.v:67]
WARNING: [Synth 8-6901] identifier 'slrd2' is used before its declaration [/home/f4tnk/dev/LibreSDR_UHD_B220_Mini_FPGA/src/libresdr_b210.srcs/sources_1/imports/lib/gpif2/gpif2_slave_fifo32.v:79]
INFO: [Synth 8-11241] undeclared symbol 'strobe_tx', assumed default net type 'wire' [/home/f4tnk/dev/LibreSDR_UHD_B220_Mini_FPGA/src/libresdr_b210.srcs/sources_1/imports/lib/radio_200/radio_legacy.v:387]
INFO: [Synth 8-6157] synthesizing module 'libresdr_b210' [/home/f4tnk/dev/LibreSDR_UHD_B220_Mini_FPGA/src/libresdr_b210.srcs/sources_1/imports/lib/esdr_b210/top/libresdr_b210.v:2]
INFO: [Synth 8-6157] synthesizing module 'gen_clks' [/home/f4tnk/dev/LibreSDR_UHD_B220_Mini_FPGA/src/libresdr_b210.runs/synth_1/.Xil/Vivado-293316-DESKTOP-ALL4L3F/realtime/gen_clks_stub.v:6]
INFO: [Synth 8-6155] done synthesizing module 'gen_clks' (0#1) [/home/f4tnk/dev/LibreSDR_UHD_B220_Mini_FPGA/src/libresdr_b210.runs/synth_1/.Xil/Vivado-293316-DESKTOP-ALL4L3F/realtime/gen_clks_stub.v:6]
INFO: [Synth 8-6157] synthesizing module 'reset_sync' [/home/f4tnk/dev/LibreSDR_UHD_B220_Mini_FPGA/src/libresdr_b210.srcs/sources_1/imports/lib/control/reset_sync.v:11]
INFO: [Synth 8-6157] synthesizing module 'synchronizer' [/home/f4tnk/dev/LibreSDR_UHD_B220_Mini_FPGA/src/libresdr_b210.srcs/sources_1/imports/lib/control/synchronizer.v:46]
	Parameter STAGES bound to: 10 - type: integer 
	Parameter INITIAL_VAL bound to: 1 - type: integer 
	Parameter FALSE_PATH_TO_IN bound to: 1 - type: integer 
INFO: [Synth 8-6157] synthesizing module 'synchronizer_impl' [/home/f4tnk/dev/LibreSDR_UHD_B220_Mini_FPGA/src/libresdr_b210.srcs/sources_1/imports/lib/control/synchronizer_impl.v:8]
	Parameter WIDTH bound to: 1 - type: integer 
	Parameter STAGES bound to: 10 - type: integer 
	Parameter INITIAL_VAL bound to: 1 - type: integer 
INFO: [Synth 8-6155] done synthesizing module 'synchronizer_impl' (0#1) [/home/f4tnk/dev/LibreSDR_UHD_B220_Mini_FPGA/src/libresdr_b210.srcs/sources_1/imports/lib/control/synchronizer_impl.v:8]
INFO: [Synth 8-6155] done synthesizing module 'synchronizer' (0#1) [/home/f4tnk/dev/LibreSDR_UHD_B220_Mini_FPGA/src/libresdr_b210.srcs/sources_1/imports/lib/control/synchronizer.v:46]
INFO: [Synth 8-6155] done synthesizing module 'reset_sync' (0#1) [/home/f4tnk/dev/LibreSDR_UHD_B220_Mini_FPGA/src/libresdr_b210.srcs/sources_1/imports/lib/control/reset_sync.v:11]
INFO: [Synth 8-6157] synthesizing module 'BUFG' [/usr/local/vivado/2025.2/Vivado/scripts/rt/data/unisim_comp.v:2678]
INFO: [Synth 8-6155] done synthesizing module 'BUFG' (0#1) [/usr/local/vivado/2025.2/Vivado/scripts/rt/data/unisim_comp.v:2678]
INFO: [Synth 8-6157] synthesizing module 'encpy' [/home/f4tnk/dev/LibreSDR_UHD_B220_Mini_FPGA/src/libresdr_b210.srcs/sources_1/new/encpy.v:23]
INFO: [Synth 8-6157] synthesizing module 'DNA_capture' [/home/f4tnk/dev/LibreSDR_UHD_B220_Mini_FPGA/src/libresdr_b210.srcs/sources_1/new/DNA_capture.v:1]
INFO: [Synth 8-6157] synthesizing module 'DNA_PORT' [/usr/local/vivado/2025.2/Vivado/scripts/rt/data/unisim_comp.v:47654]
	Parameter SIM_DNA_VALUE bound to: 57'b100100011010001010110011110001001101010111100110111101111 
INFO: [Synth 8-6155] done synthesizing module 'DNA_PORT' (0#1) [/usr/local/vivado/2025.2/Vivado/scripts/rt/data/unisim_comp.v:47654]
INFO: [Synth 8-6155] done synthesizing module 'DNA_capture' (0#1) [/home/f4tnk/dev/LibreSDR_UHD_B220_Mini_FPGA/src/libresdr_b210.srcs/sources_1/new/DNA_capture.v:1]
INFO: [Synth 8-6157] synthesizing module 'aes_cipher_top' [/home/f4tnk/dev/LibreSDR_UHD_B220_Mini_FPGA/src/libresdr_b210.srcs/sources_1/imports/HDL/AES-FPGA/aes_core/aes_cipher_top.v:62]
INFO: [Synth 8-6157] synthesizing module 'aes_key_expand_128' [/home/f4tnk/dev/LibreSDR_UHD_B220_Mini_FPGA/src/libresdr_b210.srcs/sources_1/imports/HDL/AES-FPGA/aes_core/aes_key_expand_128.v:62]
INFO: [Synth 8-6157] synthesizing module 'aes_sbox' [/home/f4tnk/dev/LibreSDR_UHD_B220_Mini_FPGA/src/libresdr_b210.srcs/sources_1/imports/HDL/AES-FPGA/aes_core/aes_sbox.v:62]
INFO: [Synth 8-6155] done synthesizing module 'aes_sbox' (0#1) [/home/f4tnk/dev/LibreSDR_UHD_B220_Mini_FPGA/src/libresdr_b210.srcs/sources_1/imports/HDL/AES-FPGA/aes_core/aes_sbox.v:62]
INFO: [Synth 8-6157] synthesizing module 'aes_rcon' [/home/f4tnk/dev/LibreSDR_UHD_B220_Mini_FPGA/src/libresdr_b210.srcs/sources_1/imports/HDL/AES-FPGA/aes_core/aes_rcon.v:62]
INFO: [Synth 8-6155] done synthesizing module 'aes_rcon' (0#1) [/home/f4tnk/dev/LibreSDR_UHD_B220_Mini_FPGA/src/libresdr_b210.srcs/sources_1/imports/HDL/AES-FPGA/aes_core/aes_rcon.v:62]
INFO: [Synth 8-6155] done synthesizing module 'aes_key_expand_128' (0#1) [/home/f4tnk/dev/LibreSDR_UHD_B220_Mini_FPGA/src/libresdr_b210.srcs/sources_1/imports/HDL/AES-FPGA/aes_core/aes_key_expand_128.v:62]
INFO: [Synth 8-6155] done synthesizing module 'aes_cipher_top' (0#1) [/home/f4tnk/dev/LibreSDR_UHD_B220_Mini_FPGA/src/libresdr_b210.srcs/sources_1/imports/HDL/AES-FPGA/aes_core/aes_cipher_top.v:62]
INFO: [Synth 8-6157] synthesizing module 'eeprom' [/home/f4tnk/dev/LibreSDR_UHD_B220_Mini_FPGA/src/libresdr_b210.srcs/sources_1/imports/HDL/Verilog_i2c_eeprom/eeprom.v:8]
INFO: [Synth 8-6157] synthesizing module 'iic_control' [/home/f4tnk/dev/LibreSDR_UHD_B220_Mini_FPGA/src/libresdr_b210.srcs/sources_1/imports/HDL/Verilog_i2c_eeprom/iic_control.v:8]
INFO: [Synth 8-155] case statement is not full and has no default [/home/f4tnk/dev/LibreSDR_UHD_B220_Mini_FPGA/src/libresdr_b210.srcs/sources_1/imports/HDL/Verilog_i2c_eeprom/iic_control.v:56]
INFO: [Synth 8-6155] done synthesizing module 'iic_control' (0#1) [/home/f4tnk/dev/LibreSDR_UHD_B220_Mini_FPGA/src/libresdr_b210.srcs/sources_1/imports/HDL/Verilog_i2c_eeprom/iic_control.v:8]
INFO: [Synth 8-6157] synthesizing module 'iic' [/home/f4tnk/dev/LibreSDR_UHD_B220_Mini_FPGA/src/libresdr_b210.srcs/sources_1/imports/HDL/Verilog_i2c_eeprom/iic.v:8]
INFO: [Synth 8-155] case statement is not full and has no default [/home/f4tnk/dev/LibreSDR_UHD_B220_Mini_FPGA/src/libresdr_b210.srcs/sources_1/imports/HDL/Verilog_i2c_eeprom/iic.v:49]
INFO: [Synth 8-155] case statement is not full and has no default [/home/f4tnk/dev/LibreSDR_UHD_B220_Mini_FPGA/src/libresdr_b210.srcs/sources_1/imports/HDL/Verilog_i2c_eeprom/iic.v:180]
INFO: [Synth 8-6155] done synthesizing module 'iic' (0#1) [/home/f4tnk/dev/LibreSDR_UHD_B220_Mini_FPGA/src/libresdr_b210.srcs/sources_1/imports/HDL/Verilog_i2c_eeprom/iic.v:8]
INFO: [Synth 8-6155] done synthesizing module 'eeprom' (0#1) [/home/f4tnk/dev/LibreSDR_UHD_B220_Mini_FPGA/src/libresdr_b210.srcs/sources_1/imports/HDL/Verilog_i2c_eeprom/eeprom.v:8]
INFO: [Synth 8-6155] done synthesizing module 'encpy' (0#1) [/home/f4tnk/dev/LibreSDR_UHD_B220_Mini_FPGA/src/libresdr_b210.srcs/sources_1/new/encpy.v:23]
INFO: [Synth 8-6157] synthesizing module 'clk_wiz_0' [/home/f4tnk/dev/LibreSDR_UHD_B220_Mini_FPGA/src/libresdr_b210.runs/synth_1/.Xil/Vivado-293316-DESKTOP-ALL4L3F/realtime/clk_wiz_0_stub.v:6]
INFO: [Synth 8-6155] done synthesizing module 'clk_wiz_0' (0#1) [/home/f4tnk/dev/LibreSDR_UHD_B220_Mini_FPGA/src/libresdr_b210.runs/synth_1/.Xil/Vivado-293316-DESKTOP-ALL4L3F/realtime/clk_wiz_0_stub.v:6]
INFO: [Synth 8-6157] synthesizing module 'b205_ref_pll' [/home/f4tnk/dev/LibreSDR_UHD_B220_Mini_FPGA/src/libresdr_b210.srcs/sources_1/imports/lib/esdr_b210/top/b205_ref_pll.v:7]
INFO: [Synth 8-155] case statement is not full and has no default [/home/f4tnk/dev/LibreSDR_UHD_B220_Mini_FPGA/src/libresdr_b210.srcs/sources_1/imports/lib/esdr_b210/top/b205_ref_pll.v:234]
INFO: [Synth 8-6157] synthesizing module 'DACx311_auto_spi' [/home/f4tnk/dev/LibreSDR_UHD_B220_Mini_FPGA/src/libresdr_b210.srcs/sources_1/imports/lib/esdr_b210/top/DACx311_auto_spi.v:13]
INFO: [Synth 8-6155] done synthesizing module 'DACx311_auto_spi' (0#1) [/home/f4tnk/dev/LibreSDR_UHD_B220_Mini_FPGA/src/libresdr_b210.srcs/sources_1/imports/lib/esdr_b210/top/DACx311_auto_spi.v:13]
INFO: [Synth 8-6155] done synthesizing module 'b205_ref_pll' (0#1) [/home/f4tnk/dev/LibreSDR_UHD_B220_Mini_FPGA/src/libresdr_b210.srcs/sources_1/imports/lib/esdr_b210/top/b205_ref_pll.v:7]
INFO: [Synth 8-6157] synthesizing module 'libresdr_b205_io' [/home/f4tnk/dev/LibreSDR_UHD_B220_Mini_FPGA/src/libresdr_b210.srcs/sources_1/imports/lib/cat_io/libresdr_b205_io.v:8]
INFO: [Synth 8-6157] synthesizing module 'IDDR' [/usr/local/vivado/2025.2/Vivado/scripts/rt/data/unisim_comp.v:84974]
	Parameter DDR_CLK_EDGE bound to: SAME_EDGE - type: string 
INFO: [Synth 8-6155] done synthesizing module 'IDDR' (0#1) [/usr/local/vivado/2025.2/Vivado/scripts/rt/data/unisim_comp.v:84974]
INFO: [Synth 8-6157] synthesizing module 'ODDR' [/usr/local/vivado/2025.2/Vivado/scripts/rt/data/unisim_comp.v:117225]
	Parameter DDR_CLK_EDGE bound to: SAME_EDGE - type: string 
INFO: [Synth 8-6155] done synthesizing module 'ODDR' (0#1) [/usr/local/vivado/2025.2/Vivado/scripts/rt/data/unisim_comp.v:117225]
INFO: [Synth 8-6157] synthesizing module 'synchronizer__parameterized0' [/home/f4tnk/dev/LibreSDR_UHD_B220_Mini_FPGA/src/libresdr_b210.srcs/sources_1/imports/lib/control/synchronizer.v:46]
	Parameter STAGES bound to: 3 - type: integer 
	Parameter INITIAL_VAL bound to: 1'b1 
INFO: [Synth 8-6157] synthesizing module 'synchronizer_impl__parameterized0' [/home/f4tnk/dev/LibreSDR_UHD_B220_Mini_FPGA/src/libresdr_b210.srcs/sources_1/imports/lib/control/synchronizer_impl.v:8]
	Parameter WIDTH bound to: 1 - type: integer 
	Parameter STAGES bound to: 3 - type: integer 
	Parameter INITIAL_VAL bound to: 1'b1 
INFO: [Synth 8-6155] done synthesizing module 'synchronizer_impl__parameterized0' (0#1) [/home/f4tnk/dev/LibreSDR_UHD_B220_Mini_FPGA/src/libresdr_b210.srcs/sources_1/imports/lib/control/synchronizer_impl.v:8]
INFO: [Synth 8-6155] done synthesizing module 'synchronizer__parameterized0' (0#1) [/home/f4tnk/dev/LibreSDR_UHD_B220_Mini_FPGA/src/libresdr_b210.srcs/sources_1/imports/lib/control/synchronizer.v:46]
INFO: [Synth 8-6157] synthesizing module 'synchronizer__parameterized1' [/home/f4tnk/dev/LibreSDR_UHD_B220_Mini_FPGA/src/libresdr_b210.srcs/sources_1/imports/lib/control/synchronizer.v:46]
INFO: [Synth 8-6157] synthesizing module 'synchronizer_impl__parameterized1' [/home/f4tnk/dev/LibreSDR_UHD_B220_Mini_FPGA/src/libresdr_b210.srcs/sources_1/imports/lib/control/synchronizer_impl.v:8]
	Parameter WIDTH bound to: 1 - type: integer 
	Parameter STAGES bound to: 2 - type: integer 
	Parameter INITIAL_VAL bound to: 0 - type: integer 
INFO: [Synth 8-6155] done synthesizing module 'synchronizer_impl__parameterized1' (0#1) [/home/f4tnk/dev/LibreSDR_UHD_B220_Mini_FPGA/src/libresdr_b210.srcs/sources_1/imports/lib/control/synchronizer_impl.v:8]
INFO: [Synth 8-6155] done synthesizing module 'synchronizer__parameterized1' (0#1) [/home/f4tnk/dev/LibreSDR_UHD_B220_Mini_FPGA/src/libresdr_b210.srcs/sources_1/imports/lib/control/synchronizer.v:46]
INFO: [Synth 8-6157] synthesizing module 'BUFR' [/usr/local/vivado/2025.2/Vivado/scripts/rt/data/unisim_comp.v:3017]
INFO: [Synth 8-6155] done synthesizing module 'BUFR' (0#1) [/usr/local/vivado/2025.2/Vivado/scripts/rt/data/unisim_comp.v:3017]
WARNING: [Synth 8-7071] port 'CE' of module 'BUFR' is unconnected for instance 'bufr_rx_clk' [/home/f4tnk/dev/LibreSDR_UHD_B220_Mini_FPGA/src/libresdr_b210.srcs/sources_1/imports/lib/cat_io/libresdr_b205_io.v:46]
WARNING: [Synth 8-7071] port 'CLR' of module 'BUFR' is unconnected for instance 'bufr_rx_clk' [/home/f4tnk/dev/LibreSDR_UHD_B220_Mini_FPGA/src/libresdr_b210.srcs/sources_1/imports/lib/cat_io/libresdr_b205_io.v:46]
WARNING: [Synth 8-7023] instance 'bufr_rx_clk' of module 'BUFR' has 4 connections declared, but only 2 given [/home/f4tnk/dev/LibreSDR_UHD_B220_Mini_FPGA/src/libresdr_b210.srcs/sources_1/imports/lib/cat_io/libresdr_b205_io.v:46]
INFO: [Synth 8-6157] synthesizing module 'BUFR__parameterized0' [/usr/local/vivado/2025.2/Vivado/scripts/rt/data/unisim_comp.v:3017]
	Parameter BUFR_DIVIDE bound to: 2 - type: string 
	Parameter SIM_DEVICE bound to: 7SERIES - type: string 
INFO: [Synth 8-6155] done synthesizing module 'BUFR__parameterized0' (0#1) [/usr/local/vivado/2025.2/Vivado/scripts/rt/data/unisim_comp.v:3017]
INFO: [Synth 8-6157] synthesizing module 'BUFGMUX' [/usr/local/vivado/2025.2/Vivado/scripts/rt/data/unisim_comp.v:2779]
INFO: [Synth 8-6155] done synthesizing module 'BUFGMUX' (0#1) [/usr/local/vivado/2025.2/Vivado/scripts/rt/data/unisim_comp.v:2779]
INFO: [Synth 8-6155] done synthesizing module 'libresdr_b205_io' (0#1) [/home/f4tnk/dev/LibreSDR_UHD_B220_Mini_FPGA/src/libresdr_b210.srcs/sources_1/imports/lib/cat_io/libresdr_b205_io.v:8]
INFO: [Synth 8-6157] synthesizing module 'b200_core' [/home/f4tnk/dev/LibreSDR_UHD_B220_Mini_FPGA/src/libresdr_b210.srcs/sources_1/imports/lib/esdr_b210/top/b200_core.v:12]
	Parameter EXTRA_BUFF_SIZE bound to: 13 - type: integer 
INFO: [Synth 8-6157] synthesizing module 'pps_generator' [/home/f4tnk/dev/LibreSDR_UHD_B220_Mini_FPGA/src/libresdr_b210.srcs/sources_1/imports/lib/timing/pps_generator.v:8]
	Parameter CLK_FREQ bound to: 100000000 - type: integer 
INFO: [Synth 8-6155] done synthesizing module 'pps_generator' (0#1) [/home/f4tnk/dev/LibreSDR_UHD_B220_Mini_FPGA/src/libresdr_b210.srcs/sources_1/imports/lib/timing/pps_generator.v:8]
INFO: [Synth 8-6157] synthesizing module 'axi_mux4' [/home/f4tnk/dev/LibreSDR_UHD_B220_Mini_FPGA/src/libresdr_b210.srcs/sources_1/imports/lib/fifo/axi_mux4.v:10]
	Parameter WIDTH bound to: 64 - type: integer 
	Parameter BUFFER bound to: 1 - type: integer 
INFO: [Synth 8-6157] synthesizing module 'axi_fifo_flop2' [/home/f4tnk/dev/LibreSDR_UHD_B220_Mini_FPGA/src/libresdr_b210.srcs/sources_1/imports/lib/fifo/axi_fifo_flop2.v:14]
	Parameter WIDTH bound to: 65 - type: integer 
INFO: [Synth 8-6155] done synthesizing module 'axi_fifo_flop2' (0#1) [/home/f4tnk/dev/LibreSDR_UHD_B220_Mini_FPGA/src/libresdr_b210.srcs/sources_1/imports/lib/fifo/axi_fifo_flop2.v:14]
INFO: [Synth 8-6155] done synthesizing module 'axi_mux4' (0#1) [/home/f4tnk/dev/LibreSDR_UHD_B220_Mini_FPGA/src/libresdr_b210.srcs/sources_1/imports/lib/fifo/axi_mux4.v:10]
INFO: [Synth 8-6157] synthesizing module 'axi_demux4' [/home/f4tnk/dev/LibreSDR_UHD_B220_Mini_FPGA/src/libresdr_b210.srcs/sources_1/imports/lib/fifo/axi_demux4.v:10]
	Parameter ACTIVE_CHAN bound to: 4'b1111 
	Parameter WIDTH bound to: 64 - type: integer 
	Parameter BUFFER bound to: 1 - type: integer 
INFO: [Synth 8-6155] done synthesizing module 'axi_demux4' (0#1) [/home/f4tnk/dev/LibreSDR_UHD_B220_Mini_FPGA/src/libresdr_b210.srcs/sources_1/imports/lib/fifo/axi_demux4.v:10]
INFO: [Synth 8-6157] synthesizing module 'axi_fifo' [/home/f4tnk/dev/LibreSDR_UHD_B220_Mini_FPGA/src/libresdr_b210.srcs/sources_1/imports/lib/fifo/axi_fifo.v:17]
	Parameter WIDTH bound to: 65 - type: integer 
	Parameter SIZE bound to: 5 - type: integer 
INFO: [Synth 8-6157] synthesizing module 'axi_fifo_short' [/home/f4tnk/dev/LibreSDR_UHD_B220_Mini_FPGA/src/libresdr_b210.srcs/sources_1/imports/lib/fifo/axi_fifo_short.v:14]
	Parameter WIDTH bound to: 65 - type: integer 
INFO: [Synth 8-6157] synthesizing module 'SRLC32E' [/usr/local/vivado/2025.2/Vivado/scripts/rt/data/unisim_comp.v:165484]
INFO: [Synth 8-6155] done synthesizing module 'SRLC32E' (0#1) [/usr/local/vivado/2025.2/Vivado/scripts/rt/data/unisim_comp.v:165484]
INFO: [Synth 8-6155] done synthesizing module 'axi_fifo_short' (0#1) [/home/f4tnk/dev/LibreSDR_UHD_B220_Mini_FPGA/src/libresdr_b210.srcs/sources_1/imports/lib/fifo/axi_fifo_short.v:14]
INFO: [Synth 8-6155] done synthesizing module 'axi_fifo' (0#1) [/home/f4tnk/dev/LibreSDR_UHD_B220_Mini_FPGA/src/libresdr_b210.srcs/sources_1/imports/lib/fifo/axi_fifo.v:17]
INFO: [Synth 8-6157] synthesizing module 'cvita_uart' [/home/f4tnk/dev/LibreSDR_UHD_B220_Mini_FPGA/src/libresdr_b210.srcs/sources_1/imports/lib/control_200/cvita_uart.v:12]
	Parameter SIZE bound to: 7 - type: integer 
INFO: [Synth 8-6157] synthesizing module 'simple_uart_rx' [/home/f4tnk/dev/LibreSDR_UHD_B220_Mini_FPGA/src/libresdr_b210.srcs/sources_1/imports/lib/wishbone/simple_uart_rx.v:11]
	Parameter SIZE bound to: 7 - type: integer 
INFO: [Synth 8-6157] synthesizing module 'axi_fifo__parameterized0' [/home/f4tnk/dev/LibreSDR_UHD_B220_Mini_FPGA/src/libresdr_b210.srcs/sources_1/imports/lib/fifo/axi_fifo.v:17]
	Parameter WIDTH bound to: 8 - type: integer 
	Parameter SIZE bound to: 7 - type: integer 
INFO: [Synth 8-6157] synthesizing module 'axi_fifo_bram' [/home/f4tnk/dev/LibreSDR_UHD_B220_Mini_FPGA/src/libresdr_b210.srcs/sources_1/imports/lib/fifo/axi_fifo_bram.v:13]
	Parameter WIDTH bound to: 8 - type: integer 
	Parameter SIZE bound to: 7 - type: integer 
INFO: [Synth 8-6157] synthesizing module 'ram_2port' [/home/f4tnk/dev/LibreSDR_UHD_B220_Mini_FPGA/src/libresdr_b210.srcs/sources_1/imports/lib/control/ram_2port.v:54]
	Parameter DWIDTH bound to: 8 - type: integer 
	Parameter AWIDTH bound to: 7 - type: integer 
INFO: [Synth 8-6157] synthesizing module 'ram_2port_impl_auto' [/home/f4tnk/dev/LibreSDR_UHD_B220_Mini_FPGA/src/libresdr_b210.srcs/sources_1/imports/lib/control/ram_2port_impl.vh:10]
	Parameter DWIDTH bound to: 8 - type: integer 
	Parameter AWIDTH bound to: 7 - type: integer 
	Parameter RW_MODE bound to: READ-FIRST - type: string 
	Parameter OUT_REG bound to: 0 - type: integer 
	Parameter INIT_FILE bound to: (null) - type: string 
INFO: [Synth 8-6155] done synthesizing module 'ram_2port_impl_auto' (0#1) [/home/f4tnk/dev/LibreSDR_UHD_B220_Mini_FPGA/src/libresdr_b210.srcs/sources_1/imports/lib/control/ram_2port_impl.vh:10]
INFO: [Synth 8-6155] done synthesizing module 'ram_2port' (0#1) [/home/f4tnk/dev/LibreSDR_UHD_B220_Mini_FPGA/src/libresdr_b210.srcs/sources_1/imports/lib/control/ram_2port.v:54]
INFO: [Synth 8-155] case statement is not full and has no default [/home/f4tnk/dev/LibreSDR_UHD_B220_Mini_FPGA/src/libresdr_b210.srcs/sources_1/imports/lib/fifo/axi_fifo_bram.v:85]
INFO: [Synth 8-6155] done synthesizing module 'axi_fifo_bram' (0#1) [/home/f4tnk/dev/LibreSDR_UHD_B220_Mini_FPGA/src/libresdr_b210.srcs/sources_1/imports/lib/fifo/axi_fifo_bram.v:13]
INFO: [Synth 8-6155] done synthesizing module 'axi_fifo__parameterized0' (0#1) [/home/f4tnk/dev/LibreSDR_UHD_B220_Mini_FPGA/src/libresdr_b210.srcs/sources_1/imports/lib/fifo/axi_fifo.v:17]
INFO: [Synth 8-6155] done synthesizing module 'simple_uart_rx' (0#1) [/home/f4tnk/dev/LibreSDR_UHD_B220_Mini_FPGA/src/libresdr_b210.srcs/sources_1/imports/lib/wishbone/simple_uart_rx.v:11]
INFO: [Synth 8-6157] synthesizing module 'context_packet_gen' [/home/f4tnk/dev/LibreSDR_UHD_B220_Mini_FPGA/src/libresdr_b210.srcs/sources_1/imports/lib/vita_200/context_packet_gen.v:8]
INFO: [Synth 8-6155] done synthesizing module 'context_packet_gen' (0#1) [/home/f4tnk/dev/LibreSDR_UHD_B220_Mini_FPGA/src/libresdr_b210.srcs/sources_1/imports/lib/vita_200/context_packet_gen.v:8]
INFO: [Synth 8-6157] synthesizing module 'simple_uart_tx' [/home/f4tnk/dev/LibreSDR_UHD_B220_Mini_FPGA/src/libresdr_b210.srcs/sources_1/imports/lib/wishbone/simple_uart_tx.v:10]
	Parameter SIZE bound to: 7 - type: integer 
INFO: [Synth 8-6155] done synthesizing module 'simple_uart_tx' (0#1) [/home/f4tnk/dev/LibreSDR_UHD_B220_Mini_FPGA/src/libresdr_b210.srcs/sources_1/imports/lib/wishbone/simple_uart_tx.v:10]
INFO: [Synth 8-6155] done synthesizing module 'cvita_uart' (0#1) [/home/f4tnk/dev/LibreSDR_UHD_B220_Mini_FPGA/src/libresdr_b210.srcs/sources_1/imports/lib/control_200/cvita_uart.v:12]
INFO: [Synth 8-6157] synthesizing module 'radio_ctrl_proc' [/home/f4tnk/dev/LibreSDR_UHD_B220_Mini_FPGA/src/libresdr_b210.srcs/sources_1/imports/lib/control_200/radio_ctrl_proc.v:28]
INFO: [Synth 8-6157] synthesizing module 'time_compare' [/home/f4tnk/dev/LibreSDR_UHD_B220_Mini_FPGA/src/libresdr_b210.srcs/sources_1/imports/lib/timing/time_compare.v:15]
INFO: [Synth 8-6155] done synthesizing module 'time_compare' (0#1) [/home/f4tnk/dev/LibreSDR_UHD_B220_Mini_FPGA/src/libresdr_b210.srcs/sources_1/imports/lib/timing/time_compare.v:15]
INFO: [Synth 8-6155] done synthesizing module 'radio_ctrl_proc' (0#1) [/home/f4tnk/dev/LibreSDR_UHD_B220_Mini_FPGA/src/libresdr_b210.srcs/sources_1/imports/lib/control_200/radio_ctrl_proc.v:28]
INFO: [Synth 8-6157] synthesizing module 'setting_reg' [/home/f4tnk/dev/LibreSDR_UHD_B220_Mini_FPGA/src/libresdr_b210.srcs/sources_1/imports/lib/control/setting_reg.v:15]
	Parameter my_addr bound to: 8'b00010000 
	Parameter awidth bound to: 8 - type: integer 
	Parameter width bound to: 32 - type: integer 
	Parameter at_reset bound to: 8'b00000000 
INFO: [Synth 8-6155] done synthesizing module 'setting_reg' (0#1) [/home/f4tnk/dev/LibreSDR_UHD_B220_Mini_FPGA/src/libresdr_b210.srcs/sources_1/imports/lib/control/setting_reg.v:15]
INFO: [Synth 8-6157] synthesizing module 'setting_reg__parameterized0' [/home/f4tnk/dev/LibreSDR_UHD_B220_Mini_FPGA/src/libresdr_b210.srcs/sources_1/imports/lib/control/setting_reg.v:15]
	Parameter my_addr bound to: 8'b00100000 
	Parameter awidth bound to: 8 - type: integer 
	Parameter width bound to: 2 - type: integer 
INFO: [Synth 8-6155] done synthesizing module 'setting_reg__parameterized0' (0#1) [/home/f4tnk/dev/LibreSDR_UHD_B220_Mini_FPGA/src/libresdr_b210.srcs/sources_1/imports/lib/control/setting_reg.v:15]
INFO: [Synth 8-6157] synthesizing module 'setting_reg__parameterized1' [/home/f4tnk/dev/LibreSDR_UHD_B220_Mini_FPGA/src/libresdr_b210.srcs/sources_1/imports/lib/control/setting_reg.v:15]
	Parameter my_addr bound to: 8'b00101000 
	Parameter awidth bound to: 8 - type: integer 
	Parameter width bound to: 8 - type: integer 
INFO: [Synth 8-6155] done synthesizing module 'setting_reg__parameterized1' (0#1) [/home/f4tnk/dev/LibreSDR_UHD_B220_Mini_FPGA/src/libresdr_b210.srcs/sources_1/imports/lib/control/setting_reg.v:15]
INFO: [Synth 8-6157] synthesizing module 'setting_reg__parameterized2' [/home/f4tnk/dev/LibreSDR_UHD_B220_Mini_FPGA/src/libresdr_b210.srcs/sources_1/imports/lib/control/setting_reg.v:15]
	Parameter my_addr bound to: 8'b00110000 
	Parameter awidth bound to: 8 - type: integer 
	Parameter width bound to: 3 - type: integer 
INFO: [Synth 8-6155] done synthesizing module 'setting_reg__parameterized2' (0#1) [/home/f4tnk/dev/LibreSDR_UHD_B220_Mini_FPGA/src/libresdr_b210.srcs/sources_1/imports/lib/control/setting_reg.v:15]
INFO: [Synth 8-6157] synthesizing module 'simple_spi_core' [/home/f4tnk/dev/LibreSDR_UHD_B220_Mini_FPGA/src/libresdr_b210.srcs/sources_1/imports/lib/control/simple_spi_core.v:35]
	Parameter BASE bound to: 8'b00001000 
	Parameter WIDTH bound to: 8 - type: integer 
	Parameter CLK_IDLE bound to: 0 - type: integer 
	Parameter SEN_IDLE bound to: 8'b11111111 
INFO: [Synth 8-6157] synthesizing module 'setting_reg__parameterized3' [/home/f4tnk/dev/LibreSDR_UHD_B220_Mini_FPGA/src/libresdr_b210.srcs/sources_1/imports/lib/control/setting_reg.v:15]
	Parameter my_addr bound to: 8 - type: integer 
	Parameter width bound to: 16 - type: integer 
INFO: [Synth 8-6155] done synthesizing module 'setting_reg__parameterized3' (0#1) [/home/f4tnk/dev/LibreSDR_UHD_B220_Mini_FPGA/src/libresdr_b210.srcs/sources_1/imports/lib/control/setting_reg.v:15]
INFO: [Synth 8-6157] synthesizing module 'setting_reg__parameterized4' [/home/f4tnk/dev/LibreSDR_UHD_B220_Mini_FPGA/src/libresdr_b210.srcs/sources_1/imports/lib/control/setting_reg.v:15]
	Parameter my_addr bound to: 9 - type: integer 
	Parameter width bound to: 32 - type: integer 
INFO: [Synth 8-6155] done synthesizing module 'setting_reg__parameterized4' (0#1) [/home/f4tnk/dev/LibreSDR_UHD_B220_Mini_FPGA/src/libresdr_b210.srcs/sources_1/imports/lib/control/setting_reg.v:15]
INFO: [Synth 8-6157] synthesizing module 'setting_reg__parameterized5' [/home/f4tnk/dev/LibreSDR_UHD_B220_Mini_FPGA/src/libresdr_b210.srcs/sources_1/imports/lib/control/setting_reg.v:15]
	Parameter my_addr bound to: 10 - type: integer 
	Parameter width bound to: 32 - type: integer 
INFO: [Synth 8-6155] done synthesizing module 'setting_reg__parameterized5' (0#1) [/home/f4tnk/dev/LibreSDR_UHD_B220_Mini_FPGA/src/libresdr_b210.srcs/sources_1/imports/lib/control/setting_reg.v:15]
INFO: [Synth 8-6155] done synthesizing module 'simple_spi_core' (0#1) [/home/f4tnk/dev/LibreSDR_UHD_B220_Mini_FPGA/src/libresdr_b210.srcs/sources_1/imports/lib/control/simple_spi_core.v:35]
WARNING: [Synth 8-7071] port 'readback_stb' of module 'simple_spi_core' is unconnected for instance 'misc_spi' [/home/f4tnk/dev/LibreSDR_UHD_B220_Mini_FPGA/src/libresdr_b210.srcs/sources_1/imports/lib/esdr_b210/top/b200_core.v:234]
WARNING: [Synth 8-7023] instance 'misc_spi' of module 'simple_spi_core' has 13 connections declared, but only 12 given [/home/f4tnk/dev/LibreSDR_UHD_B220_Mini_FPGA/src/libresdr_b210.srcs/sources_1/imports/lib/esdr_b210/top/b200_core.v:234]
INFO: [Synth 8-226] default block is never used [/home/f4tnk/dev/LibreSDR_UHD_B220_Mini_FPGA/src/libresdr_b210.srcs/sources_1/imports/lib/esdr_b210/top/b200_core.v:242]
INFO: [Synth 8-6157] synthesizing module 'axi_fifo__parameterized1' [/home/f4tnk/dev/LibreSDR_UHD_B220_Mini_FPGA/src/libresdr_b210.srcs/sources_1/imports/lib/fifo/axi_fifo.v:17]
	Parameter WIDTH bound to: 65 - type: integer 
	Parameter SIZE bound to: 13 - type: integer 
INFO: [Synth 8-6157] synthesizing module 'axi_fifo_bram__parameterized0' [/home/f4tnk/dev/LibreSDR_UHD_B220_Mini_FPGA/src/libresdr_b210.srcs/sources_1/imports/lib/fifo/axi_fifo_bram.v:13]
	Parameter WIDTH bound to: 65 - type: integer 
	Parameter SIZE bound to: 13 - type: integer 
INFO: [Synth 8-6157] synthesizing module 'ram_2port__parameterized0' [/home/f4tnk/dev/LibreSDR_UHD_B220_Mini_FPGA/src/libresdr_b210.srcs/sources_1/imports/lib/control/ram_2port.v:54]
	Parameter DWIDTH bound to: 65 - type: integer 
	Parameter AWIDTH bound to: 13 - type: integer 
INFO: [Synth 8-6157] synthesizing module 'ram_2port_impl_auto__parameterized0' [/home/f4tnk/dev/LibreSDR_UHD_B220_Mini_FPGA/src/libresdr_b210.srcs/sources_1/imports/lib/control/ram_2port_impl.vh:10]
	Parameter DWIDTH bound to: 65 - type: integer 
	Parameter AWIDTH bound to: 13 - type: integer 
	Parameter RW_MODE bound to: READ-FIRST - type: string 
	Parameter OUT_REG bound to: 0 - type: integer 
	Parameter INIT_FILE bound to: (null) - type: string 
INFO: [Synth 8-6155] done synthesizing module 'ram_2port_impl_auto__parameterized0' (0#1) [/home/f4tnk/dev/LibreSDR_UHD_B220_Mini_FPGA/src/libresdr_b210.srcs/sources_1/imports/lib/control/ram_2port_impl.vh:10]
INFO: [Synth 8-6155] done synthesizing module 'ram_2port__parameterized0' (0#1) [/home/f4tnk/dev/LibreSDR_UHD_B220_Mini_FPGA/src/libresdr_b210.srcs/sources_1/imports/lib/control/ram_2port.v:54]
INFO: [Synth 8-155] case statement is not full and has no default [/home/f4tnk/dev/LibreSDR_UHD_B220_Mini_FPGA/src/libresdr_b210.srcs/sources_1/imports/lib/fifo/axi_fifo_bram.v:85]
INFO: [Synth 8-6155] done synthesizing module 'axi_fifo_bram__parameterized0' (0#1) [/home/f4tnk/dev/LibreSDR_UHD_B220_Mini_FPGA/src/libresdr_b210.srcs/sources_1/imports/lib/fifo/axi_fifo_bram.v:13]
INFO: [Synth 8-6155] done synthesizing module 'axi_fifo__parameterized1' (0#1) [/home/f4tnk/dev/LibreSDR_UHD_B220_Mini_FPGA/src/libresdr_b210.srcs/sources_1/imports/lib/fifo/axi_fifo.v:17]
WARNING: [Synth 8-7071] port 'space' of module 'axi_fifo' is unconnected for instance 'extra_rx_buff' [/home/f4tnk/dev/LibreSDR_UHD_B220_Mini_FPGA/src/libresdr_b210.srcs/sources_1/imports/lib/esdr_b210/top/b200_core.v:265]
WARNING: [Synth 8-7071] port 'occupied' of module 'axi_fifo' is unconnected for instance 'extra_rx_buff' [/home/f4tnk/dev/LibreSDR_UHD_B220_Mini_FPGA/src/libresdr_b210.srcs/sources_1/imports/lib/esdr_b210/top/b200_core.v:265]
WARNING: [Synth 8-7023] instance 'extra_rx_buff' of module 'axi_fifo' has 11 connections declared, but only 9 given [/home/f4tnk/dev/LibreSDR_UHD_B220_Mini_FPGA/src/libresdr_b210.srcs/sources_1/imports/lib/esdr_b210/top/b200_core.v:265]
WARNING: [Synth 8-7071] port 'space' of module 'axi_fifo' is unconnected for instance 'extra_tx_buff' [/home/f4tnk/dev/LibreSDR_UHD_B220_Mini_FPGA/src/libresdr_b210.srcs/sources_1/imports/lib/esdr_b210/top/b200_core.v:277]
WARNING: [Synth 8-7071] port 'occupied' of module 'axi_fifo' is unconnected for instance 'extra_tx_buff' [/home/f4tnk/dev/LibreSDR_UHD_B220_Mini_FPGA/src/libresdr_b210.srcs/sources_1/imports/lib/esdr_b210/top/b200_core.v:277]
WARNING: [Synth 8-7023] instance 'extra_tx_buff' of module 'axi_fifo' has 11 connections declared, but only 9 given [/home/f4tnk/dev/LibreSDR_UHD_B220_Mini_FPGA/src/libresdr_b210.srcs/sources_1/imports/lib/esdr_b210/top/b200_core.v:277]
INFO: [Synth 8-6157] synthesizing module 'axi_demux4__parameterized0' [/home/f4tnk/dev/LibreSDR_UHD_B220_Mini_FPGA/src/libresdr_b210.srcs/sources_1/imports/lib/fifo/axi_demux4.v:10]
	Parameter ACTIVE_CHAN bound to: 4'b0011 
	Parameter WIDTH bound to: 64 - type: integer 
	Parameter BUFFER bound to: 1 - type: integer 
INFO: [Synth 8-6155] done synthesizing module 'axi_demux4__parameterized0' (0#1) [/home/f4tnk/dev/LibreSDR_UHD_B220_Mini_FPGA/src/libresdr_b210.srcs/sources_1/imports/lib/fifo/axi_demux4.v:10]
INFO: [Synth 8-6157] synthesizing module 'radio_legacy' [/home/f4tnk/dev/LibreSDR_UHD_B220_Mini_FPGA/src/libresdr_b210.srcs/sources_1/imports/lib/radio_200/radio_legacy.v:12]
	Parameter RADIO_FIFO_SIZE bound to: 11 - type: integer 
	Parameter SAMPLE_FIFO_SIZE bound to: 11 - type: integer 
	Parameter FP_GPIO bound to: 1 - type: integer 
	Parameter NEW_HB_INTERP bound to: 1 - type: integer 
	Parameter NEW_HB_DECIM bound to: 1 - type: integer 
	Parameter SOURCE_FLOW_CONTROL bound to: 0 - type: integer 
	Parameter USER_SETTINGS bound to: 0 - type: integer 
	Parameter DEVICE bound to: 7SERIES - type: string 
INFO: [Synth 8-6157] synthesizing module 'gpio_atr' [/home/f4tnk/dev/LibreSDR_UHD_B220_Mini_FPGA/src/libresdr_b210.srcs/sources_1/imports/lib/control/gpio_atr.v:9]
	Parameter BASE bound to: 8'b11001000 
	Parameter WIDTH bound to: 10 - type: integer 
	Parameter FAB_CTRL_EN bound to: 0 - type: integer 
INFO: [Synth 8-6157] synthesizing module 'setting_reg__parameterized6' [/home/f4tnk/dev/LibreSDR_UHD_B220_Mini_FPGA/src/libresdr_b210.srcs/sources_1/imports/lib/control/setting_reg.v:15]
	Parameter my_addr bound to: 200 - type: integer 
	Parameter width bound to: 10 - type: integer 
	Parameter at_reset bound to: 0 - type: integer 
INFO: [Synth 8-6155] done synthesizing module 'setting_reg__parameterized6' (0#1) [/home/f4tnk/dev/LibreSDR_UHD_B220_Mini_FPGA/src/libresdr_b210.srcs/sources_1/imports/lib/control/setting_reg.v:15]
INFO: [Synth 8-6157] synthesizing module 'setting_reg__parameterized7' [/home/f4tnk/dev/LibreSDR_UHD_B220_Mini_FPGA/src/libresdr_b210.srcs/sources_1/imports/lib/control/setting_reg.v:15]
	Parameter my_addr bound to: 201 - type: integer 
	Parameter width bound to: 10 - type: integer 
INFO: [Synth 8-6155] done synthesizing module 'setting_reg__parameterized7' (0#1) [/home/f4tnk/dev/LibreSDR_UHD_B220_Mini_FPGA/src/libresdr_b210.srcs/sources_1/imports/lib/control/setting_reg.v:15]
INFO: [Synth 8-6157] synthesizing module 'setting_reg__parameterized8' [/home/f4tnk/dev/LibreSDR_UHD_B220_Mini_FPGA/src/libresdr_b210.srcs/sources_1/imports/lib/control/setting_reg.v:15]
	Parameter my_addr bound to: 202 - type: integer 
	Parameter width bound to: 10 - type: integer 
INFO: [Synth 8-6155] done synthesizing module 'setting_reg__parameterized8' (0#1) [/home/f4tnk/dev/LibreSDR_UHD_B220_Mini_FPGA/src/libresdr_b210.srcs/sources_1/imports/lib/control/setting_reg.v:15]
INFO: [Synth 8-6157] synthesizing module 'setting_reg__parameterized9' [/home/f4tnk/dev/LibreSDR_UHD_B220_Mini_FPGA/src/libresdr_b210.srcs/sources_1/imports/lib/control/setting_reg.v:15]
	Parameter my_addr bound to: 203 - type: integer 
	Parameter width bound to: 10 - type: integer 
INFO: [Synth 8-6155] done synthesizing module 'setting_reg__parameterized9' (0#1) [/home/f4tnk/dev/LibreSDR_UHD_B220_Mini_FPGA/src/libresdr_b210.srcs/sources_1/imports/lib/control/setting_reg.v:15]
INFO: [Synth 8-6157] synthesizing module 'setting_reg__parameterized10' [/home/f4tnk/dev/LibreSDR_UHD_B220_Mini_FPGA/src/libresdr_b210.srcs/sources_1/imports/lib/control/setting_reg.v:15]
	Parameter my_addr bound to: 204 - type: integer 
	Parameter width bound to: 10 - type: integer 
	Parameter at_reset bound to: 0 - type: integer 
INFO: [Synth 8-6155] done synthesizing module 'setting_reg__parameterized10' (0#1) [/home/f4tnk/dev/LibreSDR_UHD_B220_Mini_FPGA/src/libresdr_b210.srcs/sources_1/imports/lib/control/setting_reg.v:15]
INFO: [Synth 8-6157] synthesizing module 'setting_reg__parameterized11' [/home/f4tnk/dev/LibreSDR_UHD_B220_Mini_FPGA/src/libresdr_b210.srcs/sources_1/imports/lib/control/setting_reg.v:15]
	Parameter my_addr bound to: 205 - type: integer 
	Parameter width bound to: 10 - type: integer 
INFO: [Synth 8-6155] done synthesizing module 'setting_reg__parameterized11' (0#1) [/home/f4tnk/dev/LibreSDR_UHD_B220_Mini_FPGA/src/libresdr_b210.srcs/sources_1/imports/lib/control/setting_reg.v:15]
INFO: [Synth 8-6155] done synthesizing module 'gpio_atr' (0#1) [/home/f4tnk/dev/LibreSDR_UHD_B220_Mini_FPGA/src/libresdr_b210.srcs/sources_1/imports/lib/control/gpio_atr.v:9]
INFO: [Synth 8-6157] synthesizing module 'axi_fifo_2clk' [/home/f4tnk/dev/LibreSDR_UHD_B220_Mini_FPGA/src/libresdr_b210.srcs/sources_1/imports/lib/fifo/axi_fifo_2clk.v:24]
	Parameter WIDTH bound to: 65 - type: integer 
	Parameter SIZE bound to: 0 - type: integer 
INFO: [Synth 8-6157] synthesizing module 'fifo_short_2clk' [/home/f4tnk/dev/LibreSDR_UHD_B220_Mini_FPGA/src/libresdr_b210.runs/synth_1/.Xil/Vivado-293316-DESKTOP-ALL4L3F/realtime/fifo_short_2clk_stub.v:6]
INFO: [Synth 8-6155] done synthesizing module 'fifo_short_2clk' (0#1) [/home/f4tnk/dev/LibreSDR_UHD_B220_Mini_FPGA/src/libresdr_b210.runs/synth_1/.Xil/Vivado-293316-DESKTOP-ALL4L3F/realtime/fifo_short_2clk_stub.v:6]
INFO: [Synth 8-6157] synthesizing module 'synchronizer__parameterized2' [/home/f4tnk/dev/LibreSDR_UHD_B220_Mini_FPGA/src/libresdr_b210.srcs/sources_1/imports/lib/control/synchronizer.v:46]
	Parameter INITIAL_VAL bound to: 1'b1 
INFO: [Synth 8-6157] synthesizing module 'synchronizer_impl__parameterized2' [/home/f4tnk/dev/LibreSDR_UHD_B220_Mini_FPGA/src/libresdr_b210.srcs/sources_1/imports/lib/control/synchronizer_impl.v:8]
	Parameter WIDTH bound to: 1 - type: integer 
	Parameter STAGES bound to: 2 - type: integer 
	Parameter INITIAL_VAL bound to: 1'b1 
INFO: [Synth 8-6155] done synthesizing module 'synchronizer_impl__parameterized2' (0#1) [/home/f4tnk/dev/LibreSDR_UHD_B220_Mini_FPGA/src/libresdr_b210.srcs/sources_1/imports/lib/control/synchronizer_impl.v:8]
INFO: [Synth 8-6155] done synthesizing module 'synchronizer__parameterized2' (0#1) [/home/f4tnk/dev/LibreSDR_UHD_B220_Mini_FPGA/src/libresdr_b210.srcs/sources_1/imports/lib/control/synchronizer.v:46]
INFO: [Synth 8-6155] done synthesizing module 'axi_fifo_2clk' (0#1) [/home/f4tnk/dev/LibreSDR_UHD_B220_Mini_FPGA/src/libresdr_b210.srcs/sources_1/imports/lib/fifo/axi_fifo_2clk.v:24]
INFO: [Synth 8-6157] synthesizing module 'axi_fifo_2clk__parameterized0' [/home/f4tnk/dev/LibreSDR_UHD_B220_Mini_FPGA/src/libresdr_b210.srcs/sources_1/imports/lib/fifo/axi_fifo_2clk.v:24]
	Parameter WIDTH bound to: 65 - type: integer 
	Parameter SIZE bound to: 11 - type: integer 
INFO: [Synth 8-6157] synthesizing module 'fifo_4k_2clk' [/home/f4tnk/dev/LibreSDR_UHD_B220_Mini_FPGA/src/libresdr_b210.runs/synth_1/.Xil/Vivado-293316-DESKTOP-ALL4L3F/realtime/fifo_4k_2clk_stub.v:6]
INFO: [Synth 8-6155] done synthesizing module 'fifo_4k_2clk' (0#1) [/home/f4tnk/dev/LibreSDR_UHD_B220_Mini_FPGA/src/libresdr_b210.runs/synth_1/.Xil/Vivado-293316-DESKTOP-ALL4L3F/realtime/fifo_4k_2clk_stub.v:6]
WARNING: [Synth 8-7071] port 'wr_rst_busy' of module 'fifo_4k_2clk' is unconnected for instance 'impl_bram_i' [/home/f4tnk/dev/LibreSDR_UHD_B220_Mini_FPGA/src/libresdr_b210.srcs/sources_1/imports/lib/fifo/axi_fifo_2clk.v:135]
WARNING: [Synth 8-7071] port 'rd_rst_busy' of module 'fifo_4k_2clk' is unconnected for instance 'impl_bram_i' [/home/f4tnk/dev/LibreSDR_UHD_B220_Mini_FPGA/src/libresdr_b210.srcs/sources_1/imports/lib/fifo/axi_fifo_2clk.v:135]
WARNING: [Synth 8-7023] instance 'impl_bram_i' of module 'fifo_4k_2clk' has 13 connections declared, but only 11 given [/home/f4tnk/dev/LibreSDR_UHD_B220_Mini_FPGA/src/libresdr_b210.srcs/sources_1/imports/lib/fifo/axi_fifo_2clk.v:135]
INFO: [Synth 8-6157] synthesizing module 'axi_fifo_bram__parameterized1' [/home/f4tnk/dev/LibreSDR_UHD_B220_Mini_FPGA/src/libresdr_b210.srcs/sources_1/imports/lib/fifo/axi_fifo_bram.v:13]
	Parameter WIDTH bound to: 65 - type: integer 
	Parameter SIZE bound to: 11 - type: integer 
INFO: [Synth 8-6157] synthesizing module 'ram_2port__parameterized1' [/home/f4tnk/dev/LibreSDR_UHD_B220_Mini_FPGA/src/libresdr_b210.srcs/sources_1/imports/lib/control/ram_2port.v:54]
	Parameter DWIDTH bound to: 65 - type: integer 
	Parameter AWIDTH bound to: 11 - type: integer 
INFO: [Synth 8-6157] synthesizing module 'ram_2port_impl_auto__parameterized1' [/home/f4tnk/dev/LibreSDR_UHD_B220_Mini_FPGA/src/libresdr_b210.srcs/sources_1/imports/lib/control/ram_2port_impl.vh:10]
	Parameter DWIDTH bound to: 65 - type: integer 
	Parameter AWIDTH bound to: 11 - type: integer 
	Parameter RW_MODE bound to: READ-FIRST - type: string 
	Parameter OUT_REG bound to: 0 - type: integer 
	Parameter INIT_FILE bound to: (null) - type: string 
INFO: [Synth 8-6155] done synthesizing module 'ram_2port_impl_auto__parameterized1' (0#1) [/home/f4tnk/dev/LibreSDR_UHD_B220_Mini_FPGA/src/libresdr_b210.srcs/sources_1/imports/lib/control/ram_2port_impl.vh:10]
INFO: [Synth 8-6155] done synthesizing module 'ram_2port__parameterized1' (0#1) [/home/f4tnk/dev/LibreSDR_UHD_B220_Mini_FPGA/src/libresdr_b210.srcs/sources_1/imports/lib/control/ram_2port.v:54]
INFO: [Synth 8-155] case statement is not full and has no default [/home/f4tnk/dev/LibreSDR_UHD_B220_Mini_FPGA/src/libresdr_b210.srcs/sources_1/imports/lib/fifo/axi_fifo_bram.v:85]
INFO: [Synth 8-6155] done synthesizing module 'axi_fifo_bram__parameterized1' (0#1) [/home/f4tnk/dev/LibreSDR_UHD_B220_Mini_FPGA/src/libresdr_b210.srcs/sources_1/imports/lib/fifo/axi_fifo_bram.v:13]
INFO: [Synth 8-6155] done synthesizing module 'axi_fifo_2clk__parameterized0' (0#1) [/home/f4tnk/dev/LibreSDR_UHD_B220_Mini_FPGA/src/libresdr_b210.srcs/sources_1/imports/lib/fifo/axi_fifo_2clk.v:24]
INFO: [Synth 8-6157] synthesizing module 'axi_packet_gate' [/home/f4tnk/dev/LibreSDR_UHD_B220_Mini_FPGA/src/libresdr_b210.srcs/sources_1/imports/lib/fifo/axi_packet_gate.v:29]
	Parameter WIDTH bound to: 64 - type: integer 
	Parameter SIZE bound to: 11 - type: integer 
	Parameter USE_AS_BUFF bound to: 0 - type: integer 
INFO: [Synth 8-6157] synthesizing module 'ram_2port__parameterized2' [/home/f4tnk/dev/LibreSDR_UHD_B220_Mini_FPGA/src/libresdr_b210.srcs/sources_1/imports/lib/control/ram_2port.v:54]
	Parameter DWIDTH bound to: 65 - type: integer 
	Parameter AWIDTH bound to: 11 - type: integer 
	Parameter RW_MODE bound to: NO-CHANGE - type: string 
	Parameter RAM_TYPE bound to: AUTOMATIC - type: string 
	Parameter OUT_REG bound to: 0 - type: integer 
INFO: [Synth 8-6157] synthesizing module 'ram_2port_impl_auto__parameterized2' [/home/f4tnk/dev/LibreSDR_UHD_B220_Mini_FPGA/src/libresdr_b210.srcs/sources_1/imports/lib/control/ram_2port_impl.vh:10]
	Parameter DWIDTH bound to: 65 - type: integer 
	Parameter AWIDTH bound to: 11 - type: integer 
	Parameter RW_MODE bound to: NO-CHANGE - type: string 
	Parameter OUT_REG bound to: 0 - type: integer 
	Parameter INIT_FILE bound to: (null) - type: string 
INFO: [Synth 8-6155] done synthesizing module 'ram_2port_impl_auto__parameterized2' (0#1) [/home/f4tnk/dev/LibreSDR_UHD_B220_Mini_FPGA/src/libresdr_b210.srcs/sources_1/imports/lib/control/ram_2port_impl.vh:10]
INFO: [Synth 8-6155] done synthesizing module 'ram_2port__parameterized2' (0#1) [/home/f4tnk/dev/LibreSDR_UHD_B220_Mini_FPGA/src/libresdr_b210.srcs/sources_1/imports/lib/control/ram_2port.v:54]
INFO: [Synth 8-6157] synthesizing module 'axi_fifo__parameterized2' [/home/f4tnk/dev/LibreSDR_UHD_B220_Mini_FPGA/src/libresdr_b210.srcs/sources_1/imports/lib/fifo/axi_fifo.v:17]
	Parameter WIDTH bound to: 11 - type: integer 
	Parameter SIZE bound to: 1 - type: integer 
INFO: [Synth 8-6157] synthesizing module 'axi_fifo_flop2__parameterized0' [/home/f4tnk/dev/LibreSDR_UHD_B220_Mini_FPGA/src/libresdr_b210.srcs/sources_1/imports/lib/fifo/axi_fifo_flop2.v:14]
	Parameter WIDTH bound to: 11 - type: integer 
INFO: [Synth 8-6155] done synthesizing module 'axi_fifo_flop2__parameterized0' (0#1) [/home/f4tnk/dev/LibreSDR_UHD_B220_Mini_FPGA/src/libresdr_b210.srcs/sources_1/imports/lib/fifo/axi_fifo_flop2.v:14]
INFO: [Synth 8-6155] done synthesizing module 'axi_fifo__parameterized2' (0#1) [/home/f4tnk/dev/LibreSDR_UHD_B220_Mini_FPGA/src/libresdr_b210.srcs/sources_1/imports/lib/fifo/axi_fifo.v:17]
INFO: [Synth 8-6155] done synthesizing module 'axi_packet_gate' (0#1) [/home/f4tnk/dev/LibreSDR_UHD_B220_Mini_FPGA/src/libresdr_b210.srcs/sources_1/imports/lib/fifo/axi_packet_gate.v:29]
INFO: [Synth 8-6157] synthesizing module 'timekeeper_legacy' [/home/f4tnk/dev/LibreSDR_UHD_B220_Mini_FPGA/src/libresdr_b210.srcs/sources_1/imports/lib/timing/timekeeper_legacy.v:9]
	Parameter SR_TIME_HI bound to: 8'b10000000 
	Parameter SR_TIME_LO bound to: 129 - type: integer 
	Parameter SR_TIME_CTRL bound to: 130 - type: integer 
INFO: [Synth 8-6157] synthesizing module 'setting_reg__parameterized12' [/home/f4tnk/dev/LibreSDR_UHD_B220_Mini_FPGA/src/libresdr_b210.srcs/sources_1/imports/lib/control/setting_reg.v:15]
	Parameter my_addr bound to: 8'b10000000 
	Parameter width bound to: 32 - type: integer 
INFO: [Synth 8-6155] done synthesizing module 'setting_reg__parameterized12' (0#1) [/home/f4tnk/dev/LibreSDR_UHD_B220_Mini_FPGA/src/libresdr_b210.srcs/sources_1/imports/lib/control/setting_reg.v:15]
INFO: [Synth 8-6157] synthesizing module 'setting_reg__parameterized13' [/home/f4tnk/dev/LibreSDR_UHD_B220_Mini_FPGA/src/libresdr_b210.srcs/sources_1/imports/lib/control/setting_reg.v:15]
	Parameter my_addr bound to: 129 - type: integer 
	Parameter width bound to: 32 - type: integer 
INFO: [Synth 8-6155] done synthesizing module 'setting_reg__parameterized13' (0#1) [/home/f4tnk/dev/LibreSDR_UHD_B220_Mini_FPGA/src/libresdr_b210.srcs/sources_1/imports/lib/control/setting_reg.v:15]
INFO: [Synth 8-6157] synthesizing module 'setting_reg__parameterized14' [/home/f4tnk/dev/LibreSDR_UHD_B220_Mini_FPGA/src/libresdr_b210.srcs/sources_1/imports/lib/control/setting_reg.v:15]
	Parameter my_addr bound to: 130 - type: integer 
	Parameter width bound to: 3 - type: integer 
INFO: [Synth 8-6155] done synthesizing module 'setting_reg__parameterized14' (0#1) [/home/f4tnk/dev/LibreSDR_UHD_B220_Mini_FPGA/src/libresdr_b210.srcs/sources_1/imports/lib/control/setting_reg.v:15]
INFO: [Synth 8-6155] done synthesizing module 'timekeeper_legacy' (0#1) [/home/f4tnk/dev/LibreSDR_UHD_B220_Mini_FPGA/src/libresdr_b210.srcs/sources_1/imports/lib/timing/timekeeper_legacy.v:9]
WARNING: [Synth 8-7071] port 'watchdog_clear' of module 'radio_ctrl_proc' is unconnected for instance 'radio_ctrl_proc' [/home/f4tnk/dev/LibreSDR_UHD_B220_Mini_FPGA/src/libresdr_b210.srcs/sources_1/imports/lib/radio_200/radio_legacy.v:165]
WARNING: [Synth 8-7023] instance 'radio_ctrl_proc' of module 'radio_ctrl_proc' has 19 connections declared, but only 18 given [/home/f4tnk/dev/LibreSDR_UHD_B220_Mini_FPGA/src/libresdr_b210.srcs/sources_1/imports/lib/radio_200/radio_legacy.v:165]
INFO: [Synth 8-6157] synthesizing module 'axi_fifo_2clk__parameterized1' [/home/f4tnk/dev/LibreSDR_UHD_B220_Mini_FPGA/src/libresdr_b210.srcs/sources_1/imports/lib/fifo/axi_fifo_2clk.v:24]
	Parameter WIDTH bound to: 64 - type: integer 
	Parameter SIZE bound to: 0 - type: integer 
INFO: [Synth 8-6155] done synthesizing module 'axi_fifo_2clk__parameterized1' (0#1) [/home/f4tnk/dev/LibreSDR_UHD_B220_Mini_FPGA/src/libresdr_b210.srcs/sources_1/imports/lib/fifo/axi_fifo_2clk.v:24]
INFO: [Synth 8-6157] synthesizing module 'setting_reg__parameterized15' [/home/f4tnk/dev/LibreSDR_UHD_B220_Mini_FPGA/src/libresdr_b210.srcs/sources_1/imports/lib/control/setting_reg.v:15]
	Parameter my_addr bound to: 8'b00000110 
	Parameter awidth bound to: 8 - type: integer 
	Parameter width bound to: 1 - type: integer 
INFO: [Synth 8-6155] done synthesizing module 'setting_reg__parameterized15' (0#1) [/home/f4tnk/dev/LibreSDR_UHD_B220_Mini_FPGA/src/libresdr_b210.srcs/sources_1/imports/lib/control/setting_reg.v:15]
INFO: [Synth 8-6157] synthesizing module 'setting_reg__parameterized16' [/home/f4tnk/dev/LibreSDR_UHD_B220_Mini_FPGA/src/libresdr_b210.srcs/sources_1/imports/lib/control/setting_reg.v:15]
	Parameter my_addr bound to: 8'b00010101 
	Parameter awidth bound to: 8 - type: integer 
	Parameter width bound to: 32 - type: integer 
INFO: [Synth 8-6155] done synthesizing module 'setting_reg__parameterized16' (0#1) [/home/f4tnk/dev/LibreSDR_UHD_B220_Mini_FPGA/src/libresdr_b210.srcs/sources_1/imports/lib/control/setting_reg.v:15]
INFO: [Synth 8-6157] synthesizing module 'setting_reg__parameterized17' [/home/f4tnk/dev/LibreSDR_UHD_B220_Mini_FPGA/src/libresdr_b210.srcs/sources_1/imports/lib/control/setting_reg.v:15]
	Parameter my_addr bound to: 8'b00010110 
	Parameter awidth bound to: 8 - type: integer 
	Parameter width bound to: 32 - type: integer 
INFO: [Synth 8-6155] done synthesizing module 'setting_reg__parameterized17' (0#1) [/home/f4tnk/dev/LibreSDR_UHD_B220_Mini_FPGA/src/libresdr_b210.srcs/sources_1/imports/lib/control/setting_reg.v:15]
INFO: [Synth 8-6157] synthesizing module 'setting_reg__parameterized18' [/home/f4tnk/dev/LibreSDR_UHD_B220_Mini_FPGA/src/libresdr_b210.srcs/sources_1/imports/lib/control/setting_reg.v:15]
	Parameter my_addr bound to: 8'b00100000 
	Parameter awidth bound to: 8 - type: integer 
	Parameter width bound to: 3 - type: integer 
INFO: [Synth 8-6155] done synthesizing module 'setting_reg__parameterized18' (0#1) [/home/f4tnk/dev/LibreSDR_UHD_B220_Mini_FPGA/src/libresdr_b210.srcs/sources_1/imports/lib/control/setting_reg.v:15]
INFO: [Synth 8-6157] synthesizing module 'gpio_atr__parameterized0' [/home/f4tnk/dev/LibreSDR_UHD_B220_Mini_FPGA/src/libresdr_b210.srcs/sources_1/imports/lib/control/gpio_atr.v:9]
	Parameter BASE bound to: 8'b00001100 
	Parameter WIDTH bound to: 32 - type: integer 
	Parameter FAB_CTRL_EN bound to: 0 - type: integer 
	Parameter DEFAULT_DDR bound to: -1 - type: integer 
	Parameter DEFAULT_IDLE bound to: 0 - type: integer 
INFO: [Synth 8-6157] synthesizing module 'setting_reg__parameterized19' [/home/f4tnk/dev/LibreSDR_UHD_B220_Mini_FPGA/src/libresdr_b210.srcs/sources_1/imports/lib/control/setting_reg.v:15]
	Parameter my_addr bound to: 12 - type: integer 
	Parameter width bound to: 32 - type: integer 
	Parameter at_reset bound to: 0 - type: integer 
INFO: [Synth 8-6155] done synthesizing module 'setting_reg__parameterized19' (0#1) [/home/f4tnk/dev/LibreSDR_UHD_B220_Mini_FPGA/src/libresdr_b210.srcs/sources_1/imports/lib/control/setting_reg.v:15]
INFO: [Synth 8-6157] synthesizing module 'setting_reg__parameterized20' [/home/f4tnk/dev/LibreSDR_UHD_B220_Mini_FPGA/src/libresdr_b210.srcs/sources_1/imports/lib/control/setting_reg.v:15]
	Parameter my_addr bound to: 13 - type: integer 
	Parameter width bound to: 32 - type: integer 
INFO: [Synth 8-6155] done synthesizing module 'setting_reg__parameterized20' (0#1) [/home/f4tnk/dev/LibreSDR_UHD_B220_Mini_FPGA/src/libresdr_b210.srcs/sources_1/imports/lib/control/setting_reg.v:15]
INFO: [Synth 8-6157] synthesizing module 'setting_reg__parameterized21' [/home/f4tnk/dev/LibreSDR_UHD_B220_Mini_FPGA/src/libresdr_b210.srcs/sources_1/imports/lib/control/setting_reg.v:15]
	Parameter my_addr bound to: 14 - type: integer 
	Parameter width bound to: 32 - type: integer 
INFO: [Synth 8-6155] done synthesizing module 'setting_reg__parameterized21' (0#1) [/home/f4tnk/dev/LibreSDR_UHD_B220_Mini_FPGA/src/libresdr_b210.srcs/sources_1/imports/lib/control/setting_reg.v:15]
INFO: [Synth 8-6157] synthesizing module 'setting_reg__parameterized22' [/home/f4tnk/dev/LibreSDR_UHD_B220_Mini_FPGA/src/libresdr_b210.srcs/sources_1/imports/lib/control/setting_reg.v:15]
	Parameter my_addr bound to: 15 - type: integer 
	Parameter width bound to: 32 - type: integer 
INFO: [Synth 8-6155] done synthesizing module 'setting_reg__parameterized22' (0#1) [/home/f4tnk/dev/LibreSDR_UHD_B220_Mini_FPGA/src/libresdr_b210.srcs/sources_1/imports/lib/control/setting_reg.v:15]
INFO: [Synth 8-6157] synthesizing module 'setting_reg__parameterized23' [/home/f4tnk/dev/LibreSDR_UHD_B220_Mini_FPGA/src/libresdr_b210.srcs/sources_1/imports/lib/control/setting_reg.v:15]
	Parameter my_addr bound to: 16 - type: integer 
	Parameter width bound to: 32 - type: integer 
	Parameter at_reset bound to: -1 - type: integer 
INFO: [Synth 8-6155] done synthesizing module 'setting_reg__parameterized23' (0#1) [/home/f4tnk/dev/LibreSDR_UHD_B220_Mini_FPGA/src/libresdr_b210.srcs/sources_1/imports/lib/control/setting_reg.v:15]
INFO: [Synth 8-6157] synthesizing module 'setting_reg__parameterized24' [/home/f4tnk/dev/LibreSDR_UHD_B220_Mini_FPGA/src/libresdr_b210.srcs/sources_1/imports/lib/control/setting_reg.v:15]
	Parameter my_addr bound to: 17 - type: integer 
	Parameter width bound to: 32 - type: integer 
INFO: [Synth 8-6155] done synthesizing module 'setting_reg__parameterized24' (0#1) [/home/f4tnk/dev/LibreSDR_UHD_B220_Mini_FPGA/src/libresdr_b210.srcs/sources_1/imports/lib/control/setting_reg.v:15]
INFO: [Synth 8-6155] done synthesizing module 'gpio_atr__parameterized0' (0#1) [/home/f4tnk/dev/LibreSDR_UHD_B220_Mini_FPGA/src/libresdr_b210.srcs/sources_1/imports/lib/control/gpio_atr.v:9]
INFO: [Synth 8-6157] synthesizing module 'new_tx_deframer' [/home/f4tnk/dev/LibreSDR_UHD_B220_Mini_FPGA/src/libresdr_b210.srcs/sources_1/imports/lib/vita_200/new_tx_deframer.v:8]
INFO: [Synth 8-6157] synthesizing module 'axi_fifo_short__parameterized0' [/home/f4tnk/dev/LibreSDR_UHD_B220_Mini_FPGA/src/libresdr_b210.srcs/sources_1/imports/lib/fifo/axi_fifo_short.v:14]
INFO: [Common 17-14] Message 'Synth 8-6157' appears 100 times and further instances of the messages will be disabled. Use the Tcl command set_msg_config to change the current settings.
	Parameter WIDTH bound to: 176 - type: integer 
INFO: [Synth 8-6155] done synthesizing module 'axi_fifo_short__parameterized0' (0#1) [/home/f4tnk/dev/LibreSDR_UHD_B220_Mini_FPGA/src/libresdr_b210.srcs/sources_1/imports/lib/fifo/axi_fifo_short.v:14]
INFO: [Synth 8-6155] done synthesizing module 'new_tx_deframer' (0#1) [/home/f4tnk/dev/LibreSDR_UHD_B220_Mini_FPGA/src/libresdr_b210.srcs/sources_1/imports/lib/vita_200/new_tx_deframer.v:8]
	Parameter BASE bound to: 8'b01000000 
	Parameter my_addr bound to: 8'b01000000 
	Parameter width bound to: 3 - type: integer 
INFO: [Synth 8-6155] done synthesizing module 'setting_reg__parameterized25' (0#1) [/home/f4tnk/dev/LibreSDR_UHD_B220_Mini_FPGA/src/libresdr_b210.srcs/sources_1/imports/lib/control/setting_reg.v:15]
INFO: [Synth 8-155] case statement is not full and has no default [/home/f4tnk/dev/LibreSDR_UHD_B220_Mini_FPGA/src/libresdr_b210.srcs/sources_1/imports/lib/vita_200/new_tx_control.v:111]
INFO: [Synth 8-6155] done synthesizing module 'new_tx_control' (0#1) [/home/f4tnk/dev/LibreSDR_UHD_B220_Mini_FPGA/src/libresdr_b210.srcs/sources_1/imports/lib/vita_200/new_tx_control.v:9]
	Parameter BASE bound to: 66 - type: integer 
	Parameter BASE bound to: 66 - type: integer 
	Parameter my_addr bound to: 66 - type: integer 
	Parameter at_reset bound to: 0 - type: integer 
INFO: [Synth 8-6155] done synthesizing module 'setting_reg__parameterized26' (0#1) [/home/f4tnk/dev/LibreSDR_UHD_B220_Mini_FPGA/src/libresdr_b210.srcs/sources_1/imports/lib/control/setting_reg.v:15]
INFO: [Common 17-14] Message 'Synth 8-6155' appears 100 times and further instances of the messages will be disabled. Use the Tcl command set_msg_config to change the current settings.
	Parameter my_addr bound to: 67 - type: integer 
	Parameter at_reset bound to: 0 - type: integer 
	Parameter WIDTH bound to: 96 - type: integer 
	Parameter BASE bound to: 8'b10111000 
	Parameter DSPNO bound to: 0 - type: integer 
	Parameter WIDTH bound to: 24 - type: integer 
	Parameter NEW_HB_INTERP bound to: 1 - type: integer 
	Parameter DEVICE bound to: 7SERIES - type: string 
	Parameter WIDTH bound to: 18 - type: integer 
	Parameter WIDTH bound to: 18 - type: integer 
	Parameter WIDTH bound to: 18 - type: integer 
	Parameter IWIDTH bound to: 36 - type: integer 
	Parameter OWIDTH bound to: 37 - type: integer 
	Parameter bits_in bound to: 36 - type: integer 
	Parameter bits_out bound to: 37 - type: integer 
	Parameter bits_in bound to: 37 - type: integer 
	Parameter bits_out bound to: 21 - type: integer 
	Parameter bits_in bound to: 37 - type: integer 
	Parameter bits_out bound to: 21 - type: integer 
WARNING: [Synth 8-7071] port 'err' of module 'round_reg' is unconnected for instance 'final_round' [/home/f4tnk/dev/LibreSDR_UHD_B220_Mini_FPGA/src/libresdr_b210.srcs/sources_1/imports/lib/dsp/small_hb_int.v:73]
WARNING: [Synth 8-7023] instance 'final_round' of module 'round_reg' has 4 connections declared, but only 3 given [/home/f4tnk/dev/LibreSDR_UHD_B220_Mini_FPGA/src/libresdr_b210.srcs/sources_1/imports/lib/dsp/small_hb_int.v:73]
	Parameter bits_in bound to: 21 - type: integer 
	Parameter bits_out bound to: 18 - type: integer 
	Parameter bits_in bound to: 21 - type: integer 
	Parameter bits_out bound to: 18 - type: integer 
WARNING: [Synth 8-7071] port 'reset' of module 'clip_reg' is unconnected for instance 'final_clip' [/home/f4tnk/dev/LibreSDR_UHD_B220_Mini_FPGA/src/libresdr_b210.srcs/sources_1/imports/lib/dsp/small_hb_int.v:76]
WARNING: [Synth 8-7071] port 'strobe_out' of module 'clip_reg' is unconnected for instance 'final_clip' [/home/f4tnk/dev/LibreSDR_UHD_B220_Mini_FPGA/src/libresdr_b210.srcs/sources_1/imports/lib/dsp/small_hb_int.v:76]
WARNING: [Synth 8-7023] instance 'final_clip' of module 'clip_reg' has 6 connections declared, but only 4 given [/home/f4tnk/dev/LibreSDR_UHD_B220_Mini_FPGA/src/libresdr_b210.srcs/sources_1/imports/lib/dsp/small_hb_int.v:76]
	Parameter WIDTH bound to: 18 - type: integer 
	Parameter DEVICE bound to: 7SERIES - type: string 
	Parameter DEVICE bound to: 7SERIES - type: string 
	Parameter ACASCREG bound to: 1 - type: integer 
	Parameter AREG bound to: 1 - type: integer 
	Parameter BCASCREG bound to: 1 - type: integer 
	Parameter BREG bound to: 1 - type: integer 
	Parameter MREG bound to: 1 - type: integer 
	Parameter PREG bound to: 1 - type: integer 
	Parameter USE_DPORT bound to: TRUE - type: string 
	Parameter bits_in bound to: 48 - type: integer 
	Parameter bits_out bound to: 31 - type: integer 
	Parameter bits_in bound to: 48 - type: integer 
	Parameter bits_out bound to: 31 - type: integer 
	Parameter bits_in bound to: 31 - type: integer 
	Parameter bits_out bound to: 18 - type: integer 
	Parameter bits_in bound to: 31 - type: integer 
	Parameter bits_out bound to: 18 - type: integer 
WARNING: [Synth 8-7071] port 'reset' of module 'clip_reg' is unconnected for instance 'final_clip' [/home/f4tnk/dev/LibreSDR_UHD_B220_Mini_FPGA/src/libresdr_b210.srcs/sources_1/imports/lib/dsp/hb47_int.v:129]
WARNING: [Synth 8-7023] instance 'final_clip' of module 'clip_reg' has 6 connections declared, but only 5 given [/home/f4tnk/dev/LibreSDR_UHD_B220_Mini_FPGA/src/libresdr_b210.srcs/sources_1/imports/lib/dsp/hb47_int.v:129]
	Parameter my_addr bound to: 184 - type: integer 
	Parameter my_addr bound to: 185 - type: integer 
	Parameter width bound to: 18 - type: integer 
	Parameter my_addr bound to: 186 - type: integer 
	Parameter width bound to: 11 - type: integer 
	Parameter my_addr bound to: 192 - type: integer 
	Parameter width bound to: 16 - type: integer 
	Parameter WIDTH bound to: 8 - type: integer 
	Parameter WIDTH bound to: 2 - type: integer 
	Parameter bw bound to: 18 - type: integer 
	Parameter N bound to: 4 - type: integer 
	Parameter log2_of_max_rate bound to: 8 - type: integer 
	Parameter bits_in bound to: 18 - type: integer 
	Parameter bits_out bound to: 42 - type: integer 
	Parameter bw bound to: 18 - type: integer 
	Parameter bitwidth bound to: 24 - type: integer 
	Parameter bitwidth bound to: 26 - type: integer 
	Parameter zwidth bound to: 23 - type: integer 
	Parameter shift bound to: 0 - type: integer 
	Parameter bitwidth bound to: 26 - type: integer 
	Parameter zwidth bound to: 23 - type: integer 
	Parameter shift bound to: 1 - type: integer 
	Parameter bitwidth bound to: 26 - type: integer 
	Parameter zwidth bound to: 23 - type: integer 
	Parameter shift bound to: 2 - type: integer 
	Parameter bitwidth bound to: 26 - type: integer 
	Parameter zwidth bound to: 23 - type: integer 
	Parameter shift bound to: 3 - type: integer 
	Parameter bitwidth bound to: 26 - type: integer 
	Parameter zwidth bound to: 23 - type: integer 
	Parameter shift bound to: 4 - type: integer 
	Parameter bitwidth bound to: 26 - type: integer 
	Parameter zwidth bound to: 23 - type: integer 
	Parameter shift bound to: 5 - type: integer 
	Parameter bitwidth bound to: 26 - type: integer 
	Parameter zwidth bound to: 23 - type: integer 
	Parameter shift bound to: 6 - type: integer 
	Parameter bitwidth bound to: 26 - type: integer 
	Parameter zwidth bound to: 23 - type: integer 
	Parameter shift bound to: 7 - type: integer 
	Parameter bitwidth bound to: 26 - type: integer 
	Parameter zwidth bound to: 23 - type: integer 
	Parameter shift bound to: 8 - type: integer 
	Parameter bitwidth bound to: 26 - type: integer 
	Parameter zwidth bound to: 23 - type: integer 
	Parameter shift bound to: 9 - type: integer 
	Parameter bitwidth bound to: 26 - type: integer 
	Parameter zwidth bound to: 23 - type: integer 
	Parameter shift bound to: 10 - type: integer 
	Parameter bitwidth bound to: 26 - type: integer 
	Parameter zwidth bound to: 23 - type: integer 
	Parameter shift bound to: 11 - type: integer 
	Parameter bitwidth bound to: 26 - type: integer 
	Parameter zwidth bound to: 23 - type: integer 
	Parameter shift bound to: 12 - type: integer 
	Parameter bitwidth bound to: 26 - type: integer 
	Parameter zwidth bound to: 23 - type: integer 
	Parameter shift bound to: 13 - type: integer 
	Parameter bitwidth bound to: 26 - type: integer 
	Parameter zwidth bound to: 23 - type: integer 
	Parameter shift bound to: 14 - type: integer 
	Parameter bitwidth bound to: 26 - type: integer 
	Parameter zwidth bound to: 23 - type: integer 
	Parameter shift bound to: 15 - type: integer 
	Parameter bitwidth bound to: 26 - type: integer 
	Parameter zwidth bound to: 23 - type: integer 
	Parameter shift bound to: 16 - type: integer 
	Parameter bitwidth bound to: 26 - type: integer 
	Parameter zwidth bound to: 23 - type: integer 
	Parameter shift bound to: 17 - type: integer 
	Parameter bitwidth bound to: 26 - type: integer 
	Parameter zwidth bound to: 23 - type: integer 
	Parameter shift bound to: 18 - type: integer 
	Parameter bitwidth bound to: 26 - type: integer 
	Parameter zwidth bound to: 23 - type: integer 
	Parameter shift bound to: 19 - type: integer 
	Parameter bitwidth bound to: 26 - type: integer 
	Parameter zwidth bound to: 23 - type: integer 
	Parameter shift bound to: 20 - type: integer 
	Parameter bitwidth bound to: 26 - type: integer 
	Parameter zwidth bound to: 23 - type: integer 
	Parameter shift bound to: 21 - type: integer 
	Parameter bitwidth bound to: 26 - type: integer 
	Parameter zwidth bound to: 23 - type: integer 
	Parameter shift bound to: 22 - type: integer 
	Parameter bitwidth bound to: 26 - type: integer 
	Parameter zwidth bound to: 23 - type: integer 
	Parameter shift bound to: 23 - type: integer 
	Parameter DEVICE bound to: 7SERIES - type: string 
	Parameter LATENCY bound to: 1 - type: integer 
	Parameter WIDTH_A bound to: 18 - type: integer 
	Parameter WIDTH_B bound to: 18 - type: integer 
	Parameter ACASCREG bound to: 0 - type: integer 
	Parameter ADREG bound to: 0 - type: integer 
	Parameter AREG bound to: 0 - type: integer 
	Parameter BCASCREG bound to: 0 - type: integer 
	Parameter BREG bound to: 0 - type: integer 
	Parameter DREG bound to: 0 - type: integer 
	Parameter MREG bound to: 1 - type: integer 
	Parameter PREG bound to: 0 - type: integer 
	Parameter bits_in bound to: 36 - type: integer 
	Parameter bits_out bound to: 33 - type: integer 
	Parameter STROBED bound to: 1 - type: integer 
	Parameter bits_in bound to: 36 - type: integer 
	Parameter bits_out bound to: 33 - type: integer 
WARNING: [Synth 8-7071] port 'reset' of module 'clip_reg' is unconnected for instance 'clip_i' [/home/f4tnk/dev/LibreSDR_UHD_B220_Mini_FPGA/src/libresdr_b210.srcs/sources_1/imports/lib/dsp/duc_chain.v:273]
WARNING: [Synth 8-7023] instance 'clip_i' of module 'clip_reg' has 6 connections declared, but only 5 given [/home/f4tnk/dev/LibreSDR_UHD_B220_Mini_FPGA/src/libresdr_b210.srcs/sources_1/imports/lib/dsp/duc_chain.v:273]
WARNING: [Synth 8-7071] port 'reset' of module 'clip_reg' is unconnected for instance 'clip_q' [/home/f4tnk/dev/LibreSDR_UHD_B220_Mini_FPGA/src/libresdr_b210.srcs/sources_1/imports/lib/dsp/duc_chain.v:275]
WARNING: [Synth 8-7023] instance 'clip_q' of module 'clip_reg' has 6 connections declared, but only 5 given [/home/f4tnk/dev/LibreSDR_UHD_B220_Mini_FPGA/src/libresdr_b210.srcs/sources_1/imports/lib/dsp/duc_chain.v:275]
	Parameter BASE bound to: 8'b10001010 
	Parameter my_addr bound to: 8'b10001010 
	Parameter width bound to: 2 - type: integer 
	Parameter at_reset bound to: 2'b00 
	Parameter BASE bound to: 89 - type: integer 
	Parameter my_addr bound to: 89 - type: integer 
	Parameter width bound to: 17 - type: integer 
WARNING: [Synth 8-7071] port 'changed' of module 'setting_reg' is unconnected for instance 'new_destination' [/home/f4tnk/dev/LibreSDR_UHD_B220_Mini_FPGA/src/libresdr_b210.srcs/sources_1/imports/lib/vita_200/chdr_12sc_to_16sc.v:59]
WARNING: [Synth 8-7023] instance 'new_destination' of module 'setting_reg' has 7 connections declared, but only 6 given [/home/f4tnk/dev/LibreSDR_UHD_B220_Mini_FPGA/src/libresdr_b210.srcs/sources_1/imports/lib/vita_200/chdr_12sc_to_16sc.v:59]
WARNING: [Synth 8-7071] port 'debug' of module 'chdr_12sc_to_16sc' is unconnected for instance 'convert_12sc_to_16sc' [/home/f4tnk/dev/LibreSDR_UHD_B220_Mini_FPGA/src/libresdr_b210.srcs/sources_1/imports/lib/vita_200/chdr_xxxx_to_16sc_chain.v:63]
WARNING: [Synth 8-7023] instance 'convert_12sc_to_16sc' of module 'chdr_12sc_to_16sc' has 14 connections declared, but only 13 given [/home/f4tnk/dev/LibreSDR_UHD_B220_Mini_FPGA/src/libresdr_b210.srcs/sources_1/imports/lib/vita_200/chdr_xxxx_to_16sc_chain.v:63]
	Parameter BASE bound to: 89 - type: integer 
WARNING: [Synth 8-7071] port 'changed' of module 'setting_reg' is unconnected for instance 'new_destination' [/home/f4tnk/dev/LibreSDR_UHD_B220_Mini_FPGA/src/libresdr_b210.srcs/sources_1/imports/lib/vita_200/chdr_32f_to_16sc.v:61]
WARNING: [Synth 8-7023] instance 'new_destination' of module 'setting_reg' has 7 connections declared, but only 6 given [/home/f4tnk/dev/LibreSDR_UHD_B220_Mini_FPGA/src/libresdr_b210.srcs/sources_1/imports/lib/vita_200/chdr_32f_to_16sc.v:61]
INFO: [Synth 8-226] default block is never used [/home/f4tnk/dev/LibreSDR_UHD_B220_Mini_FPGA/src/libresdr_b210.srcs/sources_1/imports/lib/vita_200/chdr_32f_to_16sc.v:79]
	Parameter BITS_IN bound to: 32 - type: integer 
	Parameter BITS_OUT bound to: 16 - type: integer 
INFO: [Synth 8-226] default block is never used [/home/f4tnk/dev/LibreSDR_UHD_B220_Mini_FPGA/src/libresdr_b210.srcs/sources_1/imports/lib/vita_200/chdr_32f_to_16sc.v:127]
WARNING: [Synth 8-7071] port 'debug' of module 'chdr_32f_to_16sc' is unconnected for instance 'convert_32f_to_16sc' [/home/f4tnk/dev/LibreSDR_UHD_B220_Mini_FPGA/src/libresdr_b210.srcs/sources_1/imports/lib/vita_200/chdr_xxxx_to_16sc_chain.v:70]
WARNING: [Synth 8-7023] instance 'convert_32f_to_16sc' of module 'chdr_32f_to_16sc' has 14 connections declared, but only 13 given [/home/f4tnk/dev/LibreSDR_UHD_B220_Mini_FPGA/src/libresdr_b210.srcs/sources_1/imports/lib/vita_200/chdr_xxxx_to_16sc_chain.v:70]
	Parameter BASE bound to: 89 - type: integer 
WARNING: [Synth 8-7071] port 'changed' of module 'setting_reg' is unconnected for instance 'new_destination' [/home/f4tnk/dev/LibreSDR_UHD_B220_Mini_FPGA/src/libresdr_b210.srcs/sources_1/imports/lib/vita_200/chdr_8sc_to_16sc.v:43]
WARNING: [Synth 8-7023] instance 'new_destination' of module 'setting_reg' has 7 connections declared, but only 6 given [/home/f4tnk/dev/LibreSDR_UHD_B220_Mini_FPGA/src/libresdr_b210.srcs/sources_1/imports/lib/vita_200/chdr_8sc_to_16sc.v:43]
INFO: [Synth 8-226] default block is never used [/home/f4tnk/dev/LibreSDR_UHD_B220_Mini_FPGA/src/libresdr_b210.srcs/sources_1/imports/lib/vita_200/chdr_8sc_to_16sc.v:64]
INFO: [Synth 8-226] default block is never used [/home/f4tnk/dev/LibreSDR_UHD_B220_Mini_FPGA/src/libresdr_b210.srcs/sources_1/imports/lib/vita_200/chdr_8sc_to_16sc.v:97]
WARNING: [Synth 8-7071] port 'debug' of module 'chdr_8sc_to_16sc' is unconnected for instance 'convert_8sc_to_16sc' [/home/f4tnk/dev/LibreSDR_UHD_B220_Mini_FPGA/src/libresdr_b210.srcs/sources_1/imports/lib/vita_200/chdr_xxxx_to_16sc_chain.v:77]
WARNING: [Synth 8-7023] instance 'convert_8sc_to_16sc' of module 'chdr_8sc_to_16sc' has 14 connections declared, but only 13 given [/home/f4tnk/dev/LibreSDR_UHD_B220_Mini_FPGA/src/libresdr_b210.srcs/sources_1/imports/lib/vita_200/chdr_xxxx_to_16sc_chain.v:77]
	Parameter PRIO bound to: 1 - type: integer 
	Parameter WIDTH bound to: 64 - type: integer 
	Parameter BUFFER bound to: 1 - type: integer 
	Parameter BASE bound to: 100 - type: integer 
	Parameter SAMPLE_FIFO_SIZE bound to: 11 - type: integer 
	Parameter my_addr bound to: 100 - type: integer 
	Parameter width bound to: 16 - type: integer 
	Parameter my_addr bound to: 101 - type: integer 
	Parameter width bound to: 32 - type: integer 
INFO: [Synth 8-155] case statement is not full and has no default [/home/f4tnk/dev/LibreSDR_UHD_B220_Mini_FPGA/src/libresdr_b210.srcs/sources_1/imports/lib/vita_200/new_rx_framer.v:97]
	Parameter WIDTH bound to: 65 - type: integer 
	Parameter SIZE bound to: 11 - type: integer 
	Parameter WIDTH bound to: 81 - type: integer 
	Parameter BASE bound to: 8'b01100000 
	Parameter my_addr bound to: 8'b01100000 
	Parameter my_addr bound to: 97 - type: integer 
	Parameter my_addr bound to: 98 - type: integer 
	Parameter my_addr bound to: 99 - type: integer 
	Parameter BASE bound to: 8'b10010000 
	Parameter DSPNO bound to: 0 - type: integer 
	Parameter WIDTH bound to: 24 - type: integer 
	Parameter NEW_HB_DECIM bound to: 1 - type: integer 
	Parameter DEVICE bound to: 7SERIES - type: string 
	Parameter my_addr bound to: 148 - type: integer 
	Parameter width bound to: 22 - type: integer 
	Parameter WIDTH bound to: 24 - type: integer 
	Parameter DEVICE bound to: 7SERIES - type: string 
	Parameter DEVICE bound to: 7SERIES - type: string 
	Parameter LATENCY bound to: 1 - type: integer 
	Parameter WIDTH_A bound to: 25 - type: integer 
	Parameter WIDTH_B bound to: 18 - type: integer 
	Parameter WIDTH_IN bound to: 44 - type: integer 
	Parameter WIDTH_OUT bound to: 25 - type: integer 
	Parameter bits_in bound to: 20 - type: integer 
	Parameter bits_out bound to: 44 - type: integer 
	Parameter WIDTH bound to: 44 - type: integer 
	Parameter WIDTH bound to: 44 - type: integer 
	Parameter bits_in bound to: 45 - type: integer 
	Parameter bits_out bound to: 44 - type: integer 
	Parameter bits_in bound to: 44 - type: integer 
	Parameter bits_out bound to: 25 - type: integer 
	Parameter bits_in bound to: 25 - type: integer 
	Parameter bits_out bound to: 24 - type: integer 
	Parameter bits_in bound to: 43 - type: integer 
	Parameter bits_out bound to: 33 - type: integer 
	Parameter STROBED bound to: 1 - type: integer 
	Parameter bits_in bound to: 43 - type: integer 
	Parameter bits_out bound to: 33 - type: integer 
WARNING: [Synth 8-7071] port 'reset' of module 'clip_reg' is unconnected for instance 'clip_i' [/home/f4tnk/dev/LibreSDR_UHD_B220_Mini_FPGA/src/libresdr_b210.srcs/sources_1/imports/lib/dsp/ddc_chain.v:448]
WARNING: [Synth 8-7023] instance 'clip_i' of module 'clip_reg' has 6 connections declared, but only 5 given [/home/f4tnk/dev/LibreSDR_UHD_B220_Mini_FPGA/src/libresdr_b210.srcs/sources_1/imports/lib/dsp/ddc_chain.v:448]
WARNING: [Synth 8-7071] port 'reset' of module 'clip_reg' is unconnected for instance 'clip_q' [/home/f4tnk/dev/LibreSDR_UHD_B220_Mini_FPGA/src/libresdr_b210.srcs/sources_1/imports/lib/dsp/ddc_chain.v:450]
WARNING: [Synth 8-7023] instance 'clip_q' of module 'clip_reg' has 6 connections declared, but only 5 given [/home/f4tnk/dev/LibreSDR_UHD_B220_Mini_FPGA/src/libresdr_b210.srcs/sources_1/imports/lib/dsp/ddc_chain.v:450]
	Parameter WIDTH_IN bound to: 33 - type: integer 
	Parameter WIDTH_OUT bound to: 16 - type: integer 
	Parameter SD_ORDER bound to: 2 - type: integer 
	Parameter bits_in bound to: 20 - type: integer 
	Parameter bits_out bound to: 18 - type: integer 
	Parameter bits_in bound to: 18 - type: integer 
	Parameter bits_out bound to: 33 - type: integer 
	Parameter WIDTH bound to: 33 - type: integer 
	Parameter WIDTH bound to: 33 - type: integer 
	Parameter bits_in bound to: 34 - type: integer 
	Parameter bits_out bound to: 33 - type: integer 
	Parameter bits_in bound to: 33 - type: integer 
	Parameter bits_out bound to: 16 - type: integer 
	Parameter my_addr bound to: 144 - type: integer 
	Parameter my_addr bound to: 145 - type: integer 
	Parameter width bound to: 18 - type: integer 
	Parameter my_addr bound to: 146 - type: integer 
	Parameter width bound to: 11 - type: integer 
	Parameter my_addr bound to: 147 - type: integer 
	Parameter width bound to: 4 - type: integer 
	Parameter my_addr bound to: 149 - type: integer 
	Parameter width bound to: 1 - type: integer 
	Parameter my_addr bound to: 150 - type: integer 
	Parameter width bound to: 18 - type: integer 
	Parameter at_reset bound to: 18'b010000000000000000 
	Parameter my_addr bound to: 151 - type: integer 
	Parameter width bound to: 18 - type: integer 
	Parameter at_reset bound to: 18'b000000000000000000 
	Parameter my_addr bound to: 152 - type: integer 
	Parameter width bound to: 16 - type: integer 
	Parameter WIDTH bound to: 24 - type: integer 
	Parameter ALPHA bound to: 20 - type: integer 
	Parameter WIDTH bound to: 24 - type: integer 
	Parameter DEVICE bound to: 7SERIES - type: string 
	Parameter DEVICE bound to: 7SERIES - type: string 
	Parameter LATENCY bound to: 1 - type: integer 
	Parameter WIDTH_A bound to: 24 - type: integer 
	Parameter WIDTH_B bound to: 18 - type: integer 
	Parameter bits_in bound to: 24 - type: integer 
	Parameter bits_out bound to: 25 - type: integer 
	Parameter bitwidth bound to: 25 - type: integer 
	Parameter bitwidth bound to: 27 - type: integer 
	Parameter zwidth bound to: 23 - type: integer 
	Parameter shift bound to: 0 - type: integer 
	Parameter bitwidth bound to: 27 - type: integer 
	Parameter zwidth bound to: 23 - type: integer 
	Parameter shift bound to: 1 - type: integer 
	Parameter bitwidth bound to: 27 - type: integer 
	Parameter zwidth bound to: 23 - type: integer 
	Parameter shift bound to: 2 - type: integer 
	Parameter bitwidth bound to: 27 - type: integer 
	Parameter zwidth bound to: 23 - type: integer 
	Parameter shift bound to: 3 - type: integer 
	Parameter bitwidth bound to: 27 - type: integer 
	Parameter zwidth bound to: 23 - type: integer 
	Parameter shift bound to: 4 - type: integer 
	Parameter bitwidth bound to: 27 - type: integer 
	Parameter zwidth bound to: 23 - type: integer 
	Parameter shift bound to: 5 - type: integer 
	Parameter bitwidth bound to: 27 - type: integer 
	Parameter zwidth bound to: 23 - type: integer 
	Parameter shift bound to: 6 - type: integer 
	Parameter bitwidth bound to: 27 - type: integer 
	Parameter zwidth bound to: 23 - type: integer 
	Parameter shift bound to: 7 - type: integer 
	Parameter bitwidth bound to: 27 - type: integer 
	Parameter zwidth bound to: 23 - type: integer 
	Parameter shift bound to: 8 - type: integer 
	Parameter bitwidth bound to: 27 - type: integer 
	Parameter zwidth bound to: 23 - type: integer 
	Parameter shift bound to: 9 - type: integer 
	Parameter bitwidth bound to: 27 - type: integer 
	Parameter zwidth bound to: 23 - type: integer 
	Parameter shift bound to: 10 - type: integer 
	Parameter bitwidth bound to: 27 - type: integer 
	Parameter zwidth bound to: 23 - type: integer 
	Parameter shift bound to: 11 - type: integer 
	Parameter bitwidth bound to: 27 - type: integer 
	Parameter zwidth bound to: 23 - type: integer 
	Parameter shift bound to: 12 - type: integer 
	Parameter bitwidth bound to: 27 - type: integer 
	Parameter zwidth bound to: 23 - type: integer 
	Parameter shift bound to: 13 - type: integer 
	Parameter bitwidth bound to: 27 - type: integer 
	Parameter zwidth bound to: 23 - type: integer 
	Parameter shift bound to: 14 - type: integer 
	Parameter bitwidth bound to: 27 - type: integer 
	Parameter zwidth bound to: 23 - type: integer 
	Parameter shift bound to: 15 - type: integer 
	Parameter bitwidth bound to: 27 - type: integer 
	Parameter zwidth bound to: 23 - type: integer 
	Parameter shift bound to: 16 - type: integer 
	Parameter bitwidth bound to: 27 - type: integer 
	Parameter zwidth bound to: 23 - type: integer 
	Parameter shift bound to: 17 - type: integer 
	Parameter bitwidth bound to: 27 - type: integer 
	Parameter zwidth bound to: 23 - type: integer 
	Parameter shift bound to: 18 - type: integer 
	Parameter bitwidth bound to: 27 - type: integer 
	Parameter zwidth bound to: 23 - type: integer 
	Parameter shift bound to: 19 - type: integer 
	Parameter bitwidth bound to: 27 - type: integer 
	Parameter zwidth bound to: 23 - type: integer 
	Parameter shift bound to: 20 - type: integer 
	Parameter bitwidth bound to: 27 - type: integer 
	Parameter zwidth bound to: 23 - type: integer 
	Parameter shift bound to: 21 - type: integer 
	Parameter bitwidth bound to: 27 - type: integer 
	Parameter zwidth bound to: 23 - type: integer 
	Parameter shift bound to: 22 - type: integer 
	Parameter bitwidth bound to: 27 - type: integer 
	Parameter zwidth bound to: 23 - type: integer 
	Parameter shift bound to: 23 - type: integer 
	Parameter bw bound to: 24 - type: integer 
	Parameter bits_in bound to: 24 - type: integer 
	Parameter bits_out bound to: 56 - type: integer 
	Parameter bw bound to: 24 - type: integer 
	Parameter WIDTH bound to: 24 - type: integer 
	Parameter bits_in bound to: 27 - type: integer 
	Parameter bits_out bound to: 24 - type: integer 
	Parameter BASE bound to: 8'b10001000 
	Parameter my_addr bound to: 8'b10001000 
	Parameter width bound to: 2 - type: integer 
	Parameter at_reset bound to: 2'b00 
	Parameter BASE bound to: 89 - type: integer 
WARNING: [Synth 8-7071] port 'changed' of module 'setting_reg' is unconnected for instance 'new_destination' [/home/f4tnk/dev/LibreSDR_UHD_B220_Mini_FPGA/src/libresdr_b210.srcs/sources_1/imports/lib/vita_200/chdr_16sc_to_12sc.v:70]
WARNING: [Synth 8-7023] instance 'new_destination' of module 'setting_reg' has 7 connections declared, but only 6 given [/home/f4tnk/dev/LibreSDR_UHD_B220_Mini_FPGA/src/libresdr_b210.srcs/sources_1/imports/lib/vita_200/chdr_16sc_to_12sc.v:70]
INFO: [Synth 8-155] case statement is not full and has no default [/home/f4tnk/dev/LibreSDR_UHD_B220_Mini_FPGA/src/libresdr_b210.srcs/sources_1/imports/lib/vita_200/chdr_16sc_to_12sc.v:228]
WARNING: [Synth 8-7071] port 'debug' of module 'chdr_16sc_to_12sc' is unconnected for instance 'convert_16sc_to_12sc' [/home/f4tnk/dev/LibreSDR_UHD_B220_Mini_FPGA/src/libresdr_b210.srcs/sources_1/imports/lib/vita_200/chdr_16sc_to_xxxx_chain.v:63]
WARNING: [Synth 8-7023] instance 'convert_16sc_to_12sc' of module 'chdr_16sc_to_12sc' has 14 connections declared, but only 13 given [/home/f4tnk/dev/LibreSDR_UHD_B220_Mini_FPGA/src/libresdr_b210.srcs/sources_1/imports/lib/vita_200/chdr_16sc_to_xxxx_chain.v:63]
	Parameter BASE bound to: 89 - type: integer 
WARNING: [Synth 8-7071] port 'changed' of module 'setting_reg' is unconnected for instance 'new_destination' [/home/f4tnk/dev/LibreSDR_UHD_B220_Mini_FPGA/src/libresdr_b210.srcs/sources_1/imports/lib/vita_200/chdr_16sc_to_32f.v:56]
WARNING: [Synth 8-7023] instance 'new_destination' of module 'setting_reg' has 7 connections declared, but only 6 given [/home/f4tnk/dev/LibreSDR_UHD_B220_Mini_FPGA/src/libresdr_b210.srcs/sources_1/imports/lib/vita_200/chdr_16sc_to_32f.v:56]
INFO: [Synth 8-226] default block is never used [/home/f4tnk/dev/LibreSDR_UHD_B220_Mini_FPGA/src/libresdr_b210.srcs/sources_1/imports/lib/vita_200/chdr_16sc_to_32f.v:82]
	Parameter BITS_IN bound to: 16 - type: integer 
	Parameter BITS_OUT bound to: 32 - type: integer 
	Parameter SIZE bound to: 16 - type: integer 
INFO: [Synth 8-226] default block is never used [/home/f4tnk/dev/LibreSDR_UHD_B220_Mini_FPGA/src/libresdr_b210.srcs/sources_1/imports/lib/vita_200/chdr_16sc_to_32f.v:125]
WARNING: [Synth 8-7071] port 'debug' of module 'chdr_16sc_to_32f' is unconnected for instance 'convert_16sc_to_32f' [/home/f4tnk/dev/LibreSDR_UHD_B220_Mini_FPGA/src/libresdr_b210.srcs/sources_1/imports/lib/vita_200/chdr_16sc_to_xxxx_chain.v:71]
WARNING: [Synth 8-7023] instance 'convert_16sc_to_32f' of module 'chdr_16sc_to_32f' has 14 connections declared, but only 13 given [/home/f4tnk/dev/LibreSDR_UHD_B220_Mini_FPGA/src/libresdr_b210.srcs/sources_1/imports/lib/vita_200/chdr_16sc_to_xxxx_chain.v:71]
	Parameter BASE bound to: 89 - type: integer 
WARNING: [Synth 8-7071] port 'changed' of module 'setting_reg' is unconnected for instance 'new_destination' [/home/f4tnk/dev/LibreSDR_UHD_B220_Mini_FPGA/src/libresdr_b210.srcs/sources_1/imports/lib/vita_200/chdr_16sc_to_8sc.v:53]
WARNING: [Synth 8-7023] instance 'new_destination' of module 'setting_reg' has 7 connections declared, but only 6 given [/home/f4tnk/dev/LibreSDR_UHD_B220_Mini_FPGA/src/libresdr_b210.srcs/sources_1/imports/lib/vita_200/chdr_16sc_to_8sc.v:53]
INFO: [Synth 8-226] default block is never used [/home/f4tnk/dev/LibreSDR_UHD_B220_Mini_FPGA/src/libresdr_b210.srcs/sources_1/imports/lib/vita_200/chdr_16sc_to_8sc.v:72]
	Parameter bits_in bound to: 16 - type: integer 
	Parameter bits_out bound to: 8 - type: integer 
WARNING: [Synth 8-7071] port 'err' of module 'round' is unconnected for instance 'round_i2' [/home/f4tnk/dev/LibreSDR_UHD_B220_Mini_FPGA/src/libresdr_b210.srcs/sources_1/imports/lib/vita_200/chdr_16sc_to_8sc.v:118]
WARNING: [Synth 8-7023] instance 'round_i2' of module 'round' has 3 connections declared, but only 2 given [/home/f4tnk/dev/LibreSDR_UHD_B220_Mini_FPGA/src/libresdr_b210.srcs/sources_1/imports/lib/vita_200/chdr_16sc_to_8sc.v:118]
WARNING: [Synth 8-7071] port 'err' of module 'round' is unconnected for instance 'round_q2' [/home/f4tnk/dev/LibreSDR_UHD_B220_Mini_FPGA/src/libresdr_b210.srcs/sources_1/imports/lib/vita_200/chdr_16sc_to_8sc.v:125]
WARNING: [Synth 8-7023] instance 'round_q2' of module 'round' has 3 connections declared, but only 2 given [/home/f4tnk/dev/LibreSDR_UHD_B220_Mini_FPGA/src/libresdr_b210.srcs/sources_1/imports/lib/vita_200/chdr_16sc_to_8sc.v:125]
WARNING: [Synth 8-7071] port 'err' of module 'round' is unconnected for instance 'round_i3' [/home/f4tnk/dev/LibreSDR_UHD_B220_Mini_FPGA/src/libresdr_b210.srcs/sources_1/imports/lib/vita_200/chdr_16sc_to_8sc.v:132]
WARNING: [Synth 8-7023] instance 'round_i3' of module 'round' has 3 connections declared, but only 2 given [/home/f4tnk/dev/LibreSDR_UHD_B220_Mini_FPGA/src/libresdr_b210.srcs/sources_1/imports/lib/vita_200/chdr_16sc_to_8sc.v:132]
WARNING: [Synth 8-7071] port 'err' of module 'round' is unconnected for instance 'round_q3' [/home/f4tnk/dev/LibreSDR_UHD_B220_Mini_FPGA/src/libresdr_b210.srcs/sources_1/imports/lib/vita_200/chdr_16sc_to_8sc.v:139]
WARNING: [Synth 8-7023] instance 'round_q3' of module 'round' has 3 connections declared, but only 2 given [/home/f4tnk/dev/LibreSDR_UHD_B220_Mini_FPGA/src/libresdr_b210.srcs/sources_1/imports/lib/vita_200/chdr_16sc_to_8sc.v:139]
WARNING: [Synth 8-7071] port 'err' of module 'round' is unconnected for instance 'round_i0' [/home/f4tnk/dev/LibreSDR_UHD_B220_Mini_FPGA/src/libresdr_b210.srcs/sources_1/imports/lib/vita_200/chdr_16sc_to_8sc.v:147]
WARNING: [Synth 8-7023] instance 'round_i0' of module 'round' has 3 connections declared, but only 2 given [/home/f4tnk/dev/LibreSDR_UHD_B220_Mini_FPGA/src/libresdr_b210.srcs/sources_1/imports/lib/vita_200/chdr_16sc_to_8sc.v:147]
WARNING: [Synth 8-7071] port 'err' of module 'round' is unconnected for instance 'round_q0' [/home/f4tnk/dev/LibreSDR_UHD_B220_Mini_FPGA/src/libresdr_b210.srcs/sources_1/imports/lib/vita_200/chdr_16sc_to_8sc.v:152]
WARNING: [Synth 8-7023] instance 'round_q0' of module 'round' has 3 connections declared, but only 2 given [/home/f4tnk/dev/LibreSDR_UHD_B220_Mini_FPGA/src/libresdr_b210.srcs/sources_1/imports/lib/vita_200/chdr_16sc_to_8sc.v:152]
WARNING: [Synth 8-7071] port 'err' of module 'round' is unconnected for instance 'round_i1' [/home/f4tnk/dev/LibreSDR_UHD_B220_Mini_FPGA/src/libresdr_b210.srcs/sources_1/imports/lib/vita_200/chdr_16sc_to_8sc.v:159]
WARNING: [Synth 8-7023] instance 'round_i1' of module 'round' has 3 connections declared, but only 2 given [/home/f4tnk/dev/LibreSDR_UHD_B220_Mini_FPGA/src/libresdr_b210.srcs/sources_1/imports/lib/vita_200/chdr_16sc_to_8sc.v:159]
WARNING: [Synth 8-7071] port 'err' of module 'round' is unconnected for instance 'round_q1' [/home/f4tnk/dev/LibreSDR_UHD_B220_Mini_FPGA/src/libresdr_b210.srcs/sources_1/imports/lib/vita_200/chdr_16sc_to_8sc.v:166]
WARNING: [Synth 8-7023] instance 'round_q1' of module 'round' has 3 connections declared, but only 2 given [/home/f4tnk/dev/LibreSDR_UHD_B220_Mini_FPGA/src/libresdr_b210.srcs/sources_1/imports/lib/vita_200/chdr_16sc_to_8sc.v:166]
INFO: [Synth 8-226] default block is never used [/home/f4tnk/dev/LibreSDR_UHD_B220_Mini_FPGA/src/libresdr_b210.srcs/sources_1/imports/lib/vita_200/chdr_16sc_to_8sc.v:173]
WARNING: [Synth 8-7071] port 'debug' of module 'chdr_16sc_to_8sc' is unconnected for instance 'convert_16sc_to_8sc' [/home/f4tnk/dev/LibreSDR_UHD_B220_Mini_FPGA/src/libresdr_b210.srcs/sources_1/imports/lib/vita_200/chdr_16sc_to_xxxx_chain.v:78]
WARNING: [Synth 8-7023] instance 'convert_16sc_to_8sc' of module 'chdr_16sc_to_8sc' has 14 connections declared, but only 13 given [/home/f4tnk/dev/LibreSDR_UHD_B220_Mini_FPGA/src/libresdr_b210.srcs/sources_1/imports/lib/vita_200/chdr_16sc_to_xxxx_chain.v:78]
	Parameter PRIO bound to: 0 - type: integer 
	Parameter WIDTH bound to: 64 - type: integer 
WARNING: [Synth 8-7071] port 'vita_time_b' of module 'radio_legacy' is unconnected for instance 'radio_0' [/home/f4tnk/dev/LibreSDR_UHD_B220_Mini_FPGA/src/libresdr_b210.srcs/sources_1/imports/lib/esdr_b210/top/b200_core.v:312]
WARNING: [Synth 8-7023] instance 'radio_0' of module 'radio_legacy' has 32 connections declared, but only 31 given [/home/f4tnk/dev/LibreSDR_UHD_B220_Mini_FPGA/src/libresdr_b210.srcs/sources_1/imports/lib/esdr_b210/top/b200_core.v:312]
	Parameter RADIO_FIFO_SIZE bound to: 11 - type: integer 
	Parameter SAMPLE_FIFO_SIZE bound to: 11 - type: integer 
	Parameter FP_GPIO bound to: 0 - type: integer 
	Parameter NEW_HB_INTERP bound to: 1 - type: integer 
	Parameter NEW_HB_DECIM bound to: 1 - type: integer 
	Parameter SOURCE_FLOW_CONTROL bound to: 0 - type: integer 
	Parameter USER_SETTINGS bound to: 0 - type: integer 
	Parameter DEVICE bound to: 7SERIES - type: string 
WARNING: [Synth 8-7071] port 'watchdog_clear' of module 'radio_ctrl_proc' is unconnected for instance 'radio_ctrl_proc' [/home/f4tnk/dev/LibreSDR_UHD_B220_Mini_FPGA/src/libresdr_b210.srcs/sources_1/imports/lib/radio_200/radio_legacy.v:165]
WARNING: [Synth 8-7023] instance 'radio_ctrl_proc' of module 'radio_ctrl_proc' has 19 connections declared, but only 18 given [/home/f4tnk/dev/LibreSDR_UHD_B220_Mini_FPGA/src/libresdr_b210.srcs/sources_1/imports/lib/radio_200/radio_legacy.v:165]
WARNING: [Synth 8-7071] port 'vita_time_b' of module 'radio_legacy' is unconnected for instance 'radio_1' [/home/f4tnk/dev/LibreSDR_UHD_B220_Mini_FPGA/src/libresdr_b210.srcs/sources_1/imports/lib/esdr_b210/top/b200_core.v:344]
WARNING: [Synth 8-7023] instance 'radio_1' of module 'radio_legacy' has 32 connections declared, but only 31 given [/home/f4tnk/dev/LibreSDR_UHD_B220_Mini_FPGA/src/libresdr_b210.srcs/sources_1/imports/lib/esdr_b210/top/b200_core.v:344]
INFO: [Synth 8-155] case statement is not full and has no default [/home/f4tnk/dev/LibreSDR_UHD_B220_Mini_FPGA/src/libresdr_b210.srcs/sources_1/imports/lib/control/serial_to_settings.v:54]
INFO: [Synth 8-155] case statement is not full and has no default [/home/f4tnk/dev/LibreSDR_UHD_B220_Mini_FPGA/src/libresdr_b210.srcs/sources_1/imports/lib/wishbone/simple_uart.v:42]
INFO: [Synth 8-155] case statement is not full and has no default [/home/f4tnk/dev/LibreSDR_UHD_B220_Mini_FPGA/src/libresdr_b210.srcs/sources_1/imports/lib/wishbone/simple_uart.v:47]
	Parameter SIZE bound to: 0 - type: integer 
	Parameter WIDTH bound to: 8 - type: integer 
	Parameter SIZE bound to: 0 - type: integer 
	Parameter WIDTH bound to: 8 - type: integer 
	Parameter SIZE bound to: 8 - type: integer 
	Parameter WIDTH bound to: 8 - type: integer 
	Parameter SIZE bound to: 8 - type: integer 
	Parameter WIDTH bound to: 8 - type: integer 
	Parameter SIZE bound to: 8 - type: integer 
	Parameter DWIDTH bound to: 8 - type: integer 
	Parameter AWIDTH bound to: 8 - type: integer 
	Parameter DWIDTH bound to: 8 - type: integer 
	Parameter AWIDTH bound to: 8 - type: integer 
	Parameter RW_MODE bound to: READ-FIRST - type: string 
	Parameter OUT_REG bound to: 0 - type: integer 
	Parameter INIT_FILE bound to: (null) - type: string 
INFO: [Synth 8-155] case statement is not full and has no default [/home/f4tnk/dev/LibreSDR_UHD_B220_Mini_FPGA/src/libresdr_b210.srcs/sources_1/imports/lib/fifo/axi_fifo_bram.v:85]
	Parameter WIDTH bound to: 10 - type: integer 
	Parameter DATA_RX_FIFO_SIZE bound to: 15 - type: integer 
	Parameter DATA_TX_FIFO_SIZE bound to: 14 - type: integer 
	Parameter FIFO_SIZE bound to: 14 - type: integer 
	Parameter WIDTH bound to: 33 - type: integer 
	Parameter SIZE bound to: 5 - type: integer 
	Parameter WIDTH bound to: 33 - type: integer 
	Parameter WIDTH bound to: 33 - type: integer 
	Parameter SIZE bound to: 12 - type: integer 
	Parameter DWIDTH bound to: 33 - type: integer 
	Parameter AWIDTH bound to: 12 - type: integer 
	Parameter DWIDTH bound to: 33 - type: integer 
	Parameter AWIDTH bound to: 12 - type: integer 
	Parameter RW_MODE bound to: READ-FIRST - type: string 
	Parameter OUT_REG bound to: 0 - type: integer 
	Parameter INIT_FILE bound to: (null) - type: string 
INFO: [Synth 8-155] case statement is not full and has no default [/home/f4tnk/dev/LibreSDR_UHD_B220_Mini_FPGA/src/libresdr_b210.srcs/sources_1/imports/lib/fifo_200/axi_fifo_legacy.v:96]
	Parameter WIDTH bound to: 33 - type: integer 
	Parameter SIZE bound to: 14 - type: integer 
WARNING: [Synth 8-7071] port 'wr_rst_busy' of module 'fifo_4k_2clk' is unconnected for instance 'impl_bram_i' [/home/f4tnk/dev/LibreSDR_UHD_B220_Mini_FPGA/src/libresdr_b210.srcs/sources_1/imports/lib/fifo/axi_fifo_2clk.v:135]
WARNING: [Synth 8-7071] port 'rd_rst_busy' of module 'fifo_4k_2clk' is unconnected for instance 'impl_bram_i' [/home/f4tnk/dev/LibreSDR_UHD_B220_Mini_FPGA/src/libresdr_b210.srcs/sources_1/imports/lib/fifo/axi_fifo_2clk.v:135]
WARNING: [Synth 8-7023] instance 'impl_bram_i' of module 'fifo_4k_2clk' has 13 connections declared, but only 11 given [/home/f4tnk/dev/LibreSDR_UHD_B220_Mini_FPGA/src/libresdr_b210.srcs/sources_1/imports/lib/fifo/axi_fifo_2clk.v:135]
	Parameter WIDTH bound to: 33 - type: integer 
	Parameter WIDTH bound to: 33 - type: integer 
	Parameter SIZE bound to: 14 - type: integer 
	Parameter DWIDTH bound to: 33 - type: integer 
	Parameter AWIDTH bound to: 14 - type: integer 
	Parameter DWIDTH bound to: 33 - type: integer 
	Parameter AWIDTH bound to: 14 - type: integer 
	Parameter RW_MODE bound to: READ-FIRST - type: string 
	Parameter OUT_REG bound to: 0 - type: integer 
	Parameter INIT_FILE bound to: (null) - type: string 
INFO: [Synth 8-155] case statement is not full and has no default [/home/f4tnk/dev/LibreSDR_UHD_B220_Mini_FPGA/src/libresdr_b210.srcs/sources_1/imports/lib/fifo/axi_fifo_bram.v:85]
	Parameter SIZE bound to: 12 - type: integer 
	Parameter WIDTH bound to: 32 - type: integer 
	Parameter SIZE bound to: 12 - type: integer 
	Parameter USE_AS_BUFF bound to: 0 - type: integer 
	Parameter DWIDTH bound to: 33 - type: integer 
	Parameter AWIDTH bound to: 12 - type: integer 
	Parameter RW_MODE bound to: NO-CHANGE - type: string 
	Parameter RAM_TYPE bound to: AUTOMATIC - type: string 
	Parameter OUT_REG bound to: 0 - type: integer 
	Parameter DWIDTH bound to: 33 - type: integer 
	Parameter AWIDTH bound to: 12 - type: integer 
	Parameter RW_MODE bound to: NO-CHANGE - type: string 
	Parameter OUT_REG bound to: 0 - type: integer 
	Parameter INIT_FILE bound to: (null) - type: string 
	Parameter WIDTH bound to: 12 - type: integer 
	Parameter SIZE bound to: 1 - type: integer 
	Parameter WIDTH bound to: 12 - type: integer 
INFO: [Synth 8-226] default block is never used [/home/f4tnk/dev/LibreSDR_UHD_B220_Mini_FPGA/src/libresdr_b210.srcs/sources_1/imports/lib/fifo/axi_fifo32_to_fifo64.v:23]
	Parameter FIFO_SIZE bound to: 15 - type: integer 
	Parameter WIDTH bound to: 33 - type: integer 
	Parameter SIZE bound to: 15 - type: integer 
WARNING: [Synth 8-7071] port 'wr_rst_busy' of module 'fifo_4k_2clk' is unconnected for instance 'impl_bram_i' [/home/f4tnk/dev/LibreSDR_UHD_B220_Mini_FPGA/src/libresdr_b210.srcs/sources_1/imports/lib/fifo/axi_fifo_2clk.v:135]
WARNING: [Synth 8-7071] port 'rd_rst_busy' of module 'fifo_4k_2clk' is unconnected for instance 'impl_bram_i' [/home/f4tnk/dev/LibreSDR_UHD_B220_Mini_FPGA/src/libresdr_b210.srcs/sources_1/imports/lib/fifo/axi_fifo_2clk.v:135]
WARNING: [Synth 8-7023] instance 'impl_bram_i' of module 'fifo_4k_2clk' has 13 connections declared, but only 11 given [/home/f4tnk/dev/LibreSDR_UHD_B220_Mini_FPGA/src/libresdr_b210.srcs/sources_1/imports/lib/fifo/axi_fifo_2clk.v:135]
	Parameter WIDTH bound to: 33 - type: integer 
	Parameter SIZE bound to: 15 - type: integer 
	Parameter DWIDTH bound to: 33 - type: integer 
	Parameter AWIDTH bound to: 15 - type: integer 
	Parameter DWIDTH bound to: 33 - type: integer 
	Parameter AWIDTH bound to: 15 - type: integer 
	Parameter RW_MODE bound to: READ-FIRST - type: string 
	Parameter OUT_REG bound to: 0 - type: integer 
	Parameter INIT_FILE bound to: (null) - type: string 
INFO: [Synth 8-155] case statement is not full and has no default [/home/f4tnk/dev/LibreSDR_UHD_B220_Mini_FPGA/src/libresdr_b210.srcs/sources_1/imports/lib/fifo/axi_fifo_bram.v:85]
	Parameter WIDTH bound to: 33 - type: integer 
	Parameter SIZE bound to: 1 - type: integer 
	Parameter FIFO_SIZE bound to: 5 - type: integer 
	Parameter WIDTH bound to: 33 - type: integer 
	Parameter SIZE bound to: 5 - type: integer 
	Parameter FIFO_SIZE bound to: 5 - type: integer 
	Parameter DDR_CLK_EDGE bound to: OPPOSITE_EDGE - type: string 
	Parameter INIT bound to: 1'b0 
	Parameter SRTYPE bound to: SYNC - type: string 
WARNING: [Synth 8-7137] Register rx_i1_reg in module libresdr_b205_io has both Set and reset with same priority. This may cause simulation mismatches. Consider rewriting code  [/home/f4tnk/dev/LibreSDR_UHD_B220_Mini_FPGA/src/libresdr_b210.srcs/sources_1/imports/lib/cat_io/libresdr_b205_io.v:90]
WARNING: [Synth 8-7137] Register rx_q1_reg in module libresdr_b205_io has both Set and reset with same priority. This may cause simulation mismatches. Consider rewriting code  [/home/f4tnk/dev/LibreSDR_UHD_B220_Mini_FPGA/src/libresdr_b210.srcs/sources_1/imports/lib/cat_io/libresdr_b205_io.v:91]
WARNING: [Synth 8-7137] Register rx_i0_reg in module libresdr_b205_io has both Set and reset with same priority. This may cause simulation mismatches. Consider rewriting code  [/home/f4tnk/dev/LibreSDR_UHD_B220_Mini_FPGA/src/libresdr_b210.srcs/sources_1/imports/lib/cat_io/libresdr_b205_io.v:93]
WARNING: [Synth 8-7137] Register rx_q0_reg in module libresdr_b205_io has both Set and reset with same priority. This may cause simulation mismatches. Consider rewriting code  [/home/f4tnk/dev/LibreSDR_UHD_B220_Mini_FPGA/src/libresdr_b210.srcs/sources_1/imports/lib/cat_io/libresdr_b205_io.v:94]
WARNING: [Synth 8-7137] Register tx_i_reg in module libresdr_b205_io has both Set and reset with same priority. This may cause simulation mismatches. Consider rewriting code  [/home/f4tnk/dev/LibreSDR_UHD_B220_Mini_FPGA/src/libresdr_b210.srcs/sources_1/imports/lib/cat_io/libresdr_b205_io.v:116]
WARNING: [Synth 8-7137] Register tx_q_reg in module libresdr_b205_io has both Set and reset with same priority. This may cause simulation mismatches. Consider rewriting code  [/home/f4tnk/dev/LibreSDR_UHD_B220_Mini_FPGA/src/libresdr_b210.srcs/sources_1/imports/lib/cat_io/libresdr_b205_io.v:116]
WARNING: [Synth 8-7137] Register tx_i0_hold_reg in module libresdr_b205_io has both Set and reset with same priority. This may cause simulation mismatches. Consider rewriting code  [/home/f4tnk/dev/LibreSDR_UHD_B220_Mini_FPGA/src/libresdr_b210.srcs/sources_1/imports/lib/cat_io/libresdr_b205_io.v:141]
WARNING: [Synth 8-7137] Register tx_q0_hold_reg in module libresdr_b205_io has both Set and reset with same priority. This may cause simulation mismatches. Consider rewriting code  [/home/f4tnk/dev/LibreSDR_UHD_B220_Mini_FPGA/src/libresdr_b210.srcs/sources_1/imports/lib/cat_io/libresdr_b205_io.v:142]
WARNING: [Synth 8-6014] Unused sequential element HAS_TIME_reg_reg was removed.  [/home/f4tnk/dev/LibreSDR_UHD_B220_Mini_FPGA/src/libresdr_b210.srcs/sources_1/imports/lib/control_200/radio_ctrl_proc.v:74]
WARNING: [Synth 8-3848] Net debug in module/entity radio_ctrl_proc does not have driver. [/home/f4tnk/dev/LibreSDR_UHD_B220_Mini_FPGA/src/libresdr_b210.srcs/sources_1/imports/lib/control_200/radio_ctrl_proc.v:46]
WARNING: [Synth 8-6014] Unused sequential element saved_d3_reg was removed.  [/home/f4tnk/dev/LibreSDR_UHD_B220_Mini_FPGA/src/libresdr_b210.srcs/sources_1/imports/lib/dsp/small_hb_int.v:86]
WARNING: [Synth 8-6014] Unused sequential element stb_pipe7_reg was removed.  [/home/f4tnk/dev/LibreSDR_UHD_B220_Mini_FPGA/src/libresdr_b210.srcs/sources_1/imports/lib/dsp/hb47_int.v:145]
WARNING: [Synth 8-6014] Unused sequential element stb_pipe8_reg was removed.  [/home/f4tnk/dev/LibreSDR_UHD_B220_Mini_FPGA/src/libresdr_b210.srcs/sources_1/imports/lib/dsp/hb47_int.v:146]
WARNING: [Synth 8-6014] Unused sequential element stb_pipe9_reg was removed.  [/home/f4tnk/dev/LibreSDR_UHD_B220_Mini_FPGA/src/libresdr_b210.srcs/sources_1/imports/lib/dsp/hb47_int.v:147]
WARNING: [Synth 8-3848] Net debug in module/entity chdr_12sc_to_16sc does not have driver. [/home/f4tnk/dev/LibreSDR_UHD_B220_Mini_FPGA/src/libresdr_b210.srcs/sources_1/imports/lib/vita_200/chdr_12sc_to_16sc.v:28]
WARNING: [Synth 8-3848] Net debug in module/entity chdr_32f_to_16sc does not have driver. [/home/f4tnk/dev/LibreSDR_UHD_B220_Mini_FPGA/src/libresdr_b210.srcs/sources_1/imports/lib/vita_200/chdr_32f_to_16sc.v:25]
WARNING: [Synth 8-3848] Net debug in module/entity chdr_8sc_to_16sc does not have driver. [/home/f4tnk/dev/LibreSDR_UHD_B220_Mini_FPGA/src/libresdr_b210.srcs/sources_1/imports/lib/vita_200/chdr_8sc_to_16sc.v:23]
WARNING: [Synth 8-3848] Net debug in module/entity chdr_xxxx_to_16sc_chain does not have driver. [/home/f4tnk/dev/LibreSDR_UHD_B220_Mini_FPGA/src/libresdr_b210.srcs/sources_1/imports/lib/vita_200/chdr_xxxx_to_16sc_chain.v:28]
WARNING: [Synth 8-3848] Net debug in module/entity chdr_16sc_to_12sc does not have driver. [/home/f4tnk/dev/LibreSDR_UHD_B220_Mini_FPGA/src/libresdr_b210.srcs/sources_1/imports/lib/vita_200/chdr_16sc_to_12sc.v:30]
WARNING: [Synth 8-3848] Net debug in module/entity chdr_16sc_to_32f does not have driver. [/home/f4tnk/dev/LibreSDR_UHD_B220_Mini_FPGA/src/libresdr_b210.srcs/sources_1/imports/lib/vita_200/chdr_16sc_to_32f.v:27]
WARNING: [Synth 8-3848] Net debug in module/entity chdr_16sc_to_8sc does not have driver. [/home/f4tnk/dev/LibreSDR_UHD_B220_Mini_FPGA/src/libresdr_b210.srcs/sources_1/imports/lib/vita_200/chdr_16sc_to_8sc.v:23]
WARNING: [Synth 8-3848] Net debug in module/entity chdr_16sc_to_xxxx_chain does not have driver. [/home/f4tnk/dev/LibreSDR_UHD_B220_Mini_FPGA/src/libresdr_b210.srcs/sources_1/imports/lib/vita_200/chdr_16sc_to_xxxx_chain.v:27]
WARNING: [Synth 8-3848] Net fp_gpio_out in module/entity radio_legacy__parameterized0 does not have driver. [/home/f4tnk/dev/LibreSDR_UHD_B220_Mini_FPGA/src/libresdr_b210.srcs/sources_1/imports/lib/radio_200/radio_legacy.v:26]
WARNING: [Synth 8-3848] Net fp_gpio_ddr in module/entity radio_legacy__parameterized0 does not have driver. [/home/f4tnk/dev/LibreSDR_UHD_B220_Mini_FPGA/src/libresdr_b210.srcs/sources_1/imports/lib/radio_200/radio_legacy.v:26]
WARNING: [Synth 8-3848] Net fp_gpio_readback in module/entity radio_legacy__parameterized0 does not have driver. [/home/f4tnk/dev/LibreSDR_UHD_B220_Mini_FPGA/src/libresdr_b210.srcs/sources_1/imports/lib/radio_200/radio_legacy.v:150]
WARNING: [Synth 8-3848] Net debug in module/entity b200_core does not have driver. [/home/f4tnk/dev/LibreSDR_UHD_B220_Mini_FPGA/src/libresdr_b210.srcs/sources_1/imports/lib/esdr_b210/top/b200_core.v:78]
WARNING: [Synth 8-3848] Net gate_terror in module/entity gpif2_error_checker does not have driver. [/home/f4tnk/dev/LibreSDR_UHD_B220_Mini_FPGA/src/libresdr_b210.srcs/sources_1/imports/lib/gpif2/gpif2_error_checker.v:31]
WARNING: [Synth 8-6014] Unused sequential element last_addr_reg was removed.  [/home/f4tnk/dev/LibreSDR_UHD_B220_Mini_FPGA/src/libresdr_b210.srcs/sources_1/imports/lib/gpif2/gpif2_slave_fifo32.v:165]
WARNING: [Synth 8-3848] Net debug in module/entity gpif2_slave_fifo32 does not have driver. [/home/f4tnk/dev/LibreSDR_UHD_B220_Mini_FPGA/src/libresdr_b210.srcs/sources_1/imports/lib/gpif2/gpif2_slave_fifo32.v:52]
WARNING: [Synth 8-3936] Found unconnected internal register 'misc_outs_r_reg' and it is trimmed from '32' to '9' bits. [/home/f4tnk/dev/LibreSDR_UHD_B220_Mini_FPGA/src/libresdr_b210.srcs/sources_1/imports/lib/esdr_b210/top/libresdr_b210.v:411]
WARNING: [Synth 8-3917] design libresdr_b210 has port CAT_EN driven by constant 1
WARNING: [Synth 8-3917] design libresdr_b210 has port CAT_EN_AGC driven by constant 1
WARNING: [Synth 8-3917] design libresdr_b210 has port CAT_TXnRX driven by constant 1
WARNING: [Synth 8-3917] design libresdr_b210 has port CAT_SYNC driven by constant 0
WARNING: [Synth 8-3917] design libresdr_b210 has port CAT_CTL_IN[3] driven by constant 0
WARNING: [Synth 8-3917] design libresdr_b210 has port CAT_CTL_IN[2] driven by constant 0
WARNING: [Synth 8-3917] design libresdr_b210 has port CAT_CTL_IN[1] driven by constant 0
WARNING: [Synth 8-3917] design libresdr_b210 has port CAT_CTL_IN[0] driven by constant 1
WARNING: [Synth 8-3917] design libresdr_b210 has port REF_CLK_REQ driven by constant 1
WARNING: [Synth 8-3917] design libresdr_b210 has port LED_RX1_R driven by constant 1
WARNING: [Synth 8-3917] design libresdr_b210 has port LED_RX1_B driven by constant 1
WARNING: [Synth 8-3917] design libresdr_b210 has port LED_RX2_R driven by constant 1
WARNING: [Synth 8-3917] design libresdr_b210 has port LED_RX2_B driven by constant 1
WARNING: [Synth 8-3917] design libresdr_b210 has port LED_TXRX1_B driven by constant 1
WARNING: [Synth 8-3917] design libresdr_b210 has port LED_TXRX2_B driven by constant 1
WARNING: [Synth 8-7129] Port debug[31] in module gpif2_slave_fifo32 is either unconnected or has no load
WARNING: [Synth 8-7129] Port debug[30] in module gpif2_slave_fifo32 is either unconnected or has no load
WARNING: [Synth 8-7129] Port debug[29] in module gpif2_slave_fifo32 is either unconnected or has no load
WARNING: [Synth 8-7129] Port debug[28] in module gpif2_slave_fifo32 is either unconnected or has no load
WARNING: [Synth 8-7129] Port debug[27] in module gpif2_slave_fifo32 is either unconnected or has no load
WARNING: [Synth 8-7129] Port debug[26] in module gpif2_slave_fifo32 is either unconnected or has no load
WARNING: [Synth 8-7129] Port debug[25] in module gpif2_slave_fifo32 is either unconnected or has no load
WARNING: [Synth 8-7129] Port debug[24] in module gpif2_slave_fifo32 is either unconnected or has no load
WARNING: [Synth 8-7129] Port debug[23] in module gpif2_slave_fifo32 is either unconnected or has no load
WARNING: [Synth 8-7129] Port debug[22] in module gpif2_slave_fifo32 is either unconnected or has no load
WARNING: [Synth 8-7129] Port debug[21] in module gpif2_slave_fifo32 is either unconnected or has no load
WARNING: [Synth 8-7129] Port debug[20] in module gpif2_slave_fifo32 is either unconnected or has no load
WARNING: [Synth 8-7129] Port debug[19] in module gpif2_slave_fifo32 is either unconnected or has no load
WARNING: [Synth 8-7129] Port debug[18] in module gpif2_slave_fifo32 is either unconnected or has no load
WARNING: [Synth 8-7129] Port debug[17] in module gpif2_slave_fifo32 is either unconnected or has no load
WARNING: [Synth 8-7129] Port debug[16] in module gpif2_slave_fifo32 is either unconnected or has no load
WARNING: [Synth 8-7129] Port debug[15] in module gpif2_slave_fifo32 is either unconnected or has no load
WARNING: [Synth 8-7129] Port debug[14] in module gpif2_slave_fifo32 is either unconnected or has no load
WARNING: [Synth 8-7129] Port debug[13] in module gpif2_slave_fifo32 is either unconnected or has no load
WARNING: [Synth 8-7129] Port debug[12] in module gpif2_slave_fifo32 is either unconnected or has no load
WARNING: [Synth 8-7129] Port debug[11] in module gpif2_slave_fifo32 is either unconnected or has no load
WARNING: [Synth 8-7129] Port debug[10] in module gpif2_slave_fifo32 is either unconnected or has no load
WARNING: [Synth 8-7129] Port debug[9] in module gpif2_slave_fifo32 is either unconnected or has no load
WARNING: [Synth 8-7129] Port debug[8] in module gpif2_slave_fifo32 is either unconnected or has no load
WARNING: [Synth 8-7129] Port debug[7] in module gpif2_slave_fifo32 is either unconnected or has no load
WARNING: [Synth 8-7129] Port debug[6] in module gpif2_slave_fifo32 is either unconnected or has no load
WARNING: [Synth 8-7129] Port debug[5] in module gpif2_slave_fifo32 is either unconnected or has no load
WARNING: [Synth 8-7129] Port debug[4] in module gpif2_slave_fifo32 is either unconnected or has no load
WARNING: [Synth 8-7129] Port debug[3] in module gpif2_slave_fifo32 is either unconnected or has no load
WARNING: [Synth 8-7129] Port debug[2] in module gpif2_slave_fifo32 is either unconnected or has no load
WARNING: [Synth 8-7129] Port debug[1] in module gpif2_slave_fifo32 is either unconnected or has no load
WARNING: [Synth 8-7129] Port debug[0] in module gpif2_slave_fifo32 is either unconnected or has no load
WARNING: [Synth 8-7129] Port gpif_ctl[3] in module gpif2_slave_fifo32 is either unconnected or has no load
WARNING: [Synth 8-7129] Port gpif_ctl[2] in module gpif2_slave_fifo32 is either unconnected or has no load
WARNING: [Synth 8-7129] Port dat_i[31] in module simple_uart is either unconnected or has no load
WARNING: [Synth 8-7129] Port dat_i[30] in module simple_uart is either unconnected or has no load
WARNING: [Synth 8-7129] Port dat_i[29] in module simple_uart is either unconnected or has no load
WARNING: [Synth 8-7129] Port dat_i[28] in module simple_uart is either unconnected or has no load
WARNING: [Synth 8-7129] Port dat_i[27] in module simple_uart is either unconnected or has no load
WARNING: [Synth 8-7129] Port dat_i[26] in module simple_uart is either unconnected or has no load
WARNING: [Synth 8-7129] Port dat_i[25] in module simple_uart is either unconnected or has no load
WARNING: [Synth 8-7129] Port dat_i[24] in module simple_uart is either unconnected or has no load
WARNING: [Synth 8-7129] Port dat_i[23] in module simple_uart is either unconnected or has no load
WARNING: [Synth 8-7129] Port dat_i[22] in module simple_uart is either unconnected or has no load
WARNING: [Synth 8-7129] Port dat_i[21] in module simple_uart is either unconnected or has no load
WARNING: [Synth 8-7129] Port dat_i[20] in module simple_uart is either unconnected or has no load
WARNING: [Synth 8-7129] Port dat_i[19] in module simple_uart is either unconnected or has no load
WARNING: [Synth 8-7129] Port dat_i[18] in module simple_uart is either unconnected or has no load
WARNING: [Synth 8-7129] Port dat_i[17] in module simple_uart is either unconnected or has no load
WARNING: [Synth 8-7129] Port dat_i[16] in module simple_uart is either unconnected or has no load
WARNING: [Synth 8-7129] Port in[31] in module setting_reg__parameterized33 is either unconnected or has no load
WARNING: [Synth 8-7129] Port in[30] in module setting_reg__parameterized33 is either unconnected or has no load
WARNING: [Synth 8-7129] Port in[29] in module setting_reg__parameterized33 is either unconnected or has no load
WARNING: [Synth 8-7129] Port in[28] in module setting_reg__parameterized33 is either unconnected or has no load
WARNING: [Synth 8-7129] Port in[27] in module setting_reg__parameterized33 is either unconnected or has no load
WARNING: [Synth 8-7129] Port in[26] in module setting_reg__parameterized33 is either unconnected or has no load
WARNING: [Synth 8-7129] Port in[25] in module setting_reg__parameterized33 is either unconnected or has no load
WARNING: [Synth 8-7129] Port in[24] in module setting_reg__parameterized33 is either unconnected or has no load
WARNING: [Synth 8-7129] Port in[23] in module setting_reg__parameterized33 is either unconnected or has no load
WARNING: [Synth 8-7129] Port in[22] in module setting_reg__parameterized33 is either unconnected or has no load
WARNING: [Synth 8-7129] Port in[21] in module setting_reg__parameterized33 is either unconnected or has no load
WARNING: [Synth 8-7129] Port in[20] in module setting_reg__parameterized33 is either unconnected or has no load
WARNING: [Synth 8-7129] Port in[19] in module setting_reg__parameterized33 is either unconnected or has no load
WARNING: [Synth 8-7129] Port in[18] in module setting_reg__parameterized33 is either unconnected or has no load
WARNING: [Synth 8-7129] Port in[17] in module setting_reg__parameterized33 is either unconnected or has no load
WARNING: [Synth 8-7129] Port debug[31] in module chdr_16sc_to_8sc is either unconnected or has no load
WARNING: [Synth 8-7129] Port debug[30] in module chdr_16sc_to_8sc is either unconnected or has no load
WARNING: [Synth 8-7129] Port debug[29] in module chdr_16sc_to_8sc is either unconnected or has no load
WARNING: [Synth 8-7129] Port debug[28] in module chdr_16sc_to_8sc is either unconnected or has no load
WARNING: [Synth 8-7129] Port debug[27] in module chdr_16sc_to_8sc is either unconnected or has no load
WARNING: [Synth 8-7129] Port debug[26] in module chdr_16sc_to_8sc is either unconnected or has no load
WARNING: [Synth 8-7129] Port debug[25] in module chdr_16sc_to_8sc is either unconnected or has no load
WARNING: [Synth 8-7129] Port debug[24] in module chdr_16sc_to_8sc is either unconnected or has no load
WARNING: [Synth 8-7129] Port debug[23] in module chdr_16sc_to_8sc is either unconnected or has no load
WARNING: [Synth 8-7129] Port debug[22] in module chdr_16sc_to_8sc is either unconnected or has no load
WARNING: [Synth 8-7129] Port debug[21] in module chdr_16sc_to_8sc is either unconnected or has no load
WARNING: [Synth 8-7129] Port debug[20] in module chdr_16sc_to_8sc is either unconnected or has no load
WARNING: [Synth 8-7129] Port debug[19] in module chdr_16sc_to_8sc is either unconnected or has no load
WARNING: [Synth 8-7129] Port debug[18] in module chdr_16sc_to_8sc is either unconnected or has no load
WARNING: [Synth 8-7129] Port debug[17] in module chdr_16sc_to_8sc is either unconnected or has no load
WARNING: [Synth 8-7129] Port debug[16] in module chdr_16sc_to_8sc is either unconnected or has no load
WARNING: [Synth 8-7129] Port debug[15] in module chdr_16sc_to_8sc is either unconnected or has no load
WARNING: [Synth 8-7129] Port debug[14] in module chdr_16sc_to_8sc is either unconnected or has no load
WARNING: [Synth 8-7129] Port debug[13] in module chdr_16sc_to_8sc is either unconnected or has no load
WARNING: [Synth 8-7129] Port debug[12] in module chdr_16sc_to_8sc is either unconnected or has no load
WARNING: [Synth 8-7129] Port debug[11] in module chdr_16sc_to_8sc is either unconnected or has no load
WARNING: [Synth 8-7129] Port debug[10] in module chdr_16sc_to_8sc is either unconnected or has no load
WARNING: [Synth 8-7129] Port debug[9] in module chdr_16sc_to_8sc is either unconnected or has no load
WARNING: [Synth 8-7129] Port debug[8] in module chdr_16sc_to_8sc is either unconnected or has no load
WARNING: [Synth 8-7129] Port debug[7] in module chdr_16sc_to_8sc is either unconnected or has no load
WARNING: [Synth 8-7129] Port debug[6] in module chdr_16sc_to_8sc is either unconnected or has no load
WARNING: [Synth 8-7129] Port debug[5] in module chdr_16sc_to_8sc is either unconnected or has no load
WARNING: [Synth 8-7129] Port debug[4] in module chdr_16sc_to_8sc is either unconnected or has no load
WARNING: [Synth 8-7129] Port debug[3] in module chdr_16sc_to_8sc is either unconnected or has no load
WARNING: [Synth 8-7129] Port debug[2] in module chdr_16sc_to_8sc is either unconnected or has no load
WARNING: [Synth 8-7129] Port debug[1] in module chdr_16sc_to_8sc is either unconnected or has no load
WARNING: [Synth 8-7129] Port debug[0] in module chdr_16sc_to_8sc is either unconnected or has no load
WARNING: [Synth 8-7129] Port debug[31] in module chdr_16sc_to_32f is either unconnected or has no load
WARNING: [Synth 8-7129] Port debug[30] in module chdr_16sc_to_32f is either unconnected or has no load
WARNING: [Synth 8-7129] Port debug[29] in module chdr_16sc_to_32f is either unconnected or has no load
INFO: [Common 17-14] Message 'Synth 8-7129' appears 100 times and further instances of the messages will be disabled. Use the Tcl command set_msg_config to change the current settings.
---------------------------------------------------------------------------------
Finished RTL Elaboration : Time (s): cpu = 00:00:09 ; elapsed = 00:00:10 . Memory (MB): peak = 2551.750 ; gain = 795.141 ; free physical = 7116 ; free virtual = 17684
---------------------------------------------------------------------------------
---------------------------------------------------------------------------------
Start Handling Custom Attributes
---------------------------------------------------------------------------------
---------------------------------------------------------------------------------
Finished Handling Custom Attributes : Time (s): cpu = 00:00:09 ; elapsed = 00:00:10 . Memory (MB): peak = 2551.750 ; gain = 795.141 ; free physical = 7117 ; free virtual = 17685
---------------------------------------------------------------------------------
---------------------------------------------------------------------------------
Finished RTL Optimization Phase 1 : Time (s): cpu = 00:00:09 ; elapsed = 00:00:10 . Memory (MB): peak = 2551.750 ; gain = 795.141 ; free physical = 7117 ; free virtual = 17685
---------------------------------------------------------------------------------
Netlist sorting complete. Time (s): cpu = 00:00:00.47 ; elapsed = 00:00:00.47 . Memory (MB): peak = 2551.750 ; gain = 0.000 ; free physical = 7110 ; free virtual = 17678
INFO: [Netlist 29-17] Analyzing 99 Unisim elements for replacement
INFO: [Netlist 29-28] Unisim Transformation completed in 0 CPU seconds
INFO: [Project 1-570] Preparing netlist for logic optimization

Processing XDC Constraints
Initializing timing engine
Parsing XDC File [/home/f4tnk/dev/LibreSDR_UHD_B220_Mini_FPGA/src/libresdr_b210.gen/sources_1/ip/clk_wiz_0/clk_wiz_0/clk_wiz_0_in_context.xdc] for cell 'clk_wiz_0_10M_detect'
Finished Parsing XDC File [/home/f4tnk/dev/LibreSDR_UHD_B220_Mini_FPGA/src/libresdr_b210.gen/sources_1/ip/clk_wiz_0/clk_wiz_0/clk_wiz_0_in_context.xdc] for cell 'clk_wiz_0_10M_detect'
Parsing XDC File [/home/f4tnk/dev/LibreSDR_UHD_B220_Mini_FPGA/src/libresdr_b210.gen/gen_clks/ip/gen_clks/gen_clks/gen_clks_in_context.xdc] for cell 'u_gen_clocks_main'
Finished Parsing XDC File [/home/f4tnk/dev/LibreSDR_UHD_B220_Mini_FPGA/src/libresdr_b210.gen/gen_clks/ip/gen_clks/gen_clks/gen_clks_in_context.xdc] for cell 'u_gen_clocks_main'
Parsing XDC File [/home/f4tnk/dev/LibreSDR_UHD_B220_Mini_FPGA/src/libresdr_b210.gen/fifo_short_2clk/ip/fifo_short_2clk/fifo_short_2clk/fifo_short_2clk_in_context.xdc] for cell 'b200_core/radio_0/ctrl_fifo/fifo_section[0].impl_srl_i'
Finished Parsing XDC File [/home/f4tnk/dev/LibreSDR_UHD_B220_Mini_FPGA/src/libresdr_b210.gen/fifo_short_2clk/ip/fifo_short_2clk/fifo_short_2clk/fifo_short_2clk_in_context.xdc] for cell 'b200_core/radio_0/ctrl_fifo/fifo_section[0].impl_srl_i'
Parsing XDC File [/home/f4tnk/dev/LibreSDR_UHD_B220_Mini_FPGA/src/libresdr_b210.gen/fifo_short_2clk/ip/fifo_short_2clk/fifo_short_2clk/fifo_short_2clk_in_context.xdc] for cell 'b200_core/radio_0/resp_fifo/fifo_section[0].impl_srl_i'
Finished Parsing XDC File [/home/f4tnk/dev/LibreSDR_UHD_B220_Mini_FPGA/src/libresdr_b210.gen/fifo_short_2clk/ip/fifo_short_2clk/fifo_short_2clk/fifo_short_2clk_in_context.xdc] for cell 'b200_core/radio_0/resp_fifo/fifo_section[0].impl_srl_i'
Parsing XDC File [/home/f4tnk/dev/LibreSDR_UHD_B220_Mini_FPGA/src/libresdr_b210.gen/fifo_short_2clk/ip/fifo_short_2clk/fifo_short_2clk/fifo_short_2clk_in_context.xdc] for cell 'b200_core/radio_0/vita_time_fifo/fifo_section[0].impl_srl_i'
Finished Parsing XDC File [/home/f4tnk/dev/LibreSDR_UHD_B220_Mini_FPGA/src/libresdr_b210.gen/fifo_short_2clk/ip/fifo_short_2clk/fifo_short_2clk/fifo_short_2clk_in_context.xdc] for cell 'b200_core/radio_0/vita_time_fifo/fifo_section[0].impl_srl_i'
Parsing XDC File [/home/f4tnk/dev/LibreSDR_UHD_B220_Mini_FPGA/src/libresdr_b210.gen/fifo_short_2clk/ip/fifo_short_2clk/fifo_short_2clk/fifo_short_2clk_in_context.xdc] for cell 'b200_core/radio_1/ctrl_fifo/fifo_section[0].impl_srl_i'
Finished Parsing XDC File [/home/f4tnk/dev/LibreSDR_UHD_B220_Mini_FPGA/src/libresdr_b210.gen/fifo_short_2clk/ip/fifo_short_2clk/fifo_short_2clk/fifo_short_2clk_in_context.xdc] for cell 'b200_core/radio_1/ctrl_fifo/fifo_section[0].impl_srl_i'
Parsing XDC File [/home/f4tnk/dev/LibreSDR_UHD_B220_Mini_FPGA/src/libresdr_b210.gen/fifo_short_2clk/ip/fifo_short_2clk/fifo_short_2clk/fifo_short_2clk_in_context.xdc] for cell 'b200_core/radio_1/resp_fifo/fifo_section[0].impl_srl_i'
Finished Parsing XDC File [/home/f4tnk/dev/LibreSDR_UHD_B220_Mini_FPGA/src/libresdr_b210.gen/fifo_short_2clk/ip/fifo_short_2clk/fifo_short_2clk/fifo_short_2clk_in_context.xdc] for cell 'b200_core/radio_1/resp_fifo/fifo_section[0].impl_srl_i'
Parsing XDC File [/home/f4tnk/dev/LibreSDR_UHD_B220_Mini_FPGA/src/libresdr_b210.gen/fifo_short_2clk/ip/fifo_short_2clk/fifo_short_2clk/fifo_short_2clk_in_context.xdc] for cell 'b200_core/radio_1/vita_time_fifo/fifo_section[0].impl_srl_i'
Finished Parsing XDC File [/home/f4tnk/dev/LibreSDR_UHD_B220_Mini_FPGA/src/libresdr_b210.gen/fifo_short_2clk/ip/fifo_short_2clk/fifo_short_2clk/fifo_short_2clk_in_context.xdc] for cell 'b200_core/radio_1/vita_time_fifo/fifo_section[0].impl_srl_i'
Parsing XDC File [/home/f4tnk/dev/LibreSDR_UHD_B220_Mini_FPGA/src/libresdr_b210.gen/fifo_short_2clk/ip/fifo_short_2clk/fifo_short_2clk/fifo_short_2clk_in_context.xdc] for cell 'slave_fifo32/gpif2_to_fifo64_ctrl/cross_clock_fifo/fifo_section[0].impl_srl_i'
Finished Parsing XDC File [/home/f4tnk/dev/LibreSDR_UHD_B220_Mini_FPGA/src/libresdr_b210.gen/fifo_short_2clk/ip/fifo_short_2clk/fifo_short_2clk/fifo_short_2clk_in_context.xdc] for cell 'slave_fifo32/gpif2_to_fifo64_ctrl/cross_clock_fifo/fifo_section[0].impl_srl_i'
Parsing XDC File [/home/f4tnk/dev/LibreSDR_UHD_B220_Mini_FPGA/src/libresdr_b210.gen/fifo_short_2clk/ip/fifo_short_2clk/fifo_short_2clk/fifo_short_2clk_in_context.xdc] for cell 'slave_fifo32/fifo64_to_gpif2_resp/cross_clock_fifo/fifo_section[0].impl_srl_i'
Finished Parsing XDC File [/home/f4tnk/dev/LibreSDR_UHD_B220_Mini_FPGA/src/libresdr_b210.gen/fifo_short_2clk/ip/fifo_short_2clk/fifo_short_2clk/fifo_short_2clk_in_context.xdc] for cell 'slave_fifo32/fifo64_to_gpif2_resp/cross_clock_fifo/fifo_section[0].impl_srl_i'
Parsing XDC File [/home/f4tnk/dev/LibreSDR_UHD_B220_Mini_FPGA/src/libresdr_b210.gen/fifo_4k_2clk/ip/fifo_4k_2clk/fifo_4k_2clk/fifo_4k_2clk_in_context.xdc] for cell 'b200_core/radio_0/tx_fifo/fifo_section[0].impl_bram_i'
Finished Parsing XDC File [/home/f4tnk/dev/LibreSDR_UHD_B220_Mini_FPGA/src/libresdr_b210.gen/fifo_4k_2clk/ip/fifo_4k_2clk/fifo_4k_2clk/fifo_4k_2clk_in_context.xdc] for cell 'b200_core/radio_0/tx_fifo/fifo_section[0].impl_bram_i'
Parsing XDC File [/home/f4tnk/dev/LibreSDR_UHD_B220_Mini_FPGA/src/libresdr_b210.gen/fifo_4k_2clk/ip/fifo_4k_2clk/fifo_4k_2clk/fifo_4k_2clk_in_context.xdc] for cell 'b200_core/radio_0/rx_fifo/fifo_section[0].impl_bram_i'
Finished Parsing XDC File [/home/f4tnk/dev/LibreSDR_UHD_B220_Mini_FPGA/src/libresdr_b210.gen/fifo_4k_2clk/ip/fifo_4k_2clk/fifo_4k_2clk/fifo_4k_2clk_in_context.xdc] for cell 'b200_core/radio_0/rx_fifo/fifo_section[0].impl_bram_i'
Parsing XDC File [/home/f4tnk/dev/LibreSDR_UHD_B220_Mini_FPGA/src/libresdr_b210.gen/fifo_4k_2clk/ip/fifo_4k_2clk/fifo_4k_2clk/fifo_4k_2clk_in_context.xdc] for cell 'b200_core/radio_1/tx_fifo/fifo_section[0].impl_bram_i'
Finished Parsing XDC File [/home/f4tnk/dev/LibreSDR_UHD_B220_Mini_FPGA/src/libresdr_b210.gen/fifo_4k_2clk/ip/fifo_4k_2clk/fifo_4k_2clk/fifo_4k_2clk_in_context.xdc] for cell 'b200_core/radio_1/tx_fifo/fifo_section[0].impl_bram_i'
Parsing XDC File [/home/f4tnk/dev/LibreSDR_UHD_B220_Mini_FPGA/src/libresdr_b210.gen/fifo_4k_2clk/ip/fifo_4k_2clk/fifo_4k_2clk/fifo_4k_2clk_in_context.xdc] for cell 'b200_core/radio_1/rx_fifo/fifo_section[0].impl_bram_i'
Finished Parsing XDC File [/home/f4tnk/dev/LibreSDR_UHD_B220_Mini_FPGA/src/libresdr_b210.gen/fifo_4k_2clk/ip/fifo_4k_2clk/fifo_4k_2clk/fifo_4k_2clk_in_context.xdc] for cell 'b200_core/radio_1/rx_fifo/fifo_section[0].impl_bram_i'
Parsing XDC File [/home/f4tnk/dev/LibreSDR_UHD_B220_Mini_FPGA/src/libresdr_b210.gen/fifo_4k_2clk/ip/fifo_4k_2clk/fifo_4k_2clk/fifo_4k_2clk_in_context.xdc] for cell 'slave_fifo32/gpif2_to_fifo64_tx/cross_clock_fifo/fifo_section[0].impl_bram_i'
Finished Parsing XDC File [/home/f4tnk/dev/LibreSDR_UHD_B220_Mini_FPGA/src/libresdr_b210.gen/fifo_4k_2clk/ip/fifo_4k_2clk/fifo_4k_2clk/fifo_4k_2clk_in_context.xdc] for cell 'slave_fifo32/gpif2_to_fifo64_tx/cross_clock_fifo/fifo_section[0].impl_bram_i'
Parsing XDC File [/home/f4tnk/dev/LibreSDR_UHD_B220_Mini_FPGA/src/libresdr_b210.gen/fifo_4k_2clk/ip/fifo_4k_2clk/fifo_4k_2clk/fifo_4k_2clk_in_context.xdc] for cell 'slave_fifo32/fifo64_to_gpif2_rx/cross_clock_fifo/fifo_section[0].impl_bram_i'
Finished Parsing XDC File [/home/f4tnk/dev/LibreSDR_UHD_B220_Mini_FPGA/src/libresdr_b210.gen/fifo_4k_2clk/ip/fifo_4k_2clk/fifo_4k_2clk/fifo_4k_2clk_in_context.xdc] for cell 'slave_fifo32/fifo64_to_gpif2_rx/cross_clock_fifo/fifo_section[0].impl_bram_i'
Parsing XDC File [/home/f4tnk/dev/LibreSDR_UHD_B220_Mini_FPGA/src/libresdr_b210.srcs/constrs_2/imports/xdc/b210.xdc]
WARNING: [Vivado 12-508] No pins matched 'u_gen_clocks_main/inst/mmcm_adv_inst/CLKOUT1'. [/home/f4tnk/dev/LibreSDR_UHD_B220_Mini_FPGA/src/libresdr_b210.srcs/constrs_2/imports/xdc/b210.xdc:199]
INFO: [Timing 38-2] Deriving generated clocks [/home/f4tnk/dev/LibreSDR_UHD_B220_Mini_FPGA/src/libresdr_b210.srcs/constrs_2/imports/xdc/b210.xdc:199]
WARNING: [Vivado 12-508] No pins matched 'u_gen_clocks_main/inst/mmcm_adv_inst/CLKOUT1'. [/home/f4tnk/dev/LibreSDR_UHD_B220_Mini_FPGA/src/libresdr_b210.srcs/constrs_2/imports/xdc/b210.xdc:201]
WARNING: [Vivado 12-508] No pins matched 'u_gen_clocks_main/inst/mmcm_adv_inst/CLKOUT2'. [/home/f4tnk/dev/LibreSDR_UHD_B220_Mini_FPGA/src/libresdr_b210.srcs/constrs_2/imports/xdc/b210.xdc:202]
WARNING: [Vivado 12-508] No pins matched 'u_gen_clocks_main/inst/mmcm_adv_inst/CLKOUT1'. [/home/f4tnk/dev/LibreSDR_UHD_B220_Mini_FPGA/src/libresdr_b210.srcs/constrs_2/imports/xdc/b210.xdc:203]
Finished Parsing XDC File [/home/f4tnk/dev/LibreSDR_UHD_B220_Mini_FPGA/src/libresdr_b210.srcs/constrs_2/imports/xdc/b210.xdc]
WARNING: [Project 1-498] One or more constraints failed evaluation while reading constraint file [/home/f4tnk/dev/LibreSDR_UHD_B220_Mini_FPGA/src/libresdr_b210.srcs/constrs_2/imports/xdc/b210.xdc] and the design contains unresolved black boxes. These constraints will be read post-synthesis (as long as their source constraint file is marked as used_in_implementation) and should be applied correctly then. You should review the constraints listed in the file [.Xil/libresdr_b210_propImpl.xdc] and check the run log file to verify that these constraints were correctly applied.
INFO: [Project 1-236] Implementation specific constraints were found while reading constraint file [/home/f4tnk/dev/LibreSDR_UHD_B220_Mini_FPGA/src/libresdr_b210.srcs/constrs_2/imports/xdc/b210.xdc]. These constraints will be ignored for synthesis but will be used in implementation. Impacted constraints are listed in the file [.Xil/libresdr_b210_propImpl.xdc].
Resolution: To avoid this warning, move constraints listed in [.Xil/libresdr_b210_propImpl.xdc] to another XDC file and exclude this new file from synthesis with the used_in_synthesis property (File Properties dialog in GUI) and re-run elaboration/synthesis.
Completed Processing XDC Constraints

Netlist sorting complete. Time (s): cpu = 00:00:00.01 ; elapsed = 00:00:00.01 . Memory (MB): peak = 2670.488 ; gain = 0.000 ; free physical = 7047 ; free virtual = 17632
INFO: [Project 1-111] Unisim Transformation Summary:
  A total of 5 instances were transformed.
  BUFGMUX => BUFGCTRL (inverted pins: CE0): 1 instance 
  MULT18X18S => DSP48E1: 4 instances

Constraint Validation Runtime : Time (s): cpu = 00:00:00.1 ; elapsed = 00:00:00.1 . Memory (MB): peak = 2670.523 ; gain = 0.000 ; free physical = 7046 ; free virtual = 17632
---------------------------------------------------------------------------------
Finished Constraint Validation : Time (s): cpu = 00:00:21 ; elapsed = 00:00:21 . Memory (MB): peak = 2670.523 ; gain = 913.914 ; free physical = 7037 ; free virtual = 17625
---------------------------------------------------------------------------------
---------------------------------------------------------------------------------
Start Loading Part and Timing Information
---------------------------------------------------------------------------------
Loading part: xc7a200tfbg484-2
---------------------------------------------------------------------------------
Finished Loading Part and Timing Information : Time (s): cpu = 00:00:21 ; elapsed = 00:00:21 . Memory (MB): peak = 2678.492 ; gain = 921.883 ; free physical = 7037 ; free virtual = 17624
---------------------------------------------------------------------------------
---------------------------------------------------------------------------------
Start Applying 'set_property' XDC Constraints
---------------------------------------------------------------------------------
---------------------------------------------------------------------------------
Finished applying 'set_property' XDC Constraints : Time (s): cpu = 00:00:21 ; elapsed = 00:00:21 . Memory (MB): peak = 2678.492 ; gain = 921.883 ; free physical = 7037 ; free virtual = 17625
---------------------------------------------------------------------------------
INFO: [Synth 8-802] inferred FSM for state register 'state_reg' in module 'b205_ref_pll'
INFO: [Synth 8-802] inferred FSM for state register 'mx_state_reg' in module 'axi_mux4'
INFO: [Synth 8-802] inferred FSM for state register 'dm_state_reg' in module 'axi_demux4'
INFO: [Synth 8-802] inferred FSM for state register 'read_state_reg' in module 'axi_fifo_bram'
INFO: [Synth 8-802] inferred FSM for state register 'cp_state_reg' in module 'context_packet_gen'
INFO: [Synth 8-802] inferred FSM for state register 'rxd_state_reg' in module 'cvita_uart'
INFO: [Synth 8-802] inferred FSM for state register 'txd_state_reg' in module 'cvita_uart'
INFO: [Synth 8-802] inferred FSM for state register 'rc_state_reg' in module 'radio_ctrl_proc'
INFO: [Synth 8-802] inferred FSM for state register 'state_reg' in module 'simple_spi_core'
INFO: [Synth 8-802] inferred FSM for state register 'read_state_reg' in module 'axi_fifo_bram__parameterized0'
INFO: [Synth 8-802] inferred FSM for state register 'dm_state_reg' in module 'axi_demux4__parameterized0'
INFO: [Synth 8-802] inferred FSM for state register 'read_state_reg' in module 'axi_fifo_bram__parameterized1'
INFO: [Synth 8-802] inferred FSM for state register 'td_state_reg' in module 'new_tx_deframer'
INFO: [Synth 8-802] inferred FSM for state register 'state_reg' in module 'new_tx_control'
WARNING: [Synth 8-3936] Found unconnected internal register 'hold_tdata_reg' and it is trimmed from '64' to '48' bits. [/home/f4tnk/dev/LibreSDR_UHD_B220_Mini_FPGA/src/libresdr_b210.srcs/sources_1/imports/lib/vita_200/chdr_12sc_to_16sc.v:149]
INFO: [Synth 8-802] inferred FSM for state register 'state_reg' in module 'chdr_12sc_to_16sc'
INFO: [Synth 8-802] inferred FSM for state register 'state_reg' in module 'chdr_32f_to_16sc'
INFO: [Synth 8-802] inferred FSM for state register 'state_reg' in module 'chdr_8sc_to_16sc'
INFO: [Synth 8-802] inferred FSM for state register 'mx_state_reg' in module 'axi_mux4__parameterized0'
INFO: [Synth 8-802] inferred FSM for state register 'instate_reg' in module 'new_rx_framer'
INFO: [Synth 8-802] inferred FSM for state register 'outstate_reg' in module 'new_rx_framer'
INFO: [Synth 8-802] inferred FSM for state register 'ibs_state_reg' in module 'new_rx_control'
INFO: [Synth 8-802] inferred FSM for state register 'state_reg' in module 'chdr_16sc_to_12sc'
INFO: [Synth 8-802] inferred FSM for state register 'state_reg' in module 'chdr_16sc_to_32f'
INFO: [Synth 8-802] inferred FSM for state register 'state_reg' in module 'chdr_16sc_to_8sc'
INFO: [Synth 8-802] inferred FSM for state register 'mx_state_reg' in module 'axi_mux4__parameterized1'
INFO: [Synth 8-802] inferred FSM for state register 'state_reg' in module 'serial_to_settings'
INFO: [Synth 8-802] inferred FSM for state register 'read_state_reg' in module 'axi_fifo_bram__parameterized2'
INFO: [Synth 8-802] inferred FSM for state register 'read_state_reg' in module 'axi_fifo_legacy'
INFO: [Synth 8-802] inferred FSM for state register 'read_state_reg' in module 'axi_fifo_bram__parameterized3'
INFO: [Synth 8-802] inferred FSM for state register 'state_reg' in module 'gpif2_error_checker'
INFO: [Synth 8-802] inferred FSM for state register 'read_state_reg' in module 'axi_fifo_bram__parameterized4'
INFO: [Synth 8-802] inferred FSM for state register 'state_reg' in module 'gpif2_slave_fifo32'
---------------------------------------------------------------------------------------------------
                   State |                     New Encoding |                Previous Encoding 
---------------------------------------------------------------------------------------------------
                 MEASURE |                        000000001 |                        000000001
                 CAPTURE |                        000000010 |                        000000010
             CAPTURE_LAG |                        000000100 |                        000000100
            CAPTURE_LEAD |                        000001000 |                        000001000
         CALCULATE_ERROR |                        000010000 |                        000010000
      CALCULATE_10M_GAIN |                        000100000 |                        000100000
    CALCULATE_ADJUSTMENT |                        001000000 |                        001000000
  CALCULATE_OUTPUT_VALUE |                        010000000 |                        010000000
      APPLY_OUTPUT_VALUE |                        100000000 |                        100000000
---------------------------------------------------------------------------------------------------
INFO: [Synth 8-3354] encoded FSM with state register 'state_reg' using encoding 'one-hot' in module 'b205_ref_pll'
---------------------------------------------------------------------------------------------------
                   State |                     New Encoding |                Previous Encoding 
---------------------------------------------------------------------------------------------------
                 MX_IDLE |                            00001 |                             0000
                    MX_0 |                            00010 |                             0001
                    MX_1 |                            00100 |                             0010
                    MX_2 |                            01000 |                             0100
                    MX_3 |                            10000 |                             1000
---------------------------------------------------------------------------------------------------
INFO: [Synth 8-3354] encoded FSM with state register 'mx_state_reg' using encoding 'one-hot' in module 'axi_mux4'
---------------------------------------------------------------------------------------------------
                   State |                     New Encoding |                Previous Encoding 
---------------------------------------------------------------------------------------------------
                 DM_IDLE |                              000 |                             0000
                    DM_0 |                              001 |                             0001
                    DM_1 |                              010 |                             0010
                    DM_2 |                              011 |                             0100
                    DM_3 |                              100 |                             1000
---------------------------------------------------------------------------------------------------
INFO: [Synth 8-3354] encoded FSM with state register 'dm_state_reg' using encoding 'sequential' in module 'axi_demux4'
INFO: [Synth 8-3971] The signal "ram_2port_impl_auto:/ram_reg" was recognized as a true dual port RAM template.
---------------------------------------------------------------------------------------------------
                   State |                     New Encoding |                Previous Encoding 
---------------------------------------------------------------------------------------------------
                ST_EMPTY |                              001 |                               00
                PRE_READ |                              010 |                               01
                 READING |                              100 |                               10
---------------------------------------------------------------------------------------------------
INFO: [Synth 8-3354] encoded FSM with state register 'read_state_reg' using encoding 'one-hot' in module 'axi_fifo_bram'
---------------------------------------------------------------------------------------------------
                   State |                     New Encoding |                Previous Encoding 
---------------------------------------------------------------------------------------------------
                 CP_IDLE |                             0001 |                               00
                 CP_HEAD |                             0010 |                               01
                 CP_TIME |                             0100 |                               10
                 CP_DATA |                             1000 |                               11
---------------------------------------------------------------------------------------------------
INFO: [Synth 8-3354] encoded FSM with state register 'cp_state_reg' using encoding 'one-hot' in module 'context_packet_gen'
---------------------------------------------------------------------------------------------------
                   State |                     New Encoding |                Previous Encoding 
---------------------------------------------------------------------------------------------------
     TXD_STATE_RECV_CHDR |                             0001 |                               00
     TXD_STATE_RECV_TIME |                             0010 |                               01
     TXD_STATE_RECV_BODY |                             0100 |                               10
     TXD_STATE_DROP_FIFO |                             1000 |                               11
---------------------------------------------------------------------------------------------------
INFO: [Synth 8-3354] encoded FSM with state register 'txd_state_reg' using encoding 'one-hot' in module 'cvita_uart'
---------------------------------------------------------------------------------------------------
                   State |                     New Encoding |                Previous Encoding 
---------------------------------------------------------------------------------------------------
     RXD_STATE_RECV_CHAR |                             0001 |                               00
     RXD_STATE_PGEN_TRIG |                             0010 |                               01
     RXD_STATE_WAIT_DONE |                             0100 |                               10
     RXD_STATE_READ_FIFO |                             1000 |                               11
---------------------------------------------------------------------------------------------------
INFO: [Synth 8-3354] encoded FSM with state register 'rxd_state_reg' using encoding 'one-hot' in module 'cvita_uart'
---------------------------------------------------------------------------------------------------
                   State |                     New Encoding |                Previous Encoding 
---------------------------------------------------------------------------------------------------
                 RC_HEAD |                          0000001 |                             0000
                 RC_TIME |                          1000000 |                             0001
                 RC_DATA |                          0100000 |                             0010
                 RC_DUMP |                          0010000 |                             0011
            RC_RESP_HEAD |                          0001000 |                             0100
            RC_RESP_TIME |                          0000100 |                             0101
            RC_RESP_DATA |                          0000010 |                             0110
---------------------------------------------------------------------------------------------------
INFO: [Synth 8-3354] encoded FSM with state register 'rc_state_reg' using encoding 'one-hot' in module 'radio_ctrl_proc'
---------------------------------------------------------------------------------------------------
                   State |                     New Encoding |                Previous Encoding 
---------------------------------------------------------------------------------------------------
               WAIT_TRIG |                              000 |                              000
                PRE_IDLE |                              001 |                              001
                 CLK_REG |                              010 |                              010
                 CLK_INV |                              011 |                              011
               POST_IDLE |                              100 |                              100
                IDLE_SEN |                              101 |                              101
---------------------------------------------------------------------------------------------------
INFO: [Synth 8-3354] encoded FSM with state register 'state_reg' using encoding 'sequential' in module 'simple_spi_core'
INFO: [Synth 8-3971] The signal "ram_2port_impl_auto__parameterized0:/ram_reg" was recognized as a true dual port RAM template.
---------------------------------------------------------------------------------------------------
                   State |                     New Encoding |                Previous Encoding 
---------------------------------------------------------------------------------------------------
                ST_EMPTY |                              001 |                               00
                PRE_READ |                              010 |                               01
                 READING |                              100 |                               10
---------------------------------------------------------------------------------------------------
INFO: [Synth 8-3354] encoded FSM with state register 'read_state_reg' using encoding 'one-hot' in module 'axi_fifo_bram__parameterized0'
---------------------------------------------------------------------------------------------------
                   State |                     New Encoding |                Previous Encoding 
---------------------------------------------------------------------------------------------------
                 DM_IDLE |                              000 |                             0000
                    DM_0 |                              001 |                             0001
                    DM_1 |                              010 |                             0010
                    DM_2 |                              011 |                             0100
                    DM_3 |                              100 |                             1000
---------------------------------------------------------------------------------------------------
INFO: [Synth 8-3354] encoded FSM with state register 'dm_state_reg' using encoding 'sequential' in module 'axi_demux4__parameterized0'
INFO: [Synth 8-3971] The signal "ram_2port_impl_auto__parameterized1:/ram_reg" was recognized as a true dual port RAM template.
---------------------------------------------------------------------------------------------------
                   State |                     New Encoding |                Previous Encoding 
---------------------------------------------------------------------------------------------------
                ST_EMPTY |                              001 |                               00
                PRE_READ |                              010 |                               01
                 READING |                              100 |                               10
---------------------------------------------------------------------------------------------------
INFO: [Synth 8-3354] encoded FSM with state register 'read_state_reg' using encoding 'one-hot' in module 'axi_fifo_bram__parameterized1'
INFO: [Synth 8-3971] The signal "ram_2port_impl_auto__parameterized2:/ram_reg" was recognized as a true dual port RAM template.
---------------------------------------------------------------------------------------------------
                   State |                     New Encoding |                Previous Encoding 
---------------------------------------------------------------------------------------------------
                 TD_HEAD |                               00 |                               00
                 TD_DUMP |                               01 |                               11
                 TD_TIME |                               10 |                               01
                 TD_BODY |                               11 |                               10
---------------------------------------------------------------------------------------------------
INFO: [Synth 8-3354] encoded FSM with state register 'td_state_reg' using encoding 'sequential' in module 'new_tx_deframer'
---------------------------------------------------------------------------------------------------
                   State |                     New Encoding |                Previous Encoding 
---------------------------------------------------------------------------------------------------
                 ST_IDLE |                               01 |                              000
                ST_SAMP0 |                               11 |                              001
                ST_ERROR |                               00 |                              011
                ST_SAMP1 |                               10 |                              010
---------------------------------------------------------------------------------------------------
INFO: [Synth 8-3354] encoded FSM with state register 'state_reg' using encoding 'sequential' in module 'new_tx_control'
---------------------------------------------------------------------------------------------------
                   State |                     New Encoding |                Previous Encoding 
---------------------------------------------------------------------------------------------------
                  HEADER |                              000 |                              000
                    TIME |                              001 |                              001
           ODD_LINE_ZERO |                              010 |                              010
           EVEN_LINE_ONE |                              011 |                              011
            ODD_LINE_TWO |                              100 |                              100
         EVEN_LINE_THREE |                              101 |                              101
---------------------------------------------------------------------------------------------------
INFO: [Synth 8-3354] encoded FSM with state register 'state_reg' using encoding 'sequential' in module 'chdr_12sc_to_16sc'
---------------------------------------------------------------------------------------------------
                   State |                     New Encoding |                Previous Encoding 
---------------------------------------------------------------------------------------------------
                  HEADER |                               00 |                               00
                    TIME |                               01 |                               01
                     ODD |                               10 |                               10
                    EVEN |                               11 |                               11
---------------------------------------------------------------------------------------------------
INFO: [Synth 8-3354] encoded FSM with state register 'state_reg' using encoding 'sequential' in module 'chdr_32f_to_16sc'
---------------------------------------------------------------------------------------------------
                   State |                     New Encoding |                Previous Encoding 
---------------------------------------------------------------------------------------------------
                  HEADER |                               00 |                               00
                    TIME |                               01 |                               01
                     ODD |                               10 |                               10
                    EVEN |                               11 |                               11
---------------------------------------------------------------------------------------------------
INFO: [Synth 8-3354] encoded FSM with state register 'state_reg' using encoding 'sequential' in module 'chdr_8sc_to_16sc'
---------------------------------------------------------------------------------------------------
                   State |                     New Encoding |                Previous Encoding 
---------------------------------------------------------------------------------------------------
                 MX_IDLE |                              000 |                             0000
                    MX_0 |                              001 |                             0001
                    MX_1 |                              010 |                             0010
                    MX_2 |                              011 |                             0100
                    MX_3 |                              100 |                             1000
---------------------------------------------------------------------------------------------------
INFO: [Synth 8-3354] encoded FSM with state register 'mx_state_reg' using encoding 'sequential' in module 'axi_mux4__parameterized0'
---------------------------------------------------------------------------------------------------
                   State |                     New Encoding |                Previous Encoding 
---------------------------------------------------------------------------------------------------
                OUT_IDLE |                             0001 |                               00
                OUT_HEAD |                             0010 |                               01
                OUT_TIME |                             0100 |                               10
                OUT_BODY |                             1000 |                               11
---------------------------------------------------------------------------------------------------
INFO: [Synth 8-3354] encoded FSM with state register 'outstate_reg' using encoding 'one-hot' in module 'new_rx_framer'
---------------------------------------------------------------------------------------------------
                   State |                     New Encoding |                Previous Encoding 
---------------------------------------------------------------------------------------------------
                   START |                              001 |                               00
                  SECOND |                              010 |                               01
                   FIRST |                              100 |                               10
---------------------------------------------------------------------------------------------------
INFO: [Synth 8-3354] encoded FSM with state register 'instate_reg' using encoding 'one-hot' in module 'new_rx_framer'
---------------------------------------------------------------------------------------------------
                   State |                     New Encoding |                Previous Encoding 
---------------------------------------------------------------------------------------------------
                IBS_IDLE |                             0010 |                             0000
             IBS_LATECMD |                             1010 |                             1000
           IBS_LATE_TIME |                             1100 |                             1001
           IBS_LATE_DATA |                             0111 |                             1010
             IBS_RUNNING |                             1000 |                             0001
             IBS_OVERRUN |                             0100 |                             0010
            IBS_OVR_TIME |                             0000 |                             0011
            IBS_OVR_DATA |                             0001 |                             0100
         IBS_BROKENCHAIN |                             1001 |                             0101
            IBS_BRK_TIME |                             1101 |                             0110
            IBS_BRK_DATA |                             1011 |                             0111
---------------------------------------------------------------------------------------------------
INFO: [Synth 8-3354] encoded FSM with state register 'ibs_state_reg' using encoding 'sequential' in module 'new_rx_control'
---------------------------------------------------------------------------------------------------
                   State |                     New Encoding |                Previous Encoding 
---------------------------------------------------------------------------------------------------
                  HEADER |                              000 |                              000
                    TIME |                              101 |                              001
                 SAMPLE1 |                              010 |                              010
                 SAMPLE2 |                              100 |                              011
                 SAMPLE3 |                              011 |                              100
                 SAMPLE4 |                              001 |                              101
---------------------------------------------------------------------------------------------------
INFO: [Synth 8-3354] encoded FSM with state register 'state_reg' using encoding 'sequential' in module 'chdr_16sc_to_12sc'
WARNING: [Synth 8-327] inferring latch for variable 'curr_word_reg' [/home/f4tnk/dev/LibreSDR_UHD_B220_Mini_FPGA/src/libresdr_b210.srcs/sources_1/imports/lib/vita_200/chdr_16sc_to_12sc.v:229]
---------------------------------------------------------------------------------------------------
                   State |                     New Encoding |                Previous Encoding 
---------------------------------------------------------------------------------------------------
                  HEADER |                               00 |                               00
                    TIME |                               01 |                               01
                     ODD |                               10 |                               10
                    EVEN |                               11 |                               11
---------------------------------------------------------------------------------------------------
INFO: [Synth 8-3354] encoded FSM with state register 'state_reg' using encoding 'sequential' in module 'chdr_16sc_to_32f'
---------------------------------------------------------------------------------------------------
                   State |                     New Encoding |                Previous Encoding 
---------------------------------------------------------------------------------------------------
                  HEADER |                               00 |                               00
                    TIME |                               01 |                               01
                     ODD |                               10 |                               10
                    EVEN |                               11 |                               11
---------------------------------------------------------------------------------------------------
INFO: [Synth 8-3354] encoded FSM with state register 'state_reg' using encoding 'sequential' in module 'chdr_16sc_to_8sc'
---------------------------------------------------------------------------------------------------
                   State |                     New Encoding |                Previous Encoding 
---------------------------------------------------------------------------------------------------
                 MX_IDLE |                            00001 |                             0000
                    MX_0 |                            00010 |                             0001
                    MX_1 |                            00100 |                             0010
                    MX_2 |                            01000 |                             0100
                    MX_3 |                            10000 |                             1000
---------------------------------------------------------------------------------------------------
INFO: [Synth 8-3354] encoded FSM with state register 'mx_state_reg' using encoding 'one-hot' in module 'axi_mux4__parameterized1'
---------------------------------------------------------------------------------------------------
                   State |                     New Encoding |                Previous Encoding 
---------------------------------------------------------------------------------------------------
                  SEARCH |                            00001 |                              000
                 ADDRESS |                            00010 |                              001
                    DATA |                            00100 |                              010
                   STOP1 |                            01000 |                              011
                   STOP2 |                            10000 |                              100
---------------------------------------------------------------------------------------------------
INFO: [Synth 8-3354] encoded FSM with state register 'state_reg' using encoding 'one-hot' in module 'serial_to_settings'
INFO: [Synth 8-3971] The signal "ram_2port_impl_auto__parameterized3:/ram_reg" was recognized as a true dual port RAM template.
---------------------------------------------------------------------------------------------------
                   State |                     New Encoding |                Previous Encoding 
---------------------------------------------------------------------------------------------------
                ST_EMPTY |                              001 |                               00
                PRE_READ |                              010 |                               01
                 READING |                              100 |                               10
---------------------------------------------------------------------------------------------------
INFO: [Synth 8-3354] encoded FSM with state register 'read_state_reg' using encoding 'one-hot' in module 'axi_fifo_bram__parameterized2'
INFO: [Synth 8-3971] The signal "ram_2port_impl_auto__parameterized4:/ram_reg" was recognized as a true dual port RAM template.
---------------------------------------------------------------------------------------------------
                   State |                     New Encoding |                Previous Encoding 
---------------------------------------------------------------------------------------------------
                   EMPTY |                              001 |                               00
                PRE_READ |                              010 |                               01
                 READING |                              100 |                               10
---------------------------------------------------------------------------------------------------
INFO: [Synth 8-3354] encoded FSM with state register 'read_state_reg' using encoding 'one-hot' in module 'axi_fifo_legacy'
INFO: [Synth 8-3971] The signal "ram_2port_impl_auto__parameterized5:/ram_reg" was recognized as a true dual port RAM template.
---------------------------------------------------------------------------------------------------
                   State |                     New Encoding |                Previous Encoding 
---------------------------------------------------------------------------------------------------
                ST_EMPTY |                              001 |                               00
                PRE_READ |                              010 |                               01
                 READING |                              100 |                               10
---------------------------------------------------------------------------------------------------
INFO: [Synth 8-3354] encoded FSM with state register 'read_state_reg' using encoding 'one-hot' in module 'axi_fifo_bram__parameterized3'
INFO: [Synth 8-3971] The signal "ram_2port_impl_auto__parameterized6:/ram_reg" was recognized as a true dual port RAM template.
---------------------------------------------------------------------------------------------------
                   State |                     New Encoding |                Previous Encoding 
---------------------------------------------------------------------------------------------------
               STATE_HDR |                               00 |                               00
               STATE_FWD |                               01 |                               01
               STATE_EOF |                               10 |                               10
              STATE_WAIT |                               11 |                               11
---------------------------------------------------------------------------------------------------
INFO: [Synth 8-3354] encoded FSM with state register 'state_reg' using encoding 'sequential' in module 'gpif2_error_checker'
INFO: [Synth 8-3971] The signal "ram_2port_impl_auto__parameterized7:/ram_reg" was recognized as a true dual port RAM template.
---------------------------------------------------------------------------------------------------
                   State |                     New Encoding |                Previous Encoding 
---------------------------------------------------------------------------------------------------
                ST_EMPTY |                              001 |                               00
                PRE_READ |                              010 |                               01
                 READING |                              100 |                               10
---------------------------------------------------------------------------------------------------
INFO: [Synth 8-3354] encoded FSM with state register 'read_state_reg' using encoding 'one-hot' in module 'axi_fifo_bram__parameterized4'
---------------------------------------------------------------------------------------------------
                   State |                     New Encoding |                Previous Encoding 
---------------------------------------------------------------------------------------------------
              STATE_IDLE |                              000 |                             0000
              STATE_WAIT |                              111 |                             0100
             STATE_THINK |                              110 |                             0001
              STATE_READ |                              100 |                             0010
        STATE_READ_FLUSH |                              011 |                             0101
       STATE_READ_SINGLE |                              101 |                             0111
             STATE_WRITE |                              010 |                             0011
       STATE_WRITE_FLUSH |                              001 |                             0110
---------------------------------------------------------------------------------------------------
INFO: [Synth 8-3354] encoded FSM with state register 'state_reg' using encoding 'sequential' in module 'gpif2_slave_fifo32'
---------------------------------------------------------------------------------
Finished RTL Optimization Phase 2 : Time (s): cpu = 00:00:26 ; elapsed = 00:00:26 . Memory (MB): peak = 2678.492 ; gain = 921.883 ; free physical = 7035 ; free virtual = 17629
---------------------------------------------------------------------------------
INFO: [Synth 8-223] decloning instance 'bus_sync' (reset_sync) to 'gpif_sync'
---------------------------------------------------------------------------------
Start RTL Component Statistics 
---------------------------------------------------------------------------------
Detailed RTL Component Info : 
+---Adders : 
	   2 Input   64 Bit       Adders := 2     
	   3 Input   56 Bit       Adders := 16    
	   3 Input   48 Bit       Adders := 16    
	   2 Input   48 Bit       Adders := 8     
	   2 Input   45 Bit       Adders := 4     
	   3 Input   44 Bit       Adders := 8     
	   3 Input   42 Bit       Adders := 16    
	   2 Input   34 Bit       Adders := 4     
	   2 Input   32 Bit       Adders := 11    
	   2 Input   31 Bit       Adders := 8     
	   9 Input   31 Bit       Adders := 2     
	   2 Input   29 Bit       Adders := 6     
	   3 Input   29 Bit       Adders := 1     
	   2 Input   28 Bit       Adders := 3     
	   3 Input   27 Bit       Adders := 96    
	   2 Input   27 Bit       Adders := 8     
	   3 Input   26 Bit       Adders := 96    
	   2 Input   26 Bit       Adders := 5     
	   2 Input   25 Bit       Adders := 34    
	   3 Input   25 Bit       Adders := 4     
	   2 Input   24 Bit       Adders := 28    
	   3 Input   23 Bit       Adders := 96    
	   2 Input   21 Bit       Adders := 8     
	   3 Input   20 Bit       Adders := 4     
	   4 Input   20 Bit       Adders := 4     
	   2 Input   19 Bit       Adders := 8     
	   2 Input   18 Bit       Adders := 12    
	   3 Input   18 Bit       Adders := 12    
	   3 Input   17 Bit       Adders := 4     
	   2 Input   17 Bit       Adders := 8     
	   2 Input   16 Bit       Adders := 44    
	   3 Input   16 Bit       Adders := 12    
	   2 Input   15 Bit       Adders := 1     
	   2 Input   14 Bit       Adders := 1     
	   2 Input   13 Bit       Adders := 8     
	   2 Input   12 Bit       Adders := 16    
	   2 Input   11 Bit       Adders := 28    
	   3 Input    9 Bit       Adders := 16    
	   2 Input    9 Bit       Adders := 1     
	   2 Input    8 Bit       Adders := 48    
	   2 Input    7 Bit       Adders := 7     
	   2 Input    6 Bit       Adders := 36    
	   2 Input    5 Bit       Adders := 21    
	   2 Input    4 Bit       Adders := 9     
	   2 Input    3 Bit       Adders := 3     
	   2 Input    2 Bit       Adders := 77    
	   3 Input    2 Bit       Adders := 4     
+---XORs : 
	   3 Input     32 Bit         XORs := 2     
	   2 Input     32 Bit         XORs := 1     
	   4 Input     32 Bit         XORs := 1     
	   2 Input      8 Bit         XORs := 71    
	   4 Input      8 Bit         XORs := 12    
	   5 Input      8 Bit         XORs := 4     
	   4 Input      1 Bit         XORs := 4     
+---Registers : 
	              128 Bit    Registers := 2     
	               65 Bit    Registers := 64    
	               64 Bit    Registers := 23    
	               57 Bit    Registers := 1     
	               56 Bit    Registers := 36    
	               48 Bit    Registers := 26    
	               44 Bit    Registers := 4     
	               42 Bit    Registers := 32    
	               33 Bit    Registers := 38    
	               32 Bit    Registers := 72    
	               31 Bit    Registers := 8     
	               29 Bit    Registers := 9     
	               28 Bit    Registers := 5     
	               27 Bit    Registers := 103   
	               26 Bit    Registers := 101   
	               25 Bit    Registers := 20    
	               24 Bit    Registers := 95    
	               23 Bit    Registers := 100   
	               22 Bit    Registers := 2     
	               21 Bit    Registers := 8     
	               18 Bit    Registers := 276   
	               17 Bit    Registers := 16    
	               16 Bit    Registers := 30    
	               12 Bit    Registers := 37    
	               11 Bit    Registers := 30    
	               10 Bit    Registers := 11    
	                9 Bit    Registers := 2     
	                8 Bit    Registers := 75    
	                7 Bit    Registers := 9     
	                6 Bit    Registers := 36    
	                5 Bit    Registers := 22    
	                4 Bit    Registers := 14    
	                3 Bit    Registers := 13    
	                2 Bit    Registers := 24    
	                1 Bit    Registers := 909   
+---RAMs : 
	            1056K Bit	(32768 X 33 bit)          RAMs := 1     
	             528K Bit	(16384 X 33 bit)          RAMs := 1     
	             520K Bit	(8192 X 65 bit)          RAMs := 2     
	             132K Bit	(4096 X 33 bit)          RAMs := 6     
	             130K Bit	(2048 X 65 bit)          RAMs := 8     
	               2K Bit	(256 X 8 bit)          RAMs := 1     
	             1024 Bit	(128 X 8 bit)          RAMs := 2     
+---Muxes : 
	   2 Input   65 Bit        Muxes := 48    
	   2 Input   64 Bit        Muxes := 24    
	   4 Input   64 Bit        Muxes := 17    
	   6 Input   64 Bit        Muxes := 6     
	  10 Input   64 Bit        Muxes := 2     
	   3 Input   44 Bit        Muxes := 4     
	   2 Input   44 Bit        Muxes := 4     
	   2 Input   37 Bit        Muxes := 4     
	   3 Input   33 Bit        Muxes := 12    
	   2 Input   33 Bit        Muxes := 4     
	   2 Input   32 Bit        Muxes := 23    
	   6 Input   32 Bit        Muxes := 1     
	   4 Input   32 Bit        Muxes := 1     
	   8 Input   32 Bit        Muxes := 1     
	   2 Input   29 Bit        Muxes := 4     
	   4 Input   29 Bit        Muxes := 1     
	   9 Input   29 Bit        Muxes := 1     
	   3 Input   29 Bit        Muxes := 1     
	   2 Input   28 Bit        Muxes := 6     
	  11 Input   28 Bit        Muxes := 2     
	   4 Input   28 Bit        Muxes := 1     
	   2 Input   27 Bit        Muxes := 102   
	   7 Input   27 Bit        Muxes := 3     
	   2 Input   26 Bit        Muxes := 102   
	   4 Input   26 Bit        Muxes := 1     
	   2 Input   25 Bit        Muxes := 101   
	   3 Input   24 Bit        Muxes := 16    
	   2 Input   24 Bit        Muxes := 30    
	   4 Input   24 Bit        Muxes := 5     
	   2 Input   23 Bit        Muxes := 96    
	   2 Input   21 Bit        Muxes := 12    
	   2 Input   20 Bit        Muxes := 1     
	   3 Input   18 Bit        Muxes := 16    
	   2 Input   18 Bit        Muxes := 184   
	   2 Input   16 Bit        Muxes := 41    
	   5 Input   16 Bit        Muxes := 10    
	   3 Input   16 Bit        Muxes := 2     
	   6 Input   16 Bit        Muxes := 1     
	   4 Input   16 Bit        Muxes := 2     
	   8 Input   16 Bit        Muxes := 1     
	   2 Input   12 Bit        Muxes := 38    
	   2 Input   11 Bit        Muxes := 10    
	   2 Input    9 Bit        Muxes := 9     
	   9 Input    9 Bit        Muxes := 1     
	   2 Input    8 Bit        Muxes := 42    
	  15 Input    8 Bit        Muxes := 1     
	   7 Input    7 Bit        Muxes := 3     
	   2 Input    7 Bit        Muxes := 18    
	   6 Input    7 Bit        Muxes := 1     
	   2 Input    5 Bit        Muxes := 51    
	   5 Input    5 Bit        Muxes := 5     
	  11 Input    5 Bit        Muxes := 1     
	   5 Input    4 Bit        Muxes := 12    
	  11 Input    4 Bit        Muxes := 2     
	  18 Input    4 Bit        Muxes := 2     
	   4 Input    4 Bit        Muxes := 2     
	   2 Input    4 Bit        Muxes := 11    
	   3 Input    4 Bit        Muxes := 2     
	   7 Input    4 Bit        Muxes := 1     
	   3 Input    3 Bit        Muxes := 18    
	   2 Input    3 Bit        Muxes := 81    
	   4 Input    3 Bit        Muxes := 8     
	   6 Input    3 Bit        Muxes := 6     
	   5 Input    3 Bit        Muxes := 6     
	   7 Input    3 Bit        Muxes := 1     
	   9 Input    3 Bit        Muxes := 1     
	   8 Input    3 Bit        Muxes := 1     
	  14 Input    3 Bit        Muxes := 1     
	   2 Input    2 Bit        Muxes := 97    
	   4 Input    2 Bit        Muxes := 17    
	   7 Input    2 Bit        Muxes := 2     
	  12 Input    2 Bit        Muxes := 2     
	   5 Input    2 Bit        Muxes := 3     
	   3 Input    2 Bit        Muxes := 5     
	   2 Input    1 Bit        Muxes := 746   
	   4 Input    1 Bit        Muxes := 143   
	   3 Input    1 Bit        Muxes := 65    
	   5 Input    1 Bit        Muxes := 19    
	   7 Input    1 Bit        Muxes := 15    
	   6 Input    1 Bit        Muxes := 28    
	  11 Input    1 Bit        Muxes := 20    
	  15 Input    1 Bit        Muxes := 7     
	   9 Input    1 Bit        Muxes := 3     
	   8 Input    1 Bit        Muxes := 19    
---------------------------------------------------------------------------------
Finished RTL Component Statistics 
---------------------------------------------------------------------------------
---------------------------------------------------------------------------------
Start Part Resource Summary
---------------------------------------------------------------------------------
Part Resources:
DSPs: 740 (col length:100)
BRAMs: 730 (col length: RAMB18 100 RAMB36 50)
---------------------------------------------------------------------------------
Finished Part Resource Summary
---------------------------------------------------------------------------------
---------------------------------------------------------------------------------
Start Cross Boundary and Area Optimization
---------------------------------------------------------------------------------
WARNING: [Synth 8-3917] design libresdr_b210 has port CAT_EN driven by constant 1
WARNING: [Synth 8-3917] design libresdr_b210 has port CAT_EN_AGC driven by constant 1
WARNING: [Synth 8-3917] design libresdr_b210 has port CAT_TXnRX driven by constant 1
WARNING: [Synth 8-3917] design libresdr_b210 has port CAT_SYNC driven by constant 0
WARNING: [Synth 8-3917] design libresdr_b210 has port CAT_CTL_IN[3] driven by constant 0
WARNING: [Synth 8-3917] design libresdr_b210 has port CAT_CTL_IN[2] driven by constant 0
WARNING: [Synth 8-3917] design libresdr_b210 has port CAT_CTL_IN[1] driven by constant 0
WARNING: [Synth 8-3917] design libresdr_b210 has port CAT_CTL_IN[0] driven by constant 1
WARNING: [Synth 8-3917] design libresdr_b210 has port REF_CLK_REQ driven by constant 1
WARNING: [Synth 8-3917] design libresdr_b210 has port LED_RX1_R driven by constant 1
WARNING: [Synth 8-3917] design libresdr_b210 has port LED_RX1_B driven by constant 1
WARNING: [Synth 8-3917] design libresdr_b210 has port LED_RX2_R driven by constant 1
WARNING: [Synth 8-3917] design libresdr_b210 has port LED_RX2_B driven by constant 1
WARNING: [Synth 8-3917] design libresdr_b210 has port LED_TXRX1_B driven by constant 1
WARNING: [Synth 8-3917] design libresdr_b210 has port LED_TXRX2_B driven by constant 1
WARNING: [Synth 8-6014] Unused sequential element uart/simple_uart_rx/fifo/fifo_bram/ram/impl/ram_reg was removed. 
WARNING: [Synth 8-6014] Unused sequential element uart/simple_uart_tx/fifo/fifo_bram/ram/impl/ram_reg was removed. 
WARNING: [Synth 8-6014] Unused sequential element extra_rx_buff/fifo_bram/ram/impl/ram_reg was removed. 
WARNING: [Synth 8-6014] Unused sequential element extra_tx_buff/fifo_bram/ram/impl/ram_reg was removed. 
WARNING: [Synth 8-6014] Unused sequential element debug_uart/simple_uart_rx/fifo/fifo_bram/ram/impl/ram_reg was removed. 
INFO: [Synth 8-5587] ROM size for "cic_int_shifter/bitgain" is below threshold of ROM address width. It will be mapped to LUTs
INFO: [Synth 8-5587] ROM size for "cic_int_shifter/bitgain" is below threshold of ROM address width. It will be mapped to LUTs
INFO: [Synth 8-3886] merging instance 'new_hb.hb3_q0/d1_reg[0]' (FDRE) to 'new_hb.hb3_q0/d1_reg[1]'
INFO: [Synth 8-3886] merging instance 'new_hb.hb3_q0/d2_reg[0]' (FDRE) to 'new_hb.hb3_q0/d2_reg[1]'
INFO: [Synth 8-3886] merging instance 'new_hb.hb3_q0/d3_reg[0]' (FDRE) to 'new_hb.hb3_q0/d3_reg[1]'
INFO: [Synth 8-3886] merging instance 'new_hb.hb3_q0/d4_reg[0]' (FDRE) to 'new_hb.hb3_q0/d4_reg[1]'
INFO: [Synth 8-3886] merging instance 'new_hb.hb3_q0/d5_reg[0]' (FDRE) to 'new_hb.hb3_q0/d5_reg[1]'
INFO: [Synth 8-3886] merging instance 'new_hb.hb3_q0/d6_reg[0]' (FDRE) to 'new_hb.hb3_q0/d6_reg[1]'
INFO: [Synth 8-3333] propagating constant 0 across sequential element (\new_hb.hb3_q0 /\d1_reg[1] )
INFO: [Synth 8-3886] merging instance 'new_hb.hb3_q0/d2_reg[1]' (FDRE) to 'new_hb.hb3_q0/d1_reg[1]'
INFO: [Synth 8-3886] merging instance 'cic_interp_q/pipeline_reg[0][41]' (FDRE) to 'cic_interp_q/pipeline_reg[0][40]'
INFO: [Synth 8-3886] merging instance 'cic_interp_q/differentiator_reg[1][41]' (FDRE) to 'cic_interp_q/differentiator_reg[1][40]'
INFO: [Synth 8-3886] merging instance 'cic_interp_q/pipeline_reg[0][40]' (FDRE) to 'cic_interp_q/pipeline_reg[0][39]'
INFO: [Synth 8-3886] merging instance 'cic_interp_q/differentiator_reg[1][40]' (FDRE) to 'cic_interp_q/differentiator_reg[1][39]'
INFO: [Synth 8-3886] merging instance 'cic_interp_q/pipeline_reg[0][39]' (FDRE) to 'cic_interp_q/pipeline_reg[0][38]'
INFO: [Synth 8-3886] merging instance 'cic_interp_q/differentiator_reg[1][39]' (FDRE) to 'cic_interp_q/differentiator_reg[1][38]'
INFO: [Synth 8-3886] merging instance 'cic_interp_q/pipeline_reg[0][38]' (FDRE) to 'cic_interp_q/pipeline_reg[0][37]'
INFO: [Synth 8-3886] merging instance 'cic_interp_q/differentiator_reg[1][38]' (FDRE) to 'cic_interp_q/differentiator_reg[1][37]'
INFO: [Synth 8-3886] merging instance 'cic_interp_q/pipeline_reg[0][37]' (FDRE) to 'cic_interp_q/pipeline_reg[0][36]'
INFO: [Synth 8-3886] merging instance 'cic_interp_q/differentiator_reg[1][37]' (FDRE) to 'cic_interp_q/differentiator_reg[1][36]'
INFO: [Synth 8-3886] merging instance 'cic_interp_q/pipeline_reg[0][36]' (FDRE) to 'cic_interp_q/pipeline_reg[0][35]'
INFO: [Synth 8-3886] merging instance 'cic_interp_q/differentiator_reg[1][36]' (FDRE) to 'cic_interp_q/differentiator_reg[1][35]'
INFO: [Synth 8-3886] merging instance 'cic_interp_q/pipeline_reg[0][35]' (FDRE) to 'cic_interp_q/pipeline_reg[0][34]'
INFO: [Synth 8-3886] merging instance 'cic_interp_q/differentiator_reg[1][35]' (FDRE) to 'cic_interp_q/differentiator_reg[1][34]'
INFO: [Synth 8-3886] merging instance 'cic_interp_q/pipeline_reg[0][34]' (FDRE) to 'cic_interp_q/pipeline_reg[0][33]'
INFO: [Synth 8-3886] merging instance 'cic_interp_q/differentiator_reg[1][34]' (FDRE) to 'cic_interp_q/differentiator_reg[1][33]'
INFO: [Synth 8-3886] merging instance 'cic_interp_q/pipeline_reg[0][33]' (FDRE) to 'cic_interp_q/pipeline_reg[0][32]'
INFO: [Synth 8-3886] merging instance 'cic_interp_q/differentiator_reg[1][33]' (FDRE) to 'cic_interp_q/differentiator_reg[1][32]'
INFO: [Synth 8-3886] merging instance 'cic_interp_q/pipeline_reg[0][32]' (FDRE) to 'cic_interp_q/pipeline_reg[0][31]'
INFO: [Synth 8-3886] merging instance 'cic_interp_q/differentiator_reg[1][32]' (FDRE) to 'cic_interp_q/differentiator_reg[1][31]'
INFO: [Synth 8-3886] merging instance 'cic_interp_q/pipeline_reg[0][31]' (FDRE) to 'cic_interp_q/pipeline_reg[0][30]'
INFO: [Synth 8-3886] merging instance 'cic_interp_q/differentiator_reg[1][31]' (FDRE) to 'cic_interp_q/differentiator_reg[1][30]'
INFO: [Synth 8-3886] merging instance 'cic_interp_q/pipeline_reg[0][30]' (FDRE) to 'cic_interp_q/pipeline_reg[0][29]'
INFO: [Synth 8-3886] merging instance 'cic_interp_q/differentiator_reg[1][30]' (FDRE) to 'cic_interp_q/differentiator_reg[1][29]'
INFO: [Synth 8-3886] merging instance 'cic_interp_q/pipeline_reg[0][29]' (FDRE) to 'cic_interp_q/pipeline_reg[0][28]'
INFO: [Synth 8-3886] merging instance 'cic_interp_q/differentiator_reg[1][29]' (FDRE) to 'cic_interp_q/differentiator_reg[1][28]'
INFO: [Synth 8-3886] merging instance 'cic_interp_q/pipeline_reg[0][28]' (FDRE) to 'cic_interp_q/pipeline_reg[0][27]'
INFO: [Synth 8-3886] merging instance 'cic_interp_q/differentiator_reg[1][28]' (FDRE) to 'cic_interp_q/differentiator_reg[1][27]'
INFO: [Synth 8-3886] merging instance 'cic_interp_q/pipeline_reg[0][27]' (FDRE) to 'cic_interp_q/pipeline_reg[0][26]'
INFO: [Synth 8-3886] merging instance 'cic_interp_q/differentiator_reg[1][27]' (FDRE) to 'cic_interp_q/differentiator_reg[1][26]'
INFO: [Synth 8-3886] merging instance 'cic_interp_q/pipeline_reg[0][26]' (FDRE) to 'cic_interp_q/pipeline_reg[0][25]'
INFO: [Synth 8-3886] merging instance 'cic_interp_q/differentiator_reg[1][26]' (FDRE) to 'cic_interp_q/differentiator_reg[1][25]'
INFO: [Synth 8-3886] merging instance 'cic_interp_q/pipeline_reg[0][25]' (FDRE) to 'cic_interp_q/pipeline_reg[0][24]'
INFO: [Synth 8-3886] merging instance 'cic_interp_q/differentiator_reg[1][25]' (FDRE) to 'cic_interp_q/differentiator_reg[1][24]'
INFO: [Synth 8-3886] merging instance 'cic_interp_q/pipeline_reg[0][24]' (FDRE) to 'cic_interp_q/pipeline_reg[0][23]'
INFO: [Synth 8-3886] merging instance 'cic_interp_q/differentiator_reg[1][24]' (FDRE) to 'cic_interp_q/differentiator_reg[1][23]'
INFO: [Synth 8-3886] merging instance 'cic_interp_q/pipeline_reg[0][23]' (FDRE) to 'cic_interp_q/pipeline_reg[0][22]'
INFO: [Synth 8-3886] merging instance 'cic_interp_q/differentiator_reg[1][23]' (FDRE) to 'cic_interp_q/differentiator_reg[1][22]'
INFO: [Synth 8-3886] merging instance 'cic_interp_q/pipeline_reg[0][22]' (FDRE) to 'cic_interp_q/pipeline_reg[0][21]'
INFO: [Synth 8-3886] merging instance 'cic_interp_q/differentiator_reg[1][22]' (FDRE) to 'cic_interp_q/differentiator_reg[1][21]'
INFO: [Synth 8-3886] merging instance 'cic_interp_q/pipeline_reg[0][21]' (FDRE) to 'cic_interp_q/pipeline_reg[0][20]'
INFO: [Synth 8-3886] merging instance 'cic_interp_q/differentiator_reg[1][21]' (FDRE) to 'cic_interp_q/differentiator_reg[1][20]'
INFO: [Synth 8-3886] merging instance 'cic_interp_q/pipeline_reg[0][20]' (FDRE) to 'cic_interp_q/pipeline_reg[0][19]'
INFO: [Synth 8-3886] merging instance 'cic_interp_q/differentiator_reg[1][20]' (FDRE) to 'cic_interp_q/differentiator_reg[1][19]'
INFO: [Synth 8-3886] merging instance 'cic_interp_q/pipeline_reg[0][19]' (FDRE) to 'cic_interp_q/pipeline_reg[0][18]'
INFO: [Synth 8-3886] merging instance 'cic_interp_q/differentiator_reg[1][19]' (FDRE) to 'cic_interp_q/differentiator_reg[1][18]'
INFO: [Synth 8-3333] propagating constant 0 across sequential element (\new_hb.hb3_q0 /\d1_reg[1] )
INFO: [Synth 8-3886] merging instance 'new_hb.hb3_q0/d3_reg[1]' (FDRE) to 'new_hb.hb3_q0/d1_reg[1]'
INFO: [Synth 8-3333] propagating constant 0 across sequential element (\new_hb.hb3_q0 /\d1_reg[1] )
INFO: [Synth 8-3886] merging instance 'new_hb.hb3_q0/d4_reg[1]' (FDRE) to 'new_hb.hb3_q0/d1_reg[1]'
INFO: [Synth 8-3333] propagating constant 0 across sequential element (\new_hb.hb3_q0 /\add_inner/sum_reg[0] )
INFO: [Synth 8-3333] propagating constant 0 across sequential element (\new_hb.hb3_q0 /\d1_reg[1] )
INFO: [Synth 8-3886] merging instance 'new_hb.hb3_q0/d5_reg[1]' (FDRE) to 'new_hb.hb3_q0/d1_reg[1]'
INFO: [Synth 8-3886] merging instance 'new_hb.hb3_q0/add_inner/sum_reg[0]' (FD) to 'new_hb.hb3_q0/add_outer/sum_reg[0]'
INFO: [Synth 8-3333] propagating constant 0 across sequential element (\new_hb.hb3_q0 /\add_outer/sum_reg[0] )
INFO: [Synth 8-3333] propagating constant 0 across sequential element (\new_hb.hb3_q0 /\d1_reg[1] )
INFO: [Synth 8-3886] merging instance 'new_hb.hb3_q0/d6_reg[1]' (FDRE) to 'new_hb.hb3_q0/d1_reg[1]'
INFO: [Synth 8-3333] propagating constant 0 across sequential element (\new_hb.hb3_q0 /\d1_reg[1] )
INFO: [Synth 8-3333] propagating constant 0 across sequential element (cordic/\x0_reg[0] )
INFO: [Synth 8-3333] propagating constant 0 across sequential element (cordic/\y0_reg[0] )
INFO: [Synth 8-3333] propagating constant 0 across sequential element (cordic/\x0_reg[1] )
INFO: [Synth 8-3333] propagating constant 0 across sequential element (cordic/\y0_reg[1] )
INFO: [Synth 8-3333] propagating constant 0 across sequential element (cordic/\x0_reg[2] )
INFO: [Synth 8-3333] propagating constant 0 across sequential element (cordic/\y0_reg[2] )
INFO: [Synth 8-3333] propagating constant 0 across sequential element (cordic/\x0_reg[3] )
INFO: [Synth 8-3333] propagating constant 0 across sequential element (cordic/\y0_reg[3] )
INFO: [Synth 8-3333] propagating constant 0 across sequential element (cordic/\x0_reg[4] )
INFO: [Synth 8-3333] propagating constant 0 across sequential element (cordic/\y0_reg[4] )
INFO: [Synth 8-3333] propagating constant 0 across sequential element (cordic/\x0_reg[5] )
INFO: [Synth 8-3333] propagating constant 0 across sequential element (cordic/\y0_reg[5] )
INFO: [Synth 8-3333] propagating constant 0 across sequential element (cordic/\cordic_stage0/xo_reg[0] )
INFO: [Synth 8-3333] propagating constant 0 across sequential element (cordic/\cordic_stage0/yo_reg[0] )
INFO: [Synth 8-3333] propagating constant 0 across sequential element (cordic/\cordic_stage0/xo_reg[1] )
INFO: [Synth 8-3333] propagating constant 0 across sequential element (cordic/\cordic_stage0/yo_reg[1] )
INFO: [Synth 8-3333] propagating constant 0 across sequential element (cordic/\cordic_stage0/xo_reg[2] )
INFO: [Synth 8-3333] propagating constant 0 across sequential element (cordic/\cordic_stage0/yo_reg[2] )
INFO: [Synth 8-3333] propagating constant 0 across sequential element (cordic/\cordic_stage0/xo_reg[3] )
INFO: [Synth 8-3333] propagating constant 0 across sequential element (cordic/\cordic_stage0/yo_reg[3] )
INFO: [Synth 8-3333] propagating constant 0 across sequential element (cordic/\cordic_stage0/xo_reg[4] )
INFO: [Synth 8-3333] propagating constant 0 across sequential element (cordic/\cordic_stage0/yo_reg[4] )
INFO: [Synth 8-3333] propagating constant 0 across sequential element (cordic/\cordic_stage0/xo_reg[5] )
INFO: [Synth 8-3333] propagating constant 0 across sequential element (cordic/\cordic_stage0/yo_reg[5] )
INFO: [Synth 8-3333] propagating constant 0 across sequential element (cordic/\cordic_stage1/yo_reg[0] )
INFO: [Synth 8-3333] propagating constant 0 across sequential element (cordic/\cordic_stage1/yo_reg[1] )
INFO: [Synth 8-3333] propagating constant 0 across sequential element (cordic/\cordic_stage1/xo_reg[0] )
INFO: [Synth 8-3333] propagating constant 0 across sequential element (cordic/\cordic_stage1/yo_reg[2] )
INFO: [Synth 8-3333] propagating constant 0 across sequential element (cordic/\cordic_stage1/xo_reg[1] )
INFO: [Synth 8-3333] propagating constant 0 across sequential element (cordic/\cordic_stage1/yo_reg[3] )
INFO: [Synth 8-3333] propagating constant 0 across sequential element (cordic/\cordic_stage1/xo_reg[2] )
INFO: [Synth 8-3333] propagating constant 0 across sequential element (cordic/\cordic_stage1/yo_reg[4] )
INFO: [Synth 8-3333] propagating constant 0 across sequential element (cordic/\cordic_stage1/xo_reg[3] )
INFO: [Synth 8-3333] propagating constant 0 across sequential element (cordic/\cordic_stage1/xo_reg[4] )
INFO: [Synth 8-3333] propagating constant 0 across sequential element (cordic/\cordic_stage2/xo_reg[0] )
INFO: [Synth 8-3333] propagating constant 0 across sequential element (cordic/\cordic_stage2/xo_reg[1] )
INFO: [Synth 8-3333] propagating constant 0 across sequential element (cordic/\cordic_stage2/xo_reg[2] )
INFO: [Synth 8-3333] propagating constant 0 across sequential element (cordic/\cordic_stage2/yo_reg[0] )
INFO: [Synth 8-3333] propagating constant 0 across sequential element (cordic/\cordic_stage2/yo_reg[1] )
INFO: [Synth 8-3333] propagating constant 0 across sequential element (cordic/\cordic_stage2/yo_reg[2] )
INFO: [Synth 8-3333] propagating constant 1 across sequential element (iq_bal/strobe_d1_reg)
INFO: [Synth 8-3333] propagating constant 0 across sequential element (\new_hb.hb3_q /\middle_reg[0] )
INFO: [Synth 8-3333] propagating constant 0 across sequential element (\new_hb.hb3_i /\middle_reg[0] )
INFO: [Synth 8-3333] propagating constant 0 across sequential element (\new_hb.hb3_q /\middle_d1_reg[0] )
INFO: [Synth 8-3333] propagating constant 0 across sequential element (\new_hb.hb3_i /\middle_d1_reg[0] )
INFO: [Synth 8-4471] merging register 'd1_reg[23:0]' into 'd1_reg[23:0]' [/home/f4tnk/dev/LibreSDR_UHD_B220_Mini_FPGA/src/libresdr_b210.srcs/sources_1/imports/lib/dsp/cic_droop_comp.v:36]
INFO: [Synth 8-4471] merging register 'd2_reg[23:0]' into 'd2_reg[23:0]' [/home/f4tnk/dev/LibreSDR_UHD_B220_Mini_FPGA/src/libresdr_b210.srcs/sources_1/imports/lib/dsp/cic_droop_comp.v:36]
DSP Report: Generating DSP p2_r_reg, operation Mode is: (A''*(B:0x12000))'.
DSP Report: register d1_reg is absorbed into DSP p2_r_reg.
DSP Report: register d2_reg is absorbed into DSP p2_r_reg.
DSP Report: register p2_r_reg is absorbed into DSP p2_r_reg.
DSP Report: operator p2_r0 is absorbed into DSP p2_r_reg.
INFO: [Synth 8-4471] merging register 'd1_reg[23:0]' into 'd1_reg[23:0]' [/home/f4tnk/dev/LibreSDR_UHD_B220_Mini_FPGA/src/libresdr_b210.srcs/sources_1/imports/lib/dsp/cic_droop_comp.v:36]
INFO: [Synth 8-4471] merging register 'd2_reg[23:0]' into 'd2_reg[23:0]' [/home/f4tnk/dev/LibreSDR_UHD_B220_Mini_FPGA/src/libresdr_b210.srcs/sources_1/imports/lib/dsp/cic_droop_comp.v:36]
DSP Report: Generating DSP p2_r_reg, operation Mode is: (A''*(B:0x12000))'.
DSP Report: register d1_reg is absorbed into DSP p2_r_reg.
DSP Report: register d2_reg is absorbed into DSP p2_r_reg.
DSP Report: register p2_r_reg is absorbed into DSP p2_r_reg.
DSP Report: operator p2_r0 is absorbed into DSP p2_r_reg.
INFO: [Synth 8-3886] merging instance 'droop_comp_q/p1_r_reg[41]' (FDR) to 'droop_comp_q/p1_r_reg[39]'
INFO: [Synth 8-3886] merging instance 'droop_comp_q/p1_r_reg[40]' (FDR) to 'droop_comp_q/p1_r_reg[39]'
INFO: [Synth 8-3886] merging instance 'droop_comp_q/p0_r_reg[0]' (FDR) to 'droop_comp_q/p1_r_reg[0]'
INFO: [Synth 8-3886] merging instance 'droop_comp_q/p1_r_reg[0]' (FDR) to 'droop_comp_q/p1_r_reg[1]'
INFO: [Synth 8-3886] merging instance 'droop_comp_q/p0_r_reg[1]' (FDR) to 'droop_comp_q/p1_r_reg[1]'
INFO: [Synth 8-3886] merging instance 'droop_comp_q/p1_r_reg[1]' (FDR) to 'droop_comp_q/p1_r_reg[2]'
INFO: [Synth 8-3886] merging instance 'droop_comp_q/p0_r_reg[2]' (FDR) to 'droop_comp_q/p1_r_reg[2]'
INFO: [Synth 8-3886] merging instance 'droop_comp_q/p1_r_reg[2]' (FDR) to 'droop_comp_q/p1_r_reg[3]'
INFO: [Synth 8-3886] merging instance 'droop_comp_q/p0_r_reg[3]' (FDR) to 'droop_comp_q/p1_r_reg[3]'
INFO: [Synth 8-3886] merging instance 'droop_comp_q/p1_r_reg[3]' (FDR) to 'droop_comp_q/p1_r_reg[4]'
INFO: [Synth 8-3886] merging instance 'droop_comp_q/p0_r_reg[4]' (FDR) to 'droop_comp_q/p1_r_reg[4]'
INFO: [Synth 8-3886] merging instance 'droop_comp_q/p1_r_reg[4]' (FDR) to 'droop_comp_q/p1_r_reg[5]'
INFO: [Synth 8-3886] merging instance 'droop_comp_q/p0_r_reg[5]' (FDR) to 'droop_comp_q/p1_r_reg[5]'
INFO: [Synth 8-3886] merging instance 'droop_comp_q/p1_r_reg[5]' (FDR) to 'droop_comp_q/p1_r_reg[6]'
INFO: [Synth 8-3886] merging instance 'droop_comp_q/p0_r_reg[6]' (FDR) to 'droop_comp_q/p1_r_reg[6]'
INFO: [Synth 8-3886] merging instance 'droop_comp_q/p1_r_reg[6]' (FDR) to 'droop_comp_q/p1_r_reg[7]'
INFO: [Synth 8-3886] merging instance 'droop_comp_q/p0_r_reg[7]' (FDR) to 'droop_comp_q/p1_r_reg[7]'
INFO: [Synth 8-3886] merging instance 'droop_comp_q/p1_r_reg[7]' (FDR) to 'droop_comp_q/p1_r_reg[8]'
INFO: [Synth 8-3886] merging instance 'droop_comp_q/p0_r_reg[8]' (FDR) to 'droop_comp_q/p1_r_reg[8]'
INFO: [Synth 8-3886] merging instance 'droop_comp_q/p1_r_reg[8]' (FDR) to 'droop_comp_q/p1_r_reg[9]'
INFO: [Synth 8-3886] merging instance 'droop_comp_q/p0_r_reg[9]' (FDR) to 'droop_comp_q/p1_r_reg[9]'
INFO: [Synth 8-3886] merging instance 'droop_comp_q/p1_r_reg[9]' (FDR) to 'droop_comp_q/p1_r_reg[10]'
INFO: [Synth 8-3886] merging instance 'droop_comp_q/p0_r_reg[10]' (FDR) to 'droop_comp_q/p1_r_reg[10]'
INFO: [Synth 8-3886] merging instance 'droop_comp_q/p1_r_reg[10]' (FDR) to 'droop_comp_q/p1_r_reg[11]'
INFO: [Synth 8-3886] merging instance 'droop_comp_q/p0_r_reg[11]' (FDR) to 'droop_comp_q/p1_r_reg[11]'
INFO: [Synth 8-3886] merging instance 'droop_comp_q/p1_r_reg[11]' (FDR) to 'droop_comp_q/p1_r_reg[12]'
INFO: [Synth 8-3886] merging instance 'droop_comp_q/p1_r_reg[12]' (FDR) to 'droop_comp_q/p1_r_reg[13]'
INFO: [Synth 8-3886] merging instance 'droop_comp_q/p1_r_reg[13]' (FDR) to 'droop_comp_q/p1_r_reg[14]'
INFO: [Synth 8-3333] propagating constant 0 across sequential element (droop_comp_q/\p1_r_reg[14] )
INFO: [Synth 8-3886] merging instance 'droop_comp_i/p1_r_reg[41]' (FDR) to 'droop_comp_i/p1_r_reg[39]'
INFO: [Synth 8-3886] merging instance 'droop_comp_i/p1_r_reg[40]' (FDR) to 'droop_comp_i/p1_r_reg[39]'
INFO: [Synth 8-3886] merging instance 'droop_comp_i/p0_r_reg[0]' (FDR) to 'droop_comp_i/p1_r_reg[0]'
INFO: [Synth 8-3886] merging instance 'droop_comp_i/p1_r_reg[0]' (FDR) to 'droop_comp_i/p1_r_reg[1]'
INFO: [Synth 8-3886] merging instance 'droop_comp_i/p0_r_reg[1]' (FDR) to 'droop_comp_i/p1_r_reg[1]'
INFO: [Synth 8-3886] merging instance 'droop_comp_i/p1_r_reg[1]' (FDR) to 'droop_comp_i/p1_r_reg[2]'
INFO: [Synth 8-3886] merging instance 'droop_comp_i/p0_r_reg[2]' (FDR) to 'droop_comp_i/p1_r_reg[2]'
INFO: [Synth 8-3886] merging instance 'droop_comp_i/p1_r_reg[2]' (FDR) to 'droop_comp_i/p1_r_reg[3]'
INFO: [Synth 8-3886] merging instance 'droop_comp_i/p0_r_reg[3]' (FDR) to 'droop_comp_i/p1_r_reg[3]'
INFO: [Synth 8-3886] merging instance 'droop_comp_i/p1_r_reg[3]' (FDR) to 'droop_comp_i/p1_r_reg[4]'
INFO: [Synth 8-3886] merging instance 'droop_comp_i/p0_r_reg[4]' (FDR) to 'droop_comp_i/p1_r_reg[4]'
INFO: [Synth 8-3886] merging instance 'droop_comp_i/p1_r_reg[4]' (FDR) to 'droop_comp_i/p1_r_reg[5]'
INFO: [Synth 8-3886] merging instance 'droop_comp_i/p0_r_reg[5]' (FDR) to 'droop_comp_i/p1_r_reg[5]'
INFO: [Synth 8-3886] merging instance 'droop_comp_i/p1_r_reg[5]' (FDR) to 'droop_comp_i/p1_r_reg[6]'
INFO: [Common 17-14] Message 'Synth 8-3886' appears 100 times and further instances of the messages will be disabled. Use the Tcl command set_msg_config to change the current settings.
INFO: [Synth 8-3333] propagating constant 0 across sequential element (droop_comp_i/\p1_r_reg[14] )
INFO: [Synth 8-5544] ROM "p_0_out" won't be mapped to Block RAM because address size (4) smaller than threshold (5)
INFO: [Synth 8-5544] ROM "p_0_out" won't be mapped to Block RAM because address size (4) smaller than threshold (5)
INFO: [Common 17-14] Message 'Synth 8-7129' appears 100 times and further instances of the messages will be disabled. Use the Tcl command set_msg_config to change the current settings.
WARNING: [Synth 8-6014] Unused sequential element ext_fifo_i/ram/impl/ram_reg was removed. 
INFO: [Synth 8-4652] Swapped enable and write-enable on 4 RAM instances of RAM ext_fifo_i/ram/impl/ram_reg to conserve power
WARNING: [Synth 8-6014] Unused sequential element ext_fifo_i/ram/impl/ram_reg was removed. 
INFO: [Synth 8-4652] Swapped enable and write-enable on 4 RAM instances of RAM ext_fifo_i/ram/impl/ram_reg to conserve power
WARNING: [Synth 8-6014] Unused sequential element ram_i/impl/ram_reg was removed. 
INFO: [Synth 8-4652] Swapped enable and write-enable on 4 RAM instances of RAM ram_i/impl/ram_reg to conserve power
WARNING: [Synth 8-6014] Unused sequential element datafifo/fifo_bram/ram/impl/ram_reg was removed. 
INFO: [Synth 8-4652] Swapped enable and write-enable on 4 RAM instances of RAM datafifo/fifo_bram/ram/impl/ram_reg to conserve power
INFO: [Synth 8-3333] propagating constant 0 across sequential element (convert_16sc_to_xxxx/\convert_16sc_to_32f/new_destination/out_reg[16] )
INFO: [Common 17-14] Message 'Synth 8-3886' appears 100 times and further instances of the messages will be disabled. Use the Tcl command set_msg_config to change the current settings.
INFO: [Synth 8-3333] propagating constant 0 across sequential element (convert_xxxx_to_16sc/\convert_12sc_to_16sc/new_destination/out_reg[16] )
INFO: [Synth 8-3333] propagating constant 0 across sequential element (tx_control/\error_code_reg[63] )
INFO: [Synth 8-3333] propagating constant 0 across sequential element (response_mux/\FSM_onehot_mx_state_reg[3] )
INFO: [Synth 8-3333] propagating constant 0 across sequential element (radio_ctrl_proc/\resp_wdog_cnt_reg[26] )
WARNING: [Synth 8-3332] Sequential element (FSM_onehot_mx_state_reg[3]) is unused and will be removed from module axi_mux4__parameterized1__1.
INFO: [Synth 8-5544] ROM "p_0_out" won't be mapped to Block RAM because address size (4) smaller than threshold (5)
INFO: [Synth 8-5544] ROM "p_0_out" won't be mapped to Block RAM because address size (4) smaller than threshold (5)
INFO: [Common 17-14] Message 'Synth 8-7129' appears 100 times and further instances of the messages will be disabled. Use the Tcl command set_msg_config to change the current settings.
WARNING: [Synth 8-6014] Unused sequential element ext_fifo_i/ram/impl/ram_reg was removed. 
INFO: [Synth 8-4652] Swapped enable and write-enable on 4 RAM instances of RAM ext_fifo_i/ram/impl/ram_reg to conserve power
WARNING: [Synth 8-6014] Unused sequential element ext_fifo_i/ram/impl/ram_reg was removed. 
INFO: [Synth 8-4652] Swapped enable and write-enable on 4 RAM instances of RAM ext_fifo_i/ram/impl/ram_reg to conserve power
WARNING: [Synth 8-6014] Unused sequential element ram_i/impl/ram_reg was removed. 
INFO: [Synth 8-4652] Swapped enable and write-enable on 4 RAM instances of RAM ram_i/impl/ram_reg to conserve power
WARNING: [Synth 8-6014] Unused sequential element datafifo/fifo_bram/ram/impl/ram_reg was removed. 
INFO: [Synth 8-4652] Swapped enable and write-enable on 4 RAM instances of RAM datafifo/fifo_bram/ram/impl/ram_reg to conserve power
INFO: [Synth 8-3333] propagating constant 0 across sequential element (convert_16sc_to_xxxx/\convert_16sc_to_32f/new_destination/out_reg[16] )
INFO: [Common 17-14] Message 'Synth 8-3886' appears 100 times and further instances of the messages will be disabled. Use the Tcl command set_msg_config to change the current settings.
INFO: [Synth 8-3333] propagating constant 0 across sequential element (convert_xxxx_to_16sc/\convert_12sc_to_16sc/new_destination/out_reg[16] )
INFO: [Synth 8-3333] propagating constant 0 across sequential element (tx_control/\error_code_reg[63] )
INFO: [Synth 8-3333] propagating constant 0 across sequential element (radio_ctrl_proc/\resp_wdog_cnt_reg[26] )
INFO: [Synth 8-3333] propagating constant 0 across sequential element (response_mux/\FSM_onehot_mx_state_reg[3] )
WARNING: [Synth 8-3332] Sequential element (FSM_onehot_mx_state_reg[3]) is unused and will be removed from module axi_mux4__parameterized1.
INFO: [Synth 8-5544] ROM "r0/frcon" won't be mapped to Block RAM because address size (4) smaller than threshold (5)
INFO: [Synth 8-5587] ROM size for "iic_inst/state_save" is below threshold of ROM address width. It will be mapped to LUTs
INFO: [Synth 8-5587] ROM size for "iic_inst/data_reg" is below threshold of ROM address width. It will be mapped to LUTs
INFO: [Synth 8-5546] ROM "iic_inst/rd_data" won't be mapped to RAM because it is too sparse
INFO: [Synth 8-5546] ROM "iic_inst/done_sig" won't be mapped to RAM because it is too sparse
INFO: [Synth 8-5587] ROM size for "iic_inst/cnt" is below threshold of ROM address width. It will be mapped to LUTs
INFO: [Synth 8-5587] ROM size for "iic_inst/cnt" is below threshold of ROM address width. It will be mapped to LUTs
INFO: [Synth 8-5587] ROM size for "iic_inst/state_save" is below threshold of ROM address width. It will be mapped to LUTs
INFO: [Synth 8-5587] ROM size for "iic_inst/data_reg" is below threshold of ROM address width. It will be mapped to LUTs
INFO: [Synth 8-5546] ROM "iic_inst/rd_data" won't be mapped to RAM because it is too sparse
INFO: [Synth 8-5546] ROM "iic_inst/done_sig" won't be mapped to RAM because it is too sparse
INFO: [Synth 8-5587] ROM size for "iic_inst/cnt" is below threshold of ROM address width. It will be mapped to LUTs
INFO: [Synth 8-5587] ROM size for "iic_inst/cnt" is below threshold of ROM address width. It will be mapped to LUTs
WARNING: [Synth 8-6014] Unused sequential element gpif2_to_fifo64_tx/min_read_buff/ram/impl/ram_reg was removed. 
INFO: [Synth 8-4652] Swapped enable and write-enable on 4 RAM instances of RAM gpif2_to_fifo64_tx/min_read_buff/ram/impl/ram_reg to conserve power
WARNING: [Synth 8-6014] Unused sequential element gpif2_to_fifo64_tx/cross_clock_fifo/ext_fifo_i/ram/impl/ram_reg was removed. 
INFO: [Synth 8-4652] Swapped enable and write-enable on 17 RAM instances of RAM gpif2_to_fifo64_tx/cross_clock_fifo/ext_fifo_i/ram/impl/ram_reg to conserve power
WARNING: [Synth 8-6014] Unused sequential element gpif2_to_fifo64_tx/checker/gate_xfer/ram_i/impl/ram_reg was removed. 
INFO: [Synth 8-4652] Swapped enable and write-enable on 4 RAM instances of RAM gpif2_to_fifo64_tx/checker/gate_xfer/ram_i/impl/ram_reg to conserve power
WARNING: [Synth 8-6014] Unused sequential element fifo64_to_gpif2_rx/cross_clock_fifo/ext_fifo_i/ram/impl/ram_reg was removed. 
INFO: [Synth 8-4652] Swapped enable and write-enable on 33 RAM instances of RAM fifo64_to_gpif2_rx/cross_clock_fifo/ext_fifo_i/ram/impl/ram_reg to conserve power
WARNING: [Synth 8-6014] Unused sequential element fifo64_to_gpif2_rx/buffer_whole_pkt/ram_i/impl/ram_reg was removed. 
INFO: [Synth 8-4652] Swapped enable and write-enable on 4 RAM instances of RAM fifo64_to_gpif2_rx/buffer_whole_pkt/ram_i/impl/ram_reg to conserve power
WARNING: [Synth 8-6014] Unused sequential element gpif2_to_fifo64_ctrl/min_read_buff/ram/impl/ram_reg was removed. 
INFO: [Synth 8-4652] Swapped enable and write-enable on 4 RAM instances of RAM gpif2_to_fifo64_ctrl/min_read_buff/ram/impl/ram_reg to conserve power
WARNING: [Synth 8-6014] Unused sequential element gpif2_to_fifo64_ctrl/checker/gate_xfer/ram_i/impl/ram_reg was removed. 
INFO: [Synth 8-4652] Swapped enable and write-enable on 4 RAM instances of RAM gpif2_to_fifo64_ctrl/checker/gate_xfer/ram_i/impl/ram_reg to conserve power
WARNING: [Synth 8-6014] Unused sequential element fifo64_to_gpif2_resp/buffer_whole_pkt/ram_i/impl/ram_reg was removed. 
INFO: [Synth 8-4652] Swapped enable and write-enable on 4 RAM instances of RAM fifo64_to_gpif2_resp/buffer_whole_pkt/ram_i/impl/ram_reg to conserve power
INFO: [Synth 8-3333] propagating constant 0 across sequential element (nolabel_line290/\adj_buff_reg[3] )
INFO: [Synth 8-3333] propagating constant 0 across sequential element (encpy_i/\aes_cipher_top_i/u0/r0/out_reg[2] )
INFO: [Synth 8-3333] propagating constant 0 across sequential element (encpy_i/\aes_cipher_top_i/text_in_r_reg[39] )
---------------------------------------------------------------------------------
Finished Cross Boundary and Area Optimization : Time (s): cpu = 00:00:46 ; elapsed = 00:01:02 . Memory (MB): peak = 2706.426 ; gain = 949.816 ; free physical = 1577 ; free virtual = 12240
---------------------------------------------------------------------------------
 Sort Area is ddc_chain__GBM1 p2_r_reg_0 : 0 0 : 641 641 : Used 2 time 0
 Sort Area is ddc_chain__GBM1 p2_r_reg_2 : 0 0 : 641 641 : Used 2 time 0
---------------------------------------------------------------------------------
Start ROM, RAM, DSP, Shift Register and Retiming Reporting
---------------------------------------------------------------------------------

ROM: Preliminary Mapping Report
+----------------+------------+---------------+----------------+
|Module Name     | RTL Object | Depth x Width | Implemented As | 
+----------------+------------+---------------+----------------+
|aes_sbox        | d          | 256x8         | LUT            | 
|cic_dec_shifter | bitgain0   | 256x6         | LUT            | 
+----------------+------------+---------------+----------------+


Block RAM: Preliminary Mapping Report (see note below)
+-----------------+-----------------------------------------------------------------+------------------------+---+---+------------------------+---+---+------------------+--------+--------+
|Module Name      | RTL Object                                                      | PORT A (Depth x Width) | W | R | PORT B (Depth x Width) | W | R | Ports driving FF | RAMB18 | RAMB36 | 
+-----------------+-----------------------------------------------------------------+------------------------+---+---+------------------------+---+---+------------------+--------+--------+
|tx_fifo          | ext_fifo_i/ram/impl/ram_reg                                     | 2 K x 65(READ_FIRST)   | W |   | 2 K x 65(WRITE_FIRST)  |   | R | Port A and B     | 0      | 4      | 
|rx_fifo          | ext_fifo_i/ram/impl/ram_reg                                     | 2 K x 65(READ_FIRST)   | W |   | 2 K x 65(WRITE_FIRST)  |   | R | Port A and B     | 0      | 4      | 
|buffer_whole_pkt | ram_i/impl/ram_reg                                              | 2 K x 65(READ_FIRST)   | W |   | 2 K x 65(WRITE_FIRST)  |   | R | Port A and B     | 0      | 4      | 
|new_rx_framer    | datafifo/fifo_bram/ram/impl/ram_reg                             | 2 K x 65(READ_FIRST)   | W |   | 2 K x 65(WRITE_FIRST)  |   | R | Port A and B     | 0      | 4      | 
|tx_fifo          | ext_fifo_i/ram/impl/ram_reg                                     | 2 K x 65(READ_FIRST)   | W |   | 2 K x 65(WRITE_FIRST)  |   | R | Port A and B     | 0      | 4      | 
|rx_fifo          | ext_fifo_i/ram/impl/ram_reg                                     | 2 K x 65(READ_FIRST)   | W |   | 2 K x 65(WRITE_FIRST)  |   | R | Port A and B     | 0      | 4      | 
|buffer_whole_pkt | ram_i/impl/ram_reg                                              | 2 K x 65(READ_FIRST)   | W |   | 2 K x 65(WRITE_FIRST)  |   | R | Port A and B     | 0      | 4      | 
|new_rx_framer    | datafifo/fifo_bram/ram/impl/ram_reg                             | 2 K x 65(READ_FIRST)   | W |   | 2 K x 65(WRITE_FIRST)  |   | R | Port A and B     | 0      | 4      | 
|libresdr_b210    | uart/simple_uart_rx/fifo/fifo_bram/ram/impl/ram_reg             | 128 x 8(READ_FIRST)    | W |   | 128 x 8(WRITE_FIRST)   |   | R | Port A and B     | 1      | 0      | 
|libresdr_b210    | extra_rx_buff/fifo_bram/ram/impl/ram_reg                        | 8 K x 65(READ_FIRST)   | W |   | 8 K x 65(WRITE_FIRST)  |   | R | Port A and B     | 1      | 16     | 
|libresdr_b210    | extra_tx_buff/fifo_bram/ram/impl/ram_reg                        | 8 K x 65(READ_FIRST)   | W |   | 8 K x 65(WRITE_FIRST)  |   | R | Port A and B     | 1      | 16     | 
|slave_fifo32     | gpif2_to_fifo64_tx/min_read_buff/ram/impl/ram_reg               | 4 K x 33(READ_FIRST)   | W |   | 4 K x 33(WRITE_FIRST)  |   | R | Port A and B     | 0      | 4      | 
|slave_fifo32     | gpif2_to_fifo64_tx/cross_clock_fifo/ext_fifo_i/ram/impl/ram_reg | 16 K x 33(READ_FIRST)  | W |   | 16 K x 33(WRITE_FIRST) |   | R | Port A and B     | 1      | 16     | 
|slave_fifo32     | gpif2_to_fifo64_tx/checker/gate_xfer/ram_i/impl/ram_reg         | 4 K x 33(READ_FIRST)   | W |   | 4 K x 33(WRITE_FIRST)  |   | R | Port A and B     | 0      | 4      | 
|slave_fifo32     | fifo64_to_gpif2_rx/cross_clock_fifo/ext_fifo_i/ram/impl/ram_reg | 32 K x 33(READ_FIRST)  | W |   | 32 K x 33(WRITE_FIRST) |   | R | Port A and B     | 0      | 33     | 
|slave_fifo32     | fifo64_to_gpif2_rx/buffer_whole_pkt/ram_i/impl/ram_reg          | 4 K x 33(READ_FIRST)   | W |   | 4 K x 33(WRITE_FIRST)  |   | R | Port A and B     | 0      | 4      | 
|slave_fifo32     | gpif2_to_fifo64_ctrl/min_read_buff/ram/impl/ram_reg             | 4 K x 33(READ_FIRST)   | W |   | 4 K x 33(WRITE_FIRST)  |   | R | Port A and B     | 0      | 4      | 
|slave_fifo32     | gpif2_to_fifo64_ctrl/checker/gate_xfer/ram_i/impl/ram_reg       | 4 K x 33(READ_FIRST)   | W |   | 4 K x 33(WRITE_FIRST)  |   | R | Port A and B     | 0      | 4      | 
|slave_fifo32     | fifo64_to_gpif2_resp/buffer_whole_pkt/ram_i/impl/ram_reg        | 4 K x 33(READ_FIRST)   | W |   | 4 K x 33(WRITE_FIRST)  |   | R | Port A and B     | 0      | 4      | 
+-----------------+-----------------------------------------------------------------+------------------------+---+---+------------------------+---+---+------------------+--------+--------+

Note: The table above is a preliminary report that shows the Block RAMs at the current stage of the synthesis flow. Some Block RAMs may be reimplemented as non Block RAM primitives later in the synthesis flow. Multiple instantiated Block RAMs are reported only once. 

DSP: Preliminary Mapping Report (see note below. The ' indicates corresponding REG is set)
+---------------+--------------------+--------+--------+--------+--------+--------+------+------+------+------+-------+------+------+
|Module Name    | DSP Mapping        | A Size | B Size | C Size | D Size | P Size | AREG | BREG | CREG | DREG | ADREG | MREG | PREG | 
+---------------+--------------------+--------+--------+--------+--------+--------+------+------+------+------+-------+------+------+
|cic_droop_comp | (A''*(B:0x12000))' | 24     | 18     | -      | -      | 42     | 2    | 0    | -    | -    | -     | 1    | 0    | 
|cic_droop_comp | (A''*(B:0x12000))' | 24     | 18     | -      | -      | 42     | 2    | 0    | -    | -    | -     | 1    | 0    | 
+---------------+--------------------+--------+--------+--------+--------+--------+------+------+------+------+-------+------+------+

Note: The table above is a preliminary report that shows the DSPs inferred at the current stage of the synthesis flow. Some DSP may be reimplemented as non DSP primitives later in the synthesis flow. Multiple instantiated DSPs are reported only once.
---------------------------------------------------------------------------------
Finished ROM, RAM, DSP, Shift Register and Retiming Reporting
---------------------------------------------------------------------------------
---------------------------------------------------------------------------------
Start Applying XDC Timing Constraints
---------------------------------------------------------------------------------
---------------------------------------------------------------------------------
Finished Applying XDC Timing Constraints : Time (s): cpu = 00:01:18 ; elapsed = 00:01:12 . Memory (MB): peak = 2764.504 ; gain = 1007.895 ; free physical = 1771 ; free virtual = 12497
---------------------------------------------------------------------------------
---------------------------------------------------------------------------------
Start Timing Optimization
---------------------------------------------------------------------------------
---------------------------------------------------------------------------------
Finished Timing Optimization : Time (s): cpu = 00:01:32 ; elapsed = 00:01:27 . Memory (MB): peak = 2858.504 ; gain = 1101.895 ; free physical = 1668 ; free virtual = 12395
---------------------------------------------------------------------------------
---------------------------------------------------------------------------------
Start ROM, RAM, DSP, Shift Register and Retiming Reporting
---------------------------------------------------------------------------------

Block RAM: Final Mapping Report
+-----------------+-----------------------------------------------------------------+------------------------+---+---+------------------------+---+---+------------------+--------+--------+
|Module Name      | RTL Object                                                      | PORT A (Depth x Width) | W | R | PORT B (Depth x Width) | W | R | Ports driving FF | RAMB18 | RAMB36 | 
+-----------------+-----------------------------------------------------------------+------------------------+---+---+------------------------+---+---+------------------+--------+--------+
|rx_fifo          | ext_fifo_i/ram/impl/ram_reg                                     | 2 K x 65(READ_FIRST)   | W |   | 2 K x 65(WRITE_FIRST)  |   | R | Port A and B     | 0      | 4      | 
|new_rx_framer    | datafifo/fifo_bram/ram/impl/ram_reg                             | 2 K x 65(READ_FIRST)   | W |   | 2 K x 65(WRITE_FIRST)  |   | R | Port A and B     | 0      | 4      | 
|tx_fifo          | ext_fifo_i/ram/impl/ram_reg                                     | 2 K x 65(READ_FIRST)   | W |   | 2 K x 65(WRITE_FIRST)  |   | R | Port A and B     | 0      | 4      | 
|tx_fifo          | ext_fifo_i/ram/impl/ram_reg                                     | 2 K x 65(READ_FIRST)   | W |   | 2 K x 65(WRITE_FIRST)  |   | R | Port A and B     | 0      | 4      | 
|buffer_whole_pkt | ram_i/impl/ram_reg                                              | 2 K x 65(READ_FIRST)   | W |   | 2 K x 65(WRITE_FIRST)  |   | R | Port A and B     | 0      | 4      | 
|rx_fifo          | ext_fifo_i/ram/impl/ram_reg                                     | 2 K x 65(READ_FIRST)   | W |   | 2 K x 65(WRITE_FIRST)  |   | R | Port A and B     | 0      | 4      | 
|buffer_whole_pkt | ram_i/impl/ram_reg                                              | 2 K x 65(READ_FIRST)   | W |   | 2 K x 65(WRITE_FIRST)  |   | R | Port A and B     | 0      | 4      | 
|new_rx_framer    | datafifo/fifo_bram/ram/impl/ram_reg                             | 2 K x 65(READ_FIRST)   | W |   | 2 K x 65(WRITE_FIRST)  |   | R | Port A and B     | 0      | 4      | 
|libresdr_b210    | uart/simple_uart_rx/fifo/fifo_bram/ram/impl/ram_reg             | 128 x 8(READ_FIRST)    | W |   | 128 x 8(WRITE_FIRST)   |   | R | Port A and B     | 1      | 0      | 
|libresdr_b210    | extra_rx_buff/fifo_bram/ram/impl/ram_reg                        | 8 K x 65(READ_FIRST)   | W |   | 8 K x 65(WRITE_FIRST)  |   | R | Port A and B     | 1      | 16     | 
|libresdr_b210    | extra_tx_buff/fifo_bram/ram/impl/ram_reg                        | 8 K x 65(READ_FIRST)   | W |   | 8 K x 65(WRITE_FIRST)  |   | R | Port A and B     | 1      | 16     | 
|slave_fifo32     | gpif2_to_fifo64_tx/min_read_buff/ram/impl/ram_reg               | 4 K x 33(READ_FIRST)   | W |   | 4 K x 33(WRITE_FIRST)  |   | R | Port A and B     | 0      | 4      | 
|slave_fifo32     | gpif2_to_fifo64_tx/cross_clock_fifo/ext_fifo_i/ram/impl/ram_reg | 16 K x 33(READ_FIRST)  | W |   | 16 K x 33(WRITE_FIRST) |   | R | Port A and B     | 1      | 16     | 
|slave_fifo32     | gpif2_to_fifo64_tx/checker/gate_xfer/ram_i/impl/ram_reg         | 4 K x 33(READ_FIRST)   | W |   | 4 K x 33(WRITE_FIRST)  |   | R | Port A and B     | 0      | 4      | 
|slave_fifo32     | fifo64_to_gpif2_rx/cross_clock_fifo/ext_fifo_i/ram/impl/ram_reg | 32 K x 33(READ_FIRST)  | W |   | 32 K x 33(WRITE_FIRST) |   | R | Port A and B     | 0      | 33     | 
|slave_fifo32     | fifo64_to_gpif2_rx/buffer_whole_pkt/ram_i/impl/ram_reg          | 4 K x 33(READ_FIRST)   | W |   | 4 K x 33(WRITE_FIRST)  |   | R | Port A and B     | 0      | 4      | 
|slave_fifo32     | gpif2_to_fifo64_ctrl/min_read_buff/ram/impl/ram_reg             | 4 K x 33(READ_FIRST)   | W |   | 4 K x 33(WRITE_FIRST)  |   | R | Port A and B     | 0      | 4      | 
|slave_fifo32     | gpif2_to_fifo64_ctrl/checker/gate_xfer/ram_i/impl/ram_reg       | 4 K x 33(READ_FIRST)   | W |   | 4 K x 33(WRITE_FIRST)  |   | R | Port A and B     | 0      | 4      | 
|slave_fifo32     | fifo64_to_gpif2_resp/buffer_whole_pkt/ram_i/impl/ram_reg        | 4 K x 33(READ_FIRST)   | W |   | 4 K x 33(WRITE_FIRST)  |   | R | Port A and B     | 0      | 4      | 
+-----------------+-----------------------------------------------------------------+------------------------+---+---+------------------------+---+---+------------------+--------+--------+

---------------------------------------------------------------------------------
Finished ROM, RAM, DSP, Shift Register and Retiming Reporting
---------------------------------------------------------------------------------
---------------------------------------------------------------------------------
Start Technology Mapping
---------------------------------------------------------------------------------
INFO: [Synth 8-7052] The timing for the instance i_5/encpy_i/aes_cipher_top_i/u0/w_reg[3]_rep_bsel (implemented as a Block RAM) might be sub-optimal as no optional output register could be merged into the ram block. Providing additional output register may help in improving timing.
INFO: [Synth 8-7052] The timing for the instance i_5/encpy_i/aes_cipher_top_i/u0/w_reg[3]_rep_bsel (implemented as a Block RAM) might be sub-optimal as no optional output register could be merged into the ram block. Providing additional output register may help in improving timing.
INFO: [Synth 8-7052] The timing for the instance i_5/encpy_i/aes_cipher_top_i/u0/w_reg[3]_rep_bsel__0 (implemented as a Block RAM) might be sub-optimal as no optional output register could be merged into the ram block. Providing additional output register may help in improving timing.
INFO: [Synth 8-7052] The timing for the instance i_5/encpy_i/aes_cipher_top_i/u0/w_reg[3]_rep_bsel__0 (implemented as a Block RAM) might be sub-optimal as no optional output register could be merged into the ram block. Providing additional output register may help in improving timing.
INFO: [Synth 8-7052] The timing for the instance i_5/encpy_i/aes_cipher_top_i/sa00_reg (implemented as a Block RAM) might be sub-optimal as no optional output register could be merged into the ram block. Providing additional output register may help in improving timing.
INFO: [Synth 8-7052] The timing for the instance i_5/encpy_i/aes_cipher_top_i/sa00_reg (implemented as a Block RAM) might be sub-optimal as no optional output register could be merged into the ram block. Providing additional output register may help in improving timing.
INFO: [Synth 8-7052] The timing for the instance i_5/encpy_i/aes_cipher_top_i/sa02_reg (implemented as a Block RAM) might be sub-optimal as no optional output register could be merged into the ram block. Providing additional output register may help in improving timing.
INFO: [Synth 8-7052] The timing for the instance i_5/encpy_i/aes_cipher_top_i/sa02_reg (implemented as a Block RAM) might be sub-optimal as no optional output register could be merged into the ram block. Providing additional output register may help in improving timing.
INFO: [Synth 8-7052] The timing for the instance i_5/encpy_i/aes_cipher_top_i/sa10_reg (implemented as a Block RAM) might be sub-optimal as no optional output register could be merged into the ram block. Providing additional output register may help in improving timing.
INFO: [Synth 8-7052] The timing for the instance i_5/encpy_i/aes_cipher_top_i/sa10_reg (implemented as a Block RAM) might be sub-optimal as no optional output register could be merged into the ram block. Providing additional output register may help in improving timing.
INFO: [Synth 8-7052] The timing for the instance i_5/encpy_i/aes_cipher_top_i/sa12_reg (implemented as a Block RAM) might be sub-optimal as no optional output register could be merged into the ram block. Providing additional output register may help in improving timing.
INFO: [Synth 8-7052] The timing for the instance i_5/encpy_i/aes_cipher_top_i/sa12_reg (implemented as a Block RAM) might be sub-optimal as no optional output register could be merged into the ram block. Providing additional output register may help in improving timing.
INFO: [Synth 8-7052] The timing for the instance i_5/encpy_i/aes_cipher_top_i/sa20_reg (implemented as a Block RAM) might be sub-optimal as no optional output register could be merged into the ram block. Providing additional output register may help in improving timing.
INFO: [Synth 8-7052] The timing for the instance i_5/encpy_i/aes_cipher_top_i/sa20_reg (implemented as a Block RAM) might be sub-optimal as no optional output register could be merged into the ram block. Providing additional output register may help in improving timing.
INFO: [Synth 8-7052] The timing for the instance i_5/encpy_i/aes_cipher_top_i/sa22_reg (implemented as a Block RAM) might be sub-optimal as no optional output register could be merged into the ram block. Providing additional output register may help in improving timing.
INFO: [Synth 8-7052] The timing for the instance i_5/encpy_i/aes_cipher_top_i/sa22_reg (implemented as a Block RAM) might be sub-optimal as no optional output register could be merged into the ram block. Providing additional output register may help in improving timing.
INFO: [Synth 8-7052] The timing for the instance i_5/encpy_i/aes_cipher_top_i/sa30_reg (implemented as a Block RAM) might be sub-optimal as no optional output register could be merged into the ram block. Providing additional output register may help in improving timing.
INFO: [Synth 8-7052] The timing for the instance i_5/encpy_i/aes_cipher_top_i/sa30_reg (implemented as a Block RAM) might be sub-optimal as no optional output register could be merged into the ram block. Providing additional output register may help in improving timing.
INFO: [Synth 8-7052] The timing for the instance i_5/encpy_i/aes_cipher_top_i/sa32_reg (implemented as a Block RAM) might be sub-optimal as no optional output register could be merged into the ram block. Providing additional output register may help in improving timing.
INFO: [Synth 8-7052] The timing for the instance i_5/encpy_i/aes_cipher_top_i/sa32_reg (implemented as a Block RAM) might be sub-optimal as no optional output register could be merged into the ram block. Providing additional output register may help in improving timing.
INFO: [Synth 8-7052] The timing for the instance i_5/slave_fifo32/gpif2_to_fifo64_tx/min_read_buff/ram/impl/ram_reg_0 (implemented as a Block RAM) might be sub-optimal as no optional output register could be merged into the ram block. Providing additional output register may help in improving timing.
INFO: [Synth 8-7052] The timing for the instance i_5/slave_fifo32/gpif2_to_fifo64_tx/min_read_buff/ram/impl/ram_reg_1 (implemented as a Block RAM) might be sub-optimal as no optional output register could be merged into the ram block. Providing additional output register may help in improving timing.
INFO: [Synth 8-7052] The timing for the instance i_5/slave_fifo32/gpif2_to_fifo64_tx/min_read_buff/ram/impl/ram_reg_2 (implemented as a Block RAM) might be sub-optimal as no optional output register could be merged into the ram block. Providing additional output register may help in improving timing.
INFO: [Synth 8-7052] The timing for the instance i_5/slave_fifo32/gpif2_to_fifo64_tx/min_read_buff/ram/impl/ram_reg_3 (implemented as a Block RAM) might be sub-optimal as no optional output register could be merged into the ram block. Providing additional output register may help in improving timing.
INFO: [Synth 8-7052] The timing for the instance i_5/slave_fifo32/gpif2_to_fifo64_ctrl/min_read_buff/ram/impl/ram_reg_0 (implemented as a Block RAM) might be sub-optimal as no optional output register could be merged into the ram block. Providing additional output register may help in improving timing.
INFO: [Synth 8-7052] The timing for the instance i_5/slave_fifo32/gpif2_to_fifo64_ctrl/min_read_buff/ram/impl/ram_reg_1 (implemented as a Block RAM) might be sub-optimal as no optional output register could be merged into the ram block. Providing additional output register may help in improving timing.
INFO: [Synth 8-7052] The timing for the instance i_5/slave_fifo32/gpif2_to_fifo64_ctrl/min_read_buff/ram/impl/ram_reg_2 (implemented as a Block RAM) might be sub-optimal as no optional output register could be merged into the ram block. Providing additional output register may help in improving timing.
INFO: [Synth 8-7052] The timing for the instance i_5/slave_fifo32/gpif2_to_fifo64_ctrl/min_read_buff/ram/impl/ram_reg_3 (implemented as a Block RAM) might be sub-optimal as no optional output register could be merged into the ram block. Providing additional output register may help in improving timing.
---------------------------------------------------------------------------------
Finished Technology Mapping : Time (s): cpu = 00:01:38 ; elapsed = 00:01:36 . Memory (MB): peak = 2895.453 ; gain = 1138.844 ; free physical = 445 ; free virtual = 11178
---------------------------------------------------------------------------------
---------------------------------------------------------------------------------
Start IO Insertion
---------------------------------------------------------------------------------
---------------------------------------------------------------------------------
Start Flattening Before IO Insertion
---------------------------------------------------------------------------------
---------------------------------------------------------------------------------
Finished Flattening Before IO Insertion
---------------------------------------------------------------------------------
---------------------------------------------------------------------------------
Start Final Netlist Cleanup
---------------------------------------------------------------------------------
INFO: [Synth 8-7052] The timing for the instance encpy_i/aes_cipher_top_i/u0/w_reg[3]_rep_bsel (implemented as a Block RAM) might be sub-optimal as no optional output register could be merged into the ram block. Providing additional output register may help in improving timing.
INFO: [Synth 8-7052] The timing for the instance encpy_i/aes_cipher_top_i/u0/w_reg[3]_rep_bsel (implemented as a Block RAM) might be sub-optimal as no optional output register could be merged into the ram block. Providing additional output register may help in improving timing.
INFO: [Synth 8-7052] The timing for the instance encpy_i/aes_cipher_top_i/u0/w_reg[3]_rep_bsel__0 (implemented as a Block RAM) might be sub-optimal as no optional output register could be merged into the ram block. Providing additional output register may help in improving timing.
INFO: [Synth 8-7052] The timing for the instance encpy_i/aes_cipher_top_i/u0/w_reg[3]_rep_bsel__0 (implemented as a Block RAM) might be sub-optimal as no optional output register could be merged into the ram block. Providing additional output register may help in improving timing.
INFO: [Synth 8-7052] The timing for the instance encpy_i/aes_cipher_top_i/sa00_reg (implemented as a Block RAM) might be sub-optimal as no optional output register could be merged into the ram block. Providing additional output register may help in improving timing.
INFO: [Synth 8-7052] The timing for the instance encpy_i/aes_cipher_top_i/sa00_reg (implemented as a Block RAM) might be sub-optimal as no optional output register could be merged into the ram block. Providing additional output register may help in improving timing.
INFO: [Synth 8-7052] The timing for the instance encpy_i/aes_cipher_top_i/sa02_reg (implemented as a Block RAM) might be sub-optimal as no optional output register could be merged into the ram block. Providing additional output register may help in improving timing.
INFO: [Synth 8-7052] The timing for the instance encpy_i/aes_cipher_top_i/sa02_reg (implemented as a Block RAM) might be sub-optimal as no optional output register could be merged into the ram block. Providing additional output register may help in improving timing.
INFO: [Synth 8-7052] The timing for the instance encpy_i/aes_cipher_top_i/sa10_reg (implemented as a Block RAM) might be sub-optimal as no optional output register could be merged into the ram block. Providing additional output register may help in improving timing.
INFO: [Synth 8-7052] The timing for the instance encpy_i/aes_cipher_top_i/sa10_reg (implemented as a Block RAM) might be sub-optimal as no optional output register could be merged into the ram block. Providing additional output register may help in improving timing.
INFO: [Synth 8-7052] The timing for the instance encpy_i/aes_cipher_top_i/sa12_reg (implemented as a Block RAM) might be sub-optimal as no optional output register could be merged into the ram block. Providing additional output register may help in improving timing.
INFO: [Synth 8-7052] The timing for the instance encpy_i/aes_cipher_top_i/sa12_reg (implemented as a Block RAM) might be sub-optimal as no optional output register could be merged into the ram block. Providing additional output register may help in improving timing.
INFO: [Synth 8-7052] The timing for the instance encpy_i/aes_cipher_top_i/sa20_reg (implemented as a Block RAM) might be sub-optimal as no optional output register could be merged into the ram block. Providing additional output register may help in improving timing.
INFO: [Synth 8-7052] The timing for the instance encpy_i/aes_cipher_top_i/sa20_reg (implemented as a Block RAM) might be sub-optimal as no optional output register could be merged into the ram block. Providing additional output register may help in improving timing.
INFO: [Synth 8-7052] The timing for the instance encpy_i/aes_cipher_top_i/sa22_reg (implemented as a Block RAM) might be sub-optimal as no optional output register could be merged into the ram block. Providing additional output register may help in improving timing.
INFO: [Synth 8-7052] The timing for the instance encpy_i/aes_cipher_top_i/sa22_reg (implemented as a Block RAM) might be sub-optimal as no optional output register could be merged into the ram block. Providing additional output register may help in improving timing.
INFO: [Synth 8-7052] The timing for the instance encpy_i/aes_cipher_top_i/sa30_reg (implemented as a Block RAM) might be sub-optimal as no optional output register could be merged into the ram block. Providing additional output register may help in improving timing.
INFO: [Synth 8-7052] The timing for the instance encpy_i/aes_cipher_top_i/sa30_reg (implemented as a Block RAM) might be sub-optimal as no optional output register could be merged into the ram block. Providing additional output register may help in improving timing.
INFO: [Synth 8-7052] The timing for the instance encpy_i/aes_cipher_top_i/sa32_reg (implemented as a Block RAM) might be sub-optimal as no optional output register could be merged into the ram block. Providing additional output register may help in improving timing.
INFO: [Synth 8-7052] The timing for the instance encpy_i/aes_cipher_top_i/sa32_reg (implemented as a Block RAM) might be sub-optimal as no optional output register could be merged into the ram block. Providing additional output register may help in improving timing.
INFO: [Synth 8-7052] The timing for the instance slave_fifo32/gpif2_to_fifo64_tx/min_read_buff/ram/impl/ram_reg_0 (implemented as a Block RAM) might be sub-optimal as no optional output register could be merged into the ram block. Providing additional output register may help in improving timing.
INFO: [Synth 8-7052] The timing for the instance slave_fifo32/gpif2_to_fifo64_tx/min_read_buff/ram/impl/ram_reg_1 (implemented as a Block RAM) might be sub-optimal as no optional output register could be merged into the ram block. Providing additional output register may help in improving timing.
INFO: [Synth 8-7052] The timing for the instance slave_fifo32/gpif2_to_fifo64_tx/min_read_buff/ram/impl/ram_reg_2 (implemented as a Block RAM) might be sub-optimal as no optional output register could be merged into the ram block. Providing additional output register may help in improving timing.
INFO: [Synth 8-7052] The timing for the instance slave_fifo32/gpif2_to_fifo64_tx/min_read_buff/ram/impl/ram_reg_3 (implemented as a Block RAM) might be sub-optimal as no optional output register could be merged into the ram block. Providing additional output register may help in improving timing.
INFO: [Synth 8-7052] The timing for the instance slave_fifo32/gpif2_to_fifo64_ctrl/min_read_buff/ram/impl/ram_reg_0 (implemented as a Block RAM) might be sub-optimal as no optional output register could be merged into the ram block. Providing additional output register may help in improving timing.
INFO: [Synth 8-7052] The timing for the instance slave_fifo32/gpif2_to_fifo64_ctrl/min_read_buff/ram/impl/ram_reg_1 (implemented as a Block RAM) might be sub-optimal as no optional output register could be merged into the ram block. Providing additional output register may help in improving timing.
INFO: [Synth 8-7052] The timing for the instance slave_fifo32/gpif2_to_fifo64_ctrl/min_read_buff/ram/impl/ram_reg_2 (implemented as a Block RAM) might be sub-optimal as no optional output register could be merged into the ram block. Providing additional output register may help in improving timing.
INFO: [Synth 8-7052] The timing for the instance slave_fifo32/gpif2_to_fifo64_ctrl/min_read_buff/ram/impl/ram_reg_3 (implemented as a Block RAM) might be sub-optimal as no optional output register could be merged into the ram block. Providing additional output register may help in improving timing.
INFO: [Synth 8-4163] Replicating register \gpio_atr_io_inst/gpio_in_iob_reg[0]  to handle IOB=TRUE attribute
INFO: [Synth 8-4163] Replicating register \gpio_atr_io_inst/gpio_in_iob_reg[1]  to handle IOB=TRUE attribute
INFO: [Synth 8-4163] Replicating register \gpio_atr_io_inst/gpio_in_iob_reg[2]  to handle IOB=TRUE attribute
INFO: [Synth 8-4163] Replicating register \gpio_atr_io_inst/gpio_in_iob_reg[3]  to handle IOB=TRUE attribute
INFO: [Synth 8-4163] Replicating register \gpio_atr_io_inst/gpio_in_iob_reg[4]  to handle IOB=TRUE attribute
INFO: [Synth 8-4163] Replicating register \gpio_atr_io_inst/gpio_in_iob_reg[5]  to handle IOB=TRUE attribute
INFO: [Synth 8-4163] Replicating register \gpio_atr_io_inst/gpio_in_iob_reg[6]  to handle IOB=TRUE attribute
INFO: [Synth 8-4163] Replicating register \gpio_atr_io_inst/gpio_in_iob_reg[7]  to handle IOB=TRUE attribute
INFO: [Synth 8-4163] Replicating register \gpio_atr_io_inst/gpio_in_iob_reg[8]  to handle IOB=TRUE attribute
INFO: [Synth 8-4163] Replicating register \gpio_atr_io_inst/gpio_in_iob_reg[9]  to handle IOB=TRUE attribute
INFO: [Synth 8-4163] Replicating register \gpio_atr_io_inst/gpio_out_iob_reg[0]  to handle IOB=TRUE attribute
INFO: [Synth 8-4163] Replicating register \gpio_atr_io_inst/gpio_out_iob_reg[1]  to handle IOB=TRUE attribute
INFO: [Synth 8-4163] Replicating register \gpio_atr_io_inst/gpio_out_iob_reg[2]  to handle IOB=TRUE attribute
INFO: [Synth 8-4163] Replicating register \gpio_atr_io_inst/gpio_out_iob_reg[3]  to handle IOB=TRUE attribute
INFO: [Synth 8-4163] Replicating register \gpio_atr_io_inst/gpio_out_iob_reg[4]  to handle IOB=TRUE attribute
INFO: [Synth 8-4163] Replicating register \gpio_atr_io_inst/gpio_out_iob_reg[5]  to handle IOB=TRUE attribute
INFO: [Synth 8-4163] Replicating register \gpio_atr_io_inst/gpio_out_iob_reg[6]  to handle IOB=TRUE attribute
INFO: [Synth 8-4163] Replicating register \gpio_atr_io_inst/gpio_out_iob_reg[7]  to handle IOB=TRUE attribute
INFO: [Synth 8-4163] Replicating register \gpio_atr_io_inst/gpio_out_iob_reg[8]  to handle IOB=TRUE attribute
INFO: [Synth 8-4163] Replicating register \gpio_atr_io_inst/gpio_out_iob_reg[9]  to handle IOB=TRUE attribute
---------------------------------------------------------------------------------
Finished Final Netlist Cleanup
---------------------------------------------------------------------------------
---------------------------------------------------------------------------------
Finished IO Insertion : Time (s): cpu = 00:01:45 ; elapsed = 00:01:43 . Memory (MB): peak = 2980.180 ; gain = 1223.570 ; free physical = 316 ; free virtual = 11089
---------------------------------------------------------------------------------
---------------------------------------------------------------------------------
Start Renaming Generated Instances
---------------------------------------------------------------------------------
---------------------------------------------------------------------------------
Finished Renaming Generated Instances : Time (s): cpu = 00:01:45 ; elapsed = 00:01:44 . Memory (MB): peak = 2980.180 ; gain = 1223.570 ; free physical = 315 ; free virtual = 11088
---------------------------------------------------------------------------------
---------------------------------------------------------------------------------
Start Rebuilding User Hierarchy
---------------------------------------------------------------------------------
---------------------------------------------------------------------------------
Finished Rebuilding User Hierarchy : Time (s): cpu = 00:01:52 ; elapsed = 00:01:50 . Memory (MB): peak = 3083.461 ; gain = 1326.852 ; free physical = 293 ; free virtual = 10997
---------------------------------------------------------------------------------
---------------------------------------------------------------------------------
Start Renaming Generated Ports
---------------------------------------------------------------------------------
---------------------------------------------------------------------------------
Finished Renaming Generated Ports : Time (s): cpu = 00:01:52 ; elapsed = 00:01:51 . Memory (MB): peak = 3083.461 ; gain = 1326.852 ; free physical = 292 ; free virtual = 10996
---------------------------------------------------------------------------------
---------------------------------------------------------------------------------
Start Handling Custom Attributes
---------------------------------------------------------------------------------
---------------------------------------------------------------------------------
Finished Handling Custom Attributes : Time (s): cpu = 00:01:53 ; elapsed = 00:01:51 . Memory (MB): peak = 3083.461 ; gain = 1326.852 ; free physical = 293 ; free virtual = 10990
---------------------------------------------------------------------------------
---------------------------------------------------------------------------------
Start Renaming Generated Nets
---------------------------------------------------------------------------------
---------------------------------------------------------------------------------
Finished Renaming Generated Nets : Time (s): cpu = 00:01:53 ; elapsed = 00:01:52 . Memory (MB): peak = 3083.461 ; gain = 1326.852 ; free physical = 294 ; free virtual = 10991
---------------------------------------------------------------------------------
---------------------------------------------------------------------------------
Start ROM, RAM, DSP, Shift Register and Retiming Reporting
---------------------------------------------------------------------------------

Static Shift Register Report:
+--------------+----------------------------------------------------------+--------+-------+--------------+--------------------+-------------------+--------+---------+
|Module Name   | RTL Name                                                 | Length | Width | Reset Signal | Pull out first Reg | Pull out last Reg | SRL16E | SRLC32E | 
+--------------+----------------------------------------------------------+--------+-------+--------------+--------------------+-------------------+--------+---------+
|libresdr_b210 | b200_core/radio_0/duc_chain/new_hb.hb3_q0/stbin_d_reg[6] | 3      | 1     | NO           | NO                 | YES               | 1      | 0       | 
|libresdr_b210 | b200_core/radio_1/duc_chain/new_hb.hb3_q0/stbin_d_reg[6] | 3      | 1     | NO           | NO                 | YES               | 1      | 0       | 
|libresdr_b210 | nolabel_line290/refsmp_reg[2]                            | 3      | 1     | NO           | NO                 | YES               | 1      | 0       | 
|libresdr_b210 | nolabel_line290/refclksmp_reg[2]                         | 3      | 1     | NO           | NO                 | YES               | 1      | 0       | 
|libresdr_b210 | b200_core/radio_0/ddc_chain/lfsr_a_reg[4]                | 4      | 1     | YES          | NO                 | YES               | 1      | 0       | 
|libresdr_b210 | b200_core/radio_1/ddc_chain/lfsr_a_reg[4]                | 4      | 1     | YES          | NO                 | YES               | 1      | 0       | 
+--------------+----------------------------------------------------------+--------+-------+--------------+--------------------+-------------------+--------+---------+

---------------------------------------------------------------------------------
Finished ROM, RAM, DSP, Shift Register and Retiming Reporting
---------------------------------------------------------------------------------
---------------------------------------------------------------------------------
Start Writing Synthesis Report
---------------------------------------------------------------------------------

DSP Final Report (the ' indicates corresponding REG is set)
+--------------------------------------------------+-------------+--------+--------+--------+--------+--------+------+------+------+------+-------+------+------+
|Module Name                                       | DSP Mapping | A Size | B Size | C Size | D Size | P Size | AREG | BREG | CREG | DREG | ADREG | MREG | PREG | 
+--------------------------------------------------+-------------+--------+--------+--------+--------+--------+------+------+------+------+-------+------+------+
|cic_droop_comp                                    | (A''*B)'    | 30     | 17     | -      | -      | 42     | 2    | 0    | -    | -    | -     | 0    | 1    | 
|cic_droop_comp                                    | (A''*B)'    | 30     | 17     | -      | -      | 42     | 2    | 0    | -    | -    | -     | 0    | 1    | 
|xil_internal_svlib_MULT_MACRO__parameterized1_387 | (A*B)'      | 25     | 18     | -      | -      | 43     | 0    | 0    | -    | -    | -     | 1    | 0    | 
|xil_internal_svlib_MULT_MACRO__parameterized1_388 | (A*B)'      | 25     | 18     | -      | -      | 43     | 0    | 0    | -    | -    | -     | 1    | 0    | 
|xil_internal_svlib_MULT_MACRO__parameterized0_381 | (A*B)'      | 25     | 18     | -      | -      | 43     | 0    | 0    | -    | -    | -     | 1    | 0    | 
|xil_internal_svlib_MULT_MACRO__parameterized0_377 | (A*B)'      | 25     | 18     | -      | -      | 43     | 0    | 0    | -    | -    | -     | 1    | 0    | 
|xil_internal_svlib_MULT_MACRO__parameterized0_360 | (A*B)'      | 25     | 18     | -      | -      | 43     | 0    | 0    | -    | -    | -     | 1    | 0    | 
|xil_internal_svlib_MULT_MACRO__parameterized0_361 | (A*B)'      | 25     | 18     | -      | -      | 43     | 0    | 0    | -    | -    | -     | 1    | 0    | 
|xil_internal_svlib_MULT_MACRO_265                 | (A*B)'      | 25     | 18     | -      | -      | 43     | 0    | 0    | -    | -    | -     | 1    | 0    | 
|xil_internal_svlib_MULT_MACRO_266                 | (A*B)'      | 25     | 18     | -      | -      | 43     | 0    | 0    | -    | -    | -     | 1    | 0    | 
|add_then_mac_315                                  | Dynamic     | -      | -      | -      | -      | 48     | -    | -    | -    | -    | 1     | 1    | 1    | 
|add_then_mac_316                                  | Dynamic     | -      | -      | -      | -      | 48     | -    | -    | -    | -    | 1     | 1    | 1    | 
|add_then_mac_317                                  | Dynamic     | -      | -      | -      | -      | 48     | -    | -    | -    | -    | 1     | 1    | 1    | 
|add_then_mac_318                                  | Dynamic     | -      | -      | -      | -      | 48     | -    | -    | -    | -    | 1     | 1    | 1    | 
|add_then_mac_319                                  | Dynamic     | -      | -      | -      | -      | 48     | -    | -    | -    | -    | 1     | 1    | 1    | 
|add_then_mac_320                                  | Dynamic     | -      | -      | -      | -      | 48     | -    | -    | -    | -    | 1     | 1    | 1    | 
|add_then_mac_307                                  | Dynamic     | -      | -      | -      | -      | 48     | -    | -    | -    | -    | 1     | 1    | 1    | 
|add_then_mac_308                                  | Dynamic     | -      | -      | -      | -      | 48     | -    | -    | -    | -    | 1     | 1    | 1    | 
|add_then_mac_309                                  | Dynamic     | -      | -      | -      | -      | 48     | -    | -    | -    | -    | 1     | 1    | 1    | 
|add_then_mac_310                                  | Dynamic     | -      | -      | -      | -      | 48     | -    | -    | -    | -    | 1     | 1    | 1    | 
|add_then_mac_311                                  | Dynamic     | -      | -      | -      | -      | 48     | -    | -    | -    | -    | 1     | 1    | 1    | 
|add_then_mac_312                                  | Dynamic     | -      | -      | -      | -      | 48     | -    | -    | -    | -    | 1     | 1    | 1    | 
|add_then_mac_299                                  | Dynamic     | -      | -      | -      | -      | 48     | -    | -    | -    | -    | 1     | 1    | 1    | 
|add_then_mac_300                                  | Dynamic     | -      | -      | -      | -      | 48     | -    | -    | -    | -    | 1     | 1    | 1    | 
|add_then_mac_301                                  | Dynamic     | -      | -      | -      | -      | 48     | -    | -    | -    | -    | 1     | 1    | 1    | 
|add_then_mac_302                                  | Dynamic     | -      | -      | -      | -      | 48     | -    | -    | -    | -    | 1     | 1    | 1    | 
|add_then_mac_303                                  | Dynamic     | -      | -      | -      | -      | 48     | -    | -    | -    | -    | 1     | 1    | 1    | 
|add_then_mac_304                                  | Dynamic     | -      | -      | -      | -      | 48     | -    | -    | -    | -    | 1     | 1    | 1    | 
|add_then_mac_291                                  | Dynamic     | -      | -      | -      | -      | 48     | -    | -    | -    | -    | 1     | 1    | 1    | 
|add_then_mac_292                                  | Dynamic     | -      | -      | -      | -      | 48     | -    | -    | -    | -    | 1     | 1    | 1    | 
|add_then_mac_293                                  | Dynamic     | -      | -      | -      | -      | 48     | -    | -    | -    | -    | 1     | 1    | 1    | 
|add_then_mac_294                                  | Dynamic     | -      | -      | -      | -      | 48     | -    | -    | -    | -    | 1     | 1    | 1    | 
|add_then_mac_295                                  | Dynamic     | -      | -      | -      | -      | 48     | -    | -    | -    | -    | 1     | 1    | 1    | 
|add_then_mac_296                                  | Dynamic     | -      | -      | -      | -      | 48     | -    | -    | -    | -    | 1     | 1    | 1    | 
|cic_droop_comp                                    | (A''*B)'    | 30     | 17     | -      | -      | 42     | 2    | 0    | -    | -    | -     | 0    | 1    | 
|cic_droop_comp                                    | (A''*B)'    | 30     | 17     | -      | -      | 42     | 2    | 0    | -    | -    | -     | 0    | 1    | 
|xil_internal_svlib_MULT_MACRO__parameterized1     | (A*B)'      | 25     | 18     | -      | -      | 43     | 0    | 0    | -    | -    | -     | 1    | 0    | 
|xil_internal_svlib_MULT_MACRO__parameterized1_158 | (A*B)'      | 25     | 18     | -      | -      | 43     | 0    | 0    | -    | -    | -     | 1    | 0    | 
|xil_internal_svlib_MULT_MACRO__parameterized0_153 | (A*B)'      | 25     | 18     | -      | -      | 43     | 0    | 0    | -    | -    | -     | 1    | 0    | 
|xil_internal_svlib_MULT_MACRO__parameterized0_152 | (A*B)'      | 25     | 18     | -      | -      | 43     | 0    | 0    | -    | -    | -     | 1    | 0    | 
|xil_internal_svlib_MULT_MACRO__parameterized0     | (A*B)'      | 25     | 18     | -      | -      | 43     | 0    | 0    | -    | -    | -     | 1    | 0    | 
|xil_internal_svlib_MULT_MACRO__parameterized0_148 | (A*B)'      | 25     | 18     | -      | -      | 43     | 0    | 0    | -    | -    | -     | 1    | 0    | 
|xil_internal_svlib_MULT_MACRO                     | (A*B)'      | 25     | 18     | -      | -      | 43     | 0    | 0    | -    | -    | -     | 1    | 0    | 
|xil_internal_svlib_MULT_MACRO_100                 | (A*B)'      | 25     | 18     | -      | -      | 43     | 0    | 0    | -    | -    | -     | 1    | 0    | 
|add_then_mac_135                                  | Dynamic     | -      | -      | -      | -      | 48     | -    | -    | -    | -    | 1     | 1    | 1    | 
|add_then_mac_136                                  | Dynamic     | -      | -      | -      | -      | 48     | -    | -    | -    | -    | 1     | 1    | 1    | 
|add_then_mac_137                                  | Dynamic     | -      | -      | -      | -      | 48     | -    | -    | -    | -    | 1     | 1    | 1    | 
|add_then_mac_138                                  | Dynamic     | -      | -      | -      | -      | 48     | -    | -    | -    | -    | 1     | 1    | 1    | 
|add_then_mac_139                                  | Dynamic     | -      | -      | -      | -      | 48     | -    | -    | -    | -    | 1     | 1    | 1    | 
|add_then_mac_140                                  | Dynamic     | -      | -      | -      | -      | 48     | -    | -    | -    | -    | 1     | 1    | 1    | 
|add_then_mac_127                                  | Dynamic     | -      | -      | -      | -      | 48     | -    | -    | -    | -    | 1     | 1    | 1    | 
|add_then_mac_128                                  | Dynamic     | -      | -      | -      | -      | 48     | -    | -    | -    | -    | 1     | 1    | 1    | 
|add_then_mac_129                                  | Dynamic     | -      | -      | -      | -      | 48     | -    | -    | -    | -    | 1     | 1    | 1    | 
|add_then_mac_130                                  | Dynamic     | -      | -      | -      | -      | 48     | -    | -    | -    | -    | 1     | 1    | 1    | 
|add_then_mac_131                                  | Dynamic     | -      | -      | -      | -      | 48     | -    | -    | -    | -    | 1     | 1    | 1    | 
|add_then_mac_132                                  | Dynamic     | -      | -      | -      | -      | 48     | -    | -    | -    | -    | 1     | 1    | 1    | 
|add_then_mac_119                                  | Dynamic     | -      | -      | -      | -      | 48     | -    | -    | -    | -    | 1     | 1    | 1    | 
|add_then_mac_120                                  | Dynamic     | -      | -      | -      | -      | 48     | -    | -    | -    | -    | 1     | 1    | 1    | 
|add_then_mac_121                                  | Dynamic     | -      | -      | -      | -      | 48     | -    | -    | -    | -    | 1     | 1    | 1    | 
|add_then_mac_122                                  | Dynamic     | -      | -      | -      | -      | 48     | -    | -    | -    | -    | 1     | 1    | 1    | 
|add_then_mac_123                                  | Dynamic     | -      | -      | -      | -      | 48     | -    | -    | -    | -    | 1     | 1    | 1    | 
|add_then_mac_124                                  | Dynamic     | -      | -      | -      | -      | 48     | -    | -    | -    | -    | 1     | 1    | 1    | 
|add_then_mac                                      | Dynamic     | -      | -      | -      | -      | 48     | -    | -    | -    | -    | 1     | 1    | 1    | 
|add_then_mac_114                                  | Dynamic     | -      | -      | -      | -      | 48     | -    | -    | -    | -    | 1     | 1    | 1    | 
|add_then_mac_115                                  | Dynamic     | -      | -      | -      | -      | 48     | -    | -    | -    | -    | 1     | 1    | 1    | 
|add_then_mac_116                                  | Dynamic     | -      | -      | -      | -      | 48     | -    | -    | -    | -    | 1     | 1    | 1    | 
|add_then_mac_117                                  | Dynamic     | -      | -      | -      | -      | 48     | -    | -    | -    | -    | 1     | 1    | 1    | 
|add_then_mac_118                                  | Dynamic     | -      | -      | -      | -      | 48     | -    | -    | -    | -    | 1     | 1    | 1    | 
+--------------------------------------------------+-------------+--------+--------+--------+--------+--------+------+------+------+------+-------+------+------+


Report BlackBoxes: 
+------+----------------+----------+
|      |BlackBox name   |Instances |
+------+----------------+----------+
|1     |gen_clks        |         1|
|2     |clk_wiz_0       |         1|
|3     |fifo_short_2clk |         8|
|4     |hbdec2          |         2|
|5     |hbdec1          |         2|
|6     |MULT18X18S      |         4|
|7     |fifo_4k_2clk    |         6|
+------+----------------+----------+

Report Cell Usage: 
+------+------------------------------+------+
|      |Cell                          |Count |
+------+------------------------------+------+
|1     |clk_wiz                       |     1|
|2     |fifo_4k_2clk                  |     6|
|8     |fifo_short_2clk               |     8|
|16    |gen_clks                      |     1|
|17    |hbdec1_bbox                   |     1|
|18    |hbdec1_bbox_0                 |     1|
|19    |hbdec2_bbox                   |     1|
|20    |hbdec2_bbox_1                 |     1|
|21    |xil_internal_svlib_MULT18X18S |     4|
|25    |BUFG                          |     3|
|26    |BUFGMUX                       |     1|
|27    |BUFR                          |     2|
|29    |CARRY4                        |  4898|
|30    |DNA_PORT                      |     1|
|31    |DSP48E1                       |    68|
|34    |IDDR                          |    13|
|35    |LUT1                          |  1036|
|36    |LUT2                          |  7570|
|37    |LUT3                          | 12578|
|38    |LUT4                          |  4370|
|39    |LUT5                          |  3566|
|40    |LUT6                          |  5616|
|41    |MUXF7                         |   224|
|42    |MUXF8                         |     8|
|43    |ODDR                          |    15|
|45    |RAMB18E1                      |    14|
|49    |RAMB36E1                      |   137|
|55    |SRL16E                        |     6|
|56    |SRLC32E                       |  1501|
|57    |FDCE                          |    17|
|58    |FDPE                          |     2|
|59    |FDRE                          | 30905|
|60    |FDSE                          |   459|
|61    |LD                            |   128|
|62    |IBUF                          |    22|
|63    |IOBUF                         |    43|
|64    |OBUF                          |    65|
+------+------------------------------+------+
---------------------------------------------------------------------------------
Finished Writing Synthesis Report : Time (s): cpu = 00:01:53 ; elapsed = 00:01:52 . Memory (MB): peak = 3083.461 ; gain = 1326.852 ; free physical = 294 ; free virtual = 10991
---------------------------------------------------------------------------------
Synthesis finished with 0 errors, 0 critical warnings and 285 warnings.
Synthesis Optimization Runtime : Time (s): cpu = 00:01:45 ; elapsed = 00:01:48 . Memory (MB): peak = 3087.375 ; gain = 1211.992 ; free physical = 6687 ; free virtual = 17385
Synthesis Optimization Complete : Time (s): cpu = 00:01:53 ; elapsed = 00:01:55 . Memory (MB): peak = 3087.375 ; gain = 1330.766 ; free physical = 6696 ; free virtual = 17384
INFO: [Project 1-571] Translating synthesized netlist
WARNING: [filemgmt 56-608] NGC format files are not supported in the Vivado Design Suite for UltraScale devices.
###################################### IMPORTANT ######################################
# Important: NGC format files are not supported in the Vivado Design Suite for        #
# UltraScale devices. It is recommended that you regenerate the IP using the Vivado   #
# Design Suite IP customization tools with native output products. Alternatively, you #
# can use the NGC2EDIF command to migrate the NGC file to EDIF format for importing.  #
# However, Xilinx recommends using native Vivado IP rather than XST-generated         #
# XST-generated NGC format files going forward.                                       #
#######################################################################################
Release 14.7 - ngc2edif P_INT.20191124 (lin64)
Copyright (c) 1995-2013 Xilinx, Inc.  All rights reserved.

Release 14.7 - ngc2edif P_INT.20191124 (lin64)
Copyright (c) 1995-2013 Xilinx, Inc.  All rights reserved.
Reading design hbdec2.ngc ...
WARNING:NetListWriters:298 - No output is written to hbdec2.xncf, ignored.
Processing design ...
   Preping design's networks ...
   Preping design's macros ...
  finished :Prep
Writing EDIF netlist file hbdec2.edif ...
ngc2edif: Total memory usage is 99588 kilobytes

Reading core file '/home/f4tnk/dev/LibreSDR_UHD_B220_Mini_FPGA/src/libresdr_b210.srcs/sources_1/imports/lib/ngc/hbdec2.ngc' for (cell view 'hbdec2', library 'work')
Parsing EDIF File [./.ngc2edfcache/hbdec2_ngc_d2d03023.edif]
Finished Parsing EDIF File [./.ngc2edfcache/hbdec2_ngc_d2d03023.edif]
WARNING: [filemgmt 56-608] NGC format files are not supported in the Vivado Design Suite for UltraScale devices.
###################################### IMPORTANT ######################################
# Important: NGC format files are not supported in the Vivado Design Suite for        #
# UltraScale devices. It is recommended that you regenerate the IP using the Vivado   #
# Design Suite IP customization tools with native output products. Alternatively, you #
# can use the NGC2EDIF command to migrate the NGC file to EDIF format for importing.  #
# However, Xilinx recommends using native Vivado IP rather than XST-generated         #
# XST-generated NGC format files going forward.                                       #
#######################################################################################
Release 14.7 - ngc2edif P_INT.20191124 (lin64)
Copyright (c) 1995-2013 Xilinx, Inc.  All rights reserved.

Release 14.7 - ngc2edif P_INT.20191124 (lin64)
Copyright (c) 1995-2013 Xilinx, Inc.  All rights reserved.
Reading design hbdec1.ngc ...
WARNING:NetListWriters:298 - No output is written to hbdec1.xncf, ignored.
Processing design ...
   Preping design's networks ...
   Preping design's macros ...
  finished :Prep
Writing EDIF netlist file hbdec1.edif ...
ngc2edif: Total memory usage is 103064 kilobytes

Reading core file '/home/f4tnk/dev/LibreSDR_UHD_B220_Mini_FPGA/src/libresdr_b210.srcs/sources_1/imports/lib/ngc/hbdec1.ngc' for (cell view 'hbdec1', library 'work')
Parsing EDIF File [./.ngc2edfcache/hbdec1_ngc_d2d03023.edif]
Finished Parsing EDIF File [./.ngc2edfcache/hbdec1_ngc_d2d03023.edif]
Netlist sorting complete. Time (s): cpu = 00:00:00.56 ; elapsed = 00:00:00.57 . Memory (MB): peak = 3087.375 ; gain = 0.000 ; free physical = 6662 ; free virtual = 17383
INFO: [Netlist 29-17] Analyzing 10481 Unisim elements for replacement
INFO: [Netlist 29-28] Unisim Transformation completed in 0 CPU seconds
INFO: [Project 1-479] Netlist was created with Xilinx ngc2edif P_INT.20191124
INFO: [Project 1-570] Preparing netlist for logic optimization
INFO: [Opt 31-138] Pushed 0 inverter(s) to 0 load pin(s).
Netlist sorting complete. Time (s): cpu = 00:00:00.01 ; elapsed = 00:00:00.02 . Memory (MB): peak = 3169.688 ; gain = 0.000 ; free physical = 6644 ; free virtual = 17366
INFO: [Project 1-111] Unisim Transformation Summary:
  A total of 4798 instances were transformed.
  (MUXCY,XORCY) => CARRY4: 104 instances
  BUFGMUX => BUFGCTRL (inverted pins: CE0): 1 instance 
  FD => FDRE: 20 instances
  FDE => FDRE: 3836 instances
  FDR => FDRE: 26 instances
  INV => LUT1: 48 instances
  IOBUF => IOBUF (IBUF, OBUFT): 43 instances
  LD => LDCE: 128 instances
  MULT18X18S => DSP48E1: 4 instances
  RAM32X1D => RAM32X1D (RAMD32(x2)): 588 instances

Synth Design complete | Checksum: 6fe417f9
INFO: [Common 17-83] Releasing license: Synthesis
612 Infos, 283 Warnings, 0 Critical Warnings and 0 Errors encountered.
synth_design completed successfully
synth_design: Time (s): cpu = 00:02:10 ; elapsed = 00:02:12 . Memory (MB): peak = 3169.723 ; gain = 1550.293 ; free physical = 6645 ; free virtual = 17366
INFO: [Common 17-2834] synth_design peak Physical Memory [PSS] (MB): overall = 7510.436; main = 2233.885; forked = 5913.515
INFO: [Common 17-2834] synth_design peak Virtual Memory [VSS] (MB): overall = 15478.078; main = 3169.688; forked = 12775.570
Write ShapeDB Complete: Time (s): cpu = 00:00:00.3 ; elapsed = 00:00:00.11 . Memory (MB): peak = 3193.699 ; gain = 0.000 ; free physical = 6635 ; free virtual = 17367
INFO: [Common 17-1381] The checkpoint '/home/f4tnk/dev/LibreSDR_UHD_B220_Mini_FPGA/src/libresdr_b210.runs/synth_1/libresdr_b210.dcp' has been generated.
INFO: [Vivado 12-24828] Executing command : report_utilization -file libresdr_b210_utilization_synth.rpt -pb libresdr_b210_utilization_synth.pb
INFO: [Common 17-206] Exiting Vivado at Fri Jul  3 14:16:19 2026...
[Fri Jul  3 14:16:20 2026] synth_1 finished
wait_on_runs: Time (s): cpu = 00:02:28 ; elapsed = 00:02:22 . Memory (MB): peak = 1611.926 ; gain = 0.000 ; free physical = 8796 ; free virtual = 19382
# set synth_status [get_property STATUS [get_runs synth_1]]
# log "Synthesis status: $synth_status"
[14:16:20] Synthesis status: synth_design Complete!
# if {[get_property PROGRESS [get_runs synth_1]] != "100%"} {
#     log "ERROR: Synthesis did not complete successfully."
#     set msgs [get_msg_config -severity {ERROR} -count]
#     log "Error count: $msgs"
#     # Print all errors to the log
#     foreach msg [get_msgs -severity ERROR] {
#         log "  SYN-ERROR: [get_property MSG_TEXT $msg]"
#     }
#     exit 1
# }
# open_run synth_1 -name synth_1
Design is defaulting to impl run constrset: constrs_2
Design is defaulting to synth run part: xc7a200tfbg484-2
INFO: [Device 21-403] Loading part xc7a200tfbg484-2
INFO: [Project 1-5699] Read binary netlist with skipMacroContent - 1
INFO: [Project 1-454] Reading design checkpoint '/home/f4tnk/dev/LibreSDR_UHD_B220_Mini_FPGA/src/libresdr_b210.gen/sources_1/ip/clk_wiz_0/clk_wiz_0.dcp' for cell 'clk_wiz_0_10M_detect'
INFO: [Project 1-454] Reading design checkpoint '/home/f4tnk/dev/LibreSDR_UHD_B220_Mini_FPGA/src/libresdr_b210.gen/gen_clks/ip/gen_clks/gen_clks.dcp' for cell 'u_gen_clocks_main'
INFO: [Project 1-454] Reading design checkpoint '/home/f4tnk/dev/LibreSDR_UHD_B220_Mini_FPGA/src/libresdr_b210.gen/fifo_short_2clk/ip/fifo_short_2clk/fifo_short_2clk.dcp' for cell 'b200_core/radio_0/ctrl_fifo/fifo_section[0].impl_srl_i'
INFO: [Project 1-454] Reading design checkpoint '/home/f4tnk/dev/LibreSDR_UHD_B220_Mini_FPGA/src/libresdr_b210.gen/fifo_4k_2clk/ip/fifo_4k_2clk/fifo_4k_2clk.dcp' for cell 'b200_core/radio_0/rx_fifo/fifo_section[0].impl_bram_i'
Netlist sorting complete. Time (s): cpu = 00:00:00.43 ; elapsed = 00:00:00.44 . Memory (MB): peak = 1919.293 ; gain = 0.000 ; free physical = 8484 ; free virtual = 19071
INFO: [Netlist 29-17] Analyzing 6350 Unisim elements for replacement
INFO: [Netlist 29-28] Unisim Transformation completed in 0 CPU seconds
INFO: [Project 1-479] Netlist was created with Vivado 2025.2
INFO: [Project 1-570] Preparing netlist for logic optimization
Parsing XDC File [/home/f4tnk/dev/LibreSDR_UHD_B220_Mini_FPGA/src/libresdr_b210.gen/sources_1/ip/clk_wiz_0/clk_wiz_0_board.xdc] for cell 'clk_wiz_0_10M_detect/inst'
Finished Parsing XDC File [/home/f4tnk/dev/LibreSDR_UHD_B220_Mini_FPGA/src/libresdr_b210.gen/sources_1/ip/clk_wiz_0/clk_wiz_0_board.xdc] for cell 'clk_wiz_0_10M_detect/inst'
Parsing XDC File [/home/f4tnk/dev/LibreSDR_UHD_B220_Mini_FPGA/src/libresdr_b210.gen/sources_1/ip/clk_wiz_0/clk_wiz_0.xdc] for cell 'clk_wiz_0_10M_detect/inst'
Finished Parsing XDC File [/home/f4tnk/dev/LibreSDR_UHD_B220_Mini_FPGA/src/libresdr_b210.gen/sources_1/ip/clk_wiz_0/clk_wiz_0.xdc] for cell 'clk_wiz_0_10M_detect/inst'
Parsing XDC File [/home/f4tnk/dev/LibreSDR_UHD_B220_Mini_FPGA/src/libresdr_b210.gen/gen_clks/ip/gen_clks/gen_clks_board.xdc] for cell 'u_gen_clocks_main/inst'
Finished Parsing XDC File [/home/f4tnk/dev/LibreSDR_UHD_B220_Mini_FPGA/src/libresdr_b210.gen/gen_clks/ip/gen_clks/gen_clks_board.xdc] for cell 'u_gen_clocks_main/inst'
Parsing XDC File [/home/f4tnk/dev/LibreSDR_UHD_B220_Mini_FPGA/src/libresdr_b210.gen/gen_clks/ip/gen_clks/gen_clks.xdc] for cell 'u_gen_clocks_main/inst'
INFO: [Timing 38-35] Done setting XDC timing constraints. [/home/f4tnk/dev/LibreSDR_UHD_B220_Mini_FPGA/src/libresdr_b210.gen/gen_clks/ip/gen_clks/gen_clks.xdc:54]
INFO: [Timing 38-2] Deriving generated clocks [/home/f4tnk/dev/LibreSDR_UHD_B220_Mini_FPGA/src/libresdr_b210.gen/gen_clks/ip/gen_clks/gen_clks.xdc:54]
get_clocks: Time (s): cpu = 00:00:07 ; elapsed = 00:00:05 . Memory (MB): peak = 2785.297 ; gain = 691.992 ; free physical = 7766 ; free virtual = 18371
Finished Parsing XDC File [/home/f4tnk/dev/LibreSDR_UHD_B220_Mini_FPGA/src/libresdr_b210.gen/gen_clks/ip/gen_clks/gen_clks.xdc] for cell 'u_gen_clocks_main/inst'
Parsing XDC File [/home/f4tnk/dev/LibreSDR_UHD_B220_Mini_FPGA/src/libresdr_b210.gen/fifo_short_2clk/ip/fifo_short_2clk/fifo_short_2clk.xdc] for cell 'b200_core/radio_0/ctrl_fifo/fifo_section[0].impl_srl_i/U0'
Finished Parsing XDC File [/home/f4tnk/dev/LibreSDR_UHD_B220_Mini_FPGA/src/libresdr_b210.gen/fifo_short_2clk/ip/fifo_short_2clk/fifo_short_2clk.xdc] for cell 'b200_core/radio_0/ctrl_fifo/fifo_section[0].impl_srl_i/U0'
Parsing XDC File [/home/f4tnk/dev/LibreSDR_UHD_B220_Mini_FPGA/src/libresdr_b210.gen/fifo_short_2clk/ip/fifo_short_2clk/fifo_short_2clk.xdc] for cell 'b200_core/radio_0/resp_fifo/fifo_section[0].impl_srl_i/U0'
Finished Parsing XDC File [/home/f4tnk/dev/LibreSDR_UHD_B220_Mini_FPGA/src/libresdr_b210.gen/fifo_short_2clk/ip/fifo_short_2clk/fifo_short_2clk.xdc] for cell 'b200_core/radio_0/resp_fifo/fifo_section[0].impl_srl_i/U0'
Parsing XDC File [/home/f4tnk/dev/LibreSDR_UHD_B220_Mini_FPGA/src/libresdr_b210.gen/fifo_short_2clk/ip/fifo_short_2clk/fifo_short_2clk.xdc] for cell 'b200_core/radio_0/vita_time_fifo/fifo_section[0].impl_srl_i/U0'
Finished Parsing XDC File [/home/f4tnk/dev/LibreSDR_UHD_B220_Mini_FPGA/src/libresdr_b210.gen/fifo_short_2clk/ip/fifo_short_2clk/fifo_short_2clk.xdc] for cell 'b200_core/radio_0/vita_time_fifo/fifo_section[0].impl_srl_i/U0'
Parsing XDC File [/home/f4tnk/dev/LibreSDR_UHD_B220_Mini_FPGA/src/libresdr_b210.gen/fifo_short_2clk/ip/fifo_short_2clk/fifo_short_2clk.xdc] for cell 'b200_core/radio_1/ctrl_fifo/fifo_section[0].impl_srl_i/U0'
Finished Parsing XDC File [/home/f4tnk/dev/LibreSDR_UHD_B220_Mini_FPGA/src/libresdr_b210.gen/fifo_short_2clk/ip/fifo_short_2clk/fifo_short_2clk.xdc] for cell 'b200_core/radio_1/ctrl_fifo/fifo_section[0].impl_srl_i/U0'
Parsing XDC File [/home/f4tnk/dev/LibreSDR_UHD_B220_Mini_FPGA/src/libresdr_b210.gen/fifo_short_2clk/ip/fifo_short_2clk/fifo_short_2clk.xdc] for cell 'b200_core/radio_1/resp_fifo/fifo_section[0].impl_srl_i/U0'
Finished Parsing XDC File [/home/f4tnk/dev/LibreSDR_UHD_B220_Mini_FPGA/src/libresdr_b210.gen/fifo_short_2clk/ip/fifo_short_2clk/fifo_short_2clk.xdc] for cell 'b200_core/radio_1/resp_fifo/fifo_section[0].impl_srl_i/U0'
Parsing XDC File [/home/f4tnk/dev/LibreSDR_UHD_B220_Mini_FPGA/src/libresdr_b210.gen/fifo_short_2clk/ip/fifo_short_2clk/fifo_short_2clk.xdc] for cell 'b200_core/radio_1/vita_time_fifo/fifo_section[0].impl_srl_i/U0'
Finished Parsing XDC File [/home/f4tnk/dev/LibreSDR_UHD_B220_Mini_FPGA/src/libresdr_b210.gen/fifo_short_2clk/ip/fifo_short_2clk/fifo_short_2clk.xdc] for cell 'b200_core/radio_1/vita_time_fifo/fifo_section[0].impl_srl_i/U0'
Parsing XDC File [/home/f4tnk/dev/LibreSDR_UHD_B220_Mini_FPGA/src/libresdr_b210.gen/fifo_short_2clk/ip/fifo_short_2clk/fifo_short_2clk.xdc] for cell 'slave_fifo32/fifo64_to_gpif2_resp/cross_clock_fifo/fifo_section[0].impl_srl_i/U0'
Finished Parsing XDC File [/home/f4tnk/dev/LibreSDR_UHD_B220_Mini_FPGA/src/libresdr_b210.gen/fifo_short_2clk/ip/fifo_short_2clk/fifo_short_2clk.xdc] for cell 'slave_fifo32/fifo64_to_gpif2_resp/cross_clock_fifo/fifo_section[0].impl_srl_i/U0'
Parsing XDC File [/home/f4tnk/dev/LibreSDR_UHD_B220_Mini_FPGA/src/libresdr_b210.gen/fifo_short_2clk/ip/fifo_short_2clk/fifo_short_2clk.xdc] for cell 'slave_fifo32/gpif2_to_fifo64_ctrl/cross_clock_fifo/fifo_section[0].impl_srl_i/U0'
Finished Parsing XDC File [/home/f4tnk/dev/LibreSDR_UHD_B220_Mini_FPGA/src/libresdr_b210.gen/fifo_short_2clk/ip/fifo_short_2clk/fifo_short_2clk.xdc] for cell 'slave_fifo32/gpif2_to_fifo64_ctrl/cross_clock_fifo/fifo_section[0].impl_srl_i/U0'
Parsing XDC File [/home/f4tnk/dev/LibreSDR_UHD_B220_Mini_FPGA/src/libresdr_b210.gen/fifo_4k_2clk/ip/fifo_4k_2clk/fifo_4k_2clk.xdc] for cell 'b200_core/radio_0/rx_fifo/fifo_section[0].impl_bram_i/U0'
Finished Parsing XDC File [/home/f4tnk/dev/LibreSDR_UHD_B220_Mini_FPGA/src/libresdr_b210.gen/fifo_4k_2clk/ip/fifo_4k_2clk/fifo_4k_2clk.xdc] for cell 'b200_core/radio_0/rx_fifo/fifo_section[0].impl_bram_i/U0'
Parsing XDC File [/home/f4tnk/dev/LibreSDR_UHD_B220_Mini_FPGA/src/libresdr_b210.gen/fifo_4k_2clk/ip/fifo_4k_2clk/fifo_4k_2clk.xdc] for cell 'b200_core/radio_0/tx_fifo/fifo_section[0].impl_bram_i/U0'
Finished Parsing XDC File [/home/f4tnk/dev/LibreSDR_UHD_B220_Mini_FPGA/src/libresdr_b210.gen/fifo_4k_2clk/ip/fifo_4k_2clk/fifo_4k_2clk.xdc] for cell 'b200_core/radio_0/tx_fifo/fifo_section[0].impl_bram_i/U0'
Parsing XDC File [/home/f4tnk/dev/LibreSDR_UHD_B220_Mini_FPGA/src/libresdr_b210.gen/fifo_4k_2clk/ip/fifo_4k_2clk/fifo_4k_2clk.xdc] for cell 'b200_core/radio_1/rx_fifo/fifo_section[0].impl_bram_i/U0'
Finished Parsing XDC File [/home/f4tnk/dev/LibreSDR_UHD_B220_Mini_FPGA/src/libresdr_b210.gen/fifo_4k_2clk/ip/fifo_4k_2clk/fifo_4k_2clk.xdc] for cell 'b200_core/radio_1/rx_fifo/fifo_section[0].impl_bram_i/U0'
Parsing XDC File [/home/f4tnk/dev/LibreSDR_UHD_B220_Mini_FPGA/src/libresdr_b210.gen/fifo_4k_2clk/ip/fifo_4k_2clk/fifo_4k_2clk.xdc] for cell 'b200_core/radio_1/tx_fifo/fifo_section[0].impl_bram_i/U0'
Finished Parsing XDC File [/home/f4tnk/dev/LibreSDR_UHD_B220_Mini_FPGA/src/libresdr_b210.gen/fifo_4k_2clk/ip/fifo_4k_2clk/fifo_4k_2clk.xdc] for cell 'b200_core/radio_1/tx_fifo/fifo_section[0].impl_bram_i/U0'
Parsing XDC File [/home/f4tnk/dev/LibreSDR_UHD_B220_Mini_FPGA/src/libresdr_b210.gen/fifo_4k_2clk/ip/fifo_4k_2clk/fifo_4k_2clk.xdc] for cell 'slave_fifo32/fifo64_to_gpif2_rx/cross_clock_fifo/fifo_section[0].impl_bram_i/U0'
Finished Parsing XDC File [/home/f4tnk/dev/LibreSDR_UHD_B220_Mini_FPGA/src/libresdr_b210.gen/fifo_4k_2clk/ip/fifo_4k_2clk/fifo_4k_2clk.xdc] for cell 'slave_fifo32/fifo64_to_gpif2_rx/cross_clock_fifo/fifo_section[0].impl_bram_i/U0'
Parsing XDC File [/home/f4tnk/dev/LibreSDR_UHD_B220_Mini_FPGA/src/libresdr_b210.gen/fifo_4k_2clk/ip/fifo_4k_2clk/fifo_4k_2clk.xdc] for cell 'slave_fifo32/gpif2_to_fifo64_tx/cross_clock_fifo/fifo_section[0].impl_bram_i/U0'
Finished Parsing XDC File [/home/f4tnk/dev/LibreSDR_UHD_B220_Mini_FPGA/src/libresdr_b210.gen/fifo_4k_2clk/ip/fifo_4k_2clk/fifo_4k_2clk.xdc] for cell 'slave_fifo32/gpif2_to_fifo64_tx/cross_clock_fifo/fifo_section[0].impl_bram_i/U0'
Parsing XDC File [/home/f4tnk/dev/LibreSDR_UHD_B220_Mini_FPGA/src/libresdr_b210.srcs/constrs_2/imports/xdc/b210.xdc]
INFO: [Timing 38-2] Deriving generated clocks [/home/f4tnk/dev/LibreSDR_UHD_B220_Mini_FPGA/src/libresdr_b210.srcs/constrs_2/imports/xdc/b210.xdc:199]
Finished Parsing XDC File [/home/f4tnk/dev/LibreSDR_UHD_B220_Mini_FPGA/src/libresdr_b210.srcs/constrs_2/imports/xdc/b210.xdc]
Parsing XDC File [/home/f4tnk/dev/LibreSDR_UHD_B220_Mini_FPGA/src/libresdr_b210.gen/fifo_short_2clk/ip/fifo_short_2clk/fifo_short_2clk_clocks.xdc] for cell 'b200_core/radio_0/ctrl_fifo/fifo_section[0].impl_srl_i/U0'
Finished Parsing XDC File [/home/f4tnk/dev/LibreSDR_UHD_B220_Mini_FPGA/src/libresdr_b210.gen/fifo_short_2clk/ip/fifo_short_2clk/fifo_short_2clk_clocks.xdc] for cell 'b200_core/radio_0/ctrl_fifo/fifo_section[0].impl_srl_i/U0'
Parsing XDC File [/home/f4tnk/dev/LibreSDR_UHD_B220_Mini_FPGA/src/libresdr_b210.gen/fifo_short_2clk/ip/fifo_short_2clk/fifo_short_2clk_clocks.xdc] for cell 'b200_core/radio_0/resp_fifo/fifo_section[0].impl_srl_i/U0'
Finished Parsing XDC File [/home/f4tnk/dev/LibreSDR_UHD_B220_Mini_FPGA/src/libresdr_b210.gen/fifo_short_2clk/ip/fifo_short_2clk/fifo_short_2clk_clocks.xdc] for cell 'b200_core/radio_0/resp_fifo/fifo_section[0].impl_srl_i/U0'
Parsing XDC File [/home/f4tnk/dev/LibreSDR_UHD_B220_Mini_FPGA/src/libresdr_b210.gen/fifo_short_2clk/ip/fifo_short_2clk/fifo_short_2clk_clocks.xdc] for cell 'b200_core/radio_0/vita_time_fifo/fifo_section[0].impl_srl_i/U0'
Finished Parsing XDC File [/home/f4tnk/dev/LibreSDR_UHD_B220_Mini_FPGA/src/libresdr_b210.gen/fifo_short_2clk/ip/fifo_short_2clk/fifo_short_2clk_clocks.xdc] for cell 'b200_core/radio_0/vita_time_fifo/fifo_section[0].impl_srl_i/U0'
Parsing XDC File [/home/f4tnk/dev/LibreSDR_UHD_B220_Mini_FPGA/src/libresdr_b210.gen/fifo_short_2clk/ip/fifo_short_2clk/fifo_short_2clk_clocks.xdc] for cell 'b200_core/radio_1/ctrl_fifo/fifo_section[0].impl_srl_i/U0'
Finished Parsing XDC File [/home/f4tnk/dev/LibreSDR_UHD_B220_Mini_FPGA/src/libresdr_b210.gen/fifo_short_2clk/ip/fifo_short_2clk/fifo_short_2clk_clocks.xdc] for cell 'b200_core/radio_1/ctrl_fifo/fifo_section[0].impl_srl_i/U0'
Parsing XDC File [/home/f4tnk/dev/LibreSDR_UHD_B220_Mini_FPGA/src/libresdr_b210.gen/fifo_short_2clk/ip/fifo_short_2clk/fifo_short_2clk_clocks.xdc] for cell 'b200_core/radio_1/resp_fifo/fifo_section[0].impl_srl_i/U0'
Finished Parsing XDC File [/home/f4tnk/dev/LibreSDR_UHD_B220_Mini_FPGA/src/libresdr_b210.gen/fifo_short_2clk/ip/fifo_short_2clk/fifo_short_2clk_clocks.xdc] for cell 'b200_core/radio_1/resp_fifo/fifo_section[0].impl_srl_i/U0'
Parsing XDC File [/home/f4tnk/dev/LibreSDR_UHD_B220_Mini_FPGA/src/libresdr_b210.gen/fifo_short_2clk/ip/fifo_short_2clk/fifo_short_2clk_clocks.xdc] for cell 'b200_core/radio_1/vita_time_fifo/fifo_section[0].impl_srl_i/U0'
Finished Parsing XDC File [/home/f4tnk/dev/LibreSDR_UHD_B220_Mini_FPGA/src/libresdr_b210.gen/fifo_short_2clk/ip/fifo_short_2clk/fifo_short_2clk_clocks.xdc] for cell 'b200_core/radio_1/vita_time_fifo/fifo_section[0].impl_srl_i/U0'
Parsing XDC File [/home/f4tnk/dev/LibreSDR_UHD_B220_Mini_FPGA/src/libresdr_b210.gen/fifo_short_2clk/ip/fifo_short_2clk/fifo_short_2clk_clocks.xdc] for cell 'slave_fifo32/fifo64_to_gpif2_resp/cross_clock_fifo/fifo_section[0].impl_srl_i/U0'
Finished Parsing XDC File [/home/f4tnk/dev/LibreSDR_UHD_B220_Mini_FPGA/src/libresdr_b210.gen/fifo_short_2clk/ip/fifo_short_2clk/fifo_short_2clk_clocks.xdc] for cell 'slave_fifo32/fifo64_to_gpif2_resp/cross_clock_fifo/fifo_section[0].impl_srl_i/U0'
Parsing XDC File [/home/f4tnk/dev/LibreSDR_UHD_B220_Mini_FPGA/src/libresdr_b210.gen/fifo_short_2clk/ip/fifo_short_2clk/fifo_short_2clk_clocks.xdc] for cell 'slave_fifo32/gpif2_to_fifo64_ctrl/cross_clock_fifo/fifo_section[0].impl_srl_i/U0'
Finished Parsing XDC File [/home/f4tnk/dev/LibreSDR_UHD_B220_Mini_FPGA/src/libresdr_b210.gen/fifo_short_2clk/ip/fifo_short_2clk/fifo_short_2clk_clocks.xdc] for cell 'slave_fifo32/gpif2_to_fifo64_ctrl/cross_clock_fifo/fifo_section[0].impl_srl_i/U0'
Parsing XDC File [/home/f4tnk/dev/LibreSDR_UHD_B220_Mini_FPGA/src/libresdr_b210.gen/fifo_4k_2clk/ip/fifo_4k_2clk/fifo_4k_2clk_clocks.xdc] for cell 'b200_core/radio_0/rx_fifo/fifo_section[0].impl_bram_i/U0'
Finished Parsing XDC File [/home/f4tnk/dev/LibreSDR_UHD_B220_Mini_FPGA/src/libresdr_b210.gen/fifo_4k_2clk/ip/fifo_4k_2clk/fifo_4k_2clk_clocks.xdc] for cell 'b200_core/radio_0/rx_fifo/fifo_section[0].impl_bram_i/U0'
Parsing XDC File [/home/f4tnk/dev/LibreSDR_UHD_B220_Mini_FPGA/src/libresdr_b210.gen/fifo_4k_2clk/ip/fifo_4k_2clk/fifo_4k_2clk_clocks.xdc] for cell 'b200_core/radio_0/tx_fifo/fifo_section[0].impl_bram_i/U0'
Finished Parsing XDC File [/home/f4tnk/dev/LibreSDR_UHD_B220_Mini_FPGA/src/libresdr_b210.gen/fifo_4k_2clk/ip/fifo_4k_2clk/fifo_4k_2clk_clocks.xdc] for cell 'b200_core/radio_0/tx_fifo/fifo_section[0].impl_bram_i/U0'
Parsing XDC File [/home/f4tnk/dev/LibreSDR_UHD_B220_Mini_FPGA/src/libresdr_b210.gen/fifo_4k_2clk/ip/fifo_4k_2clk/fifo_4k_2clk_clocks.xdc] for cell 'b200_core/radio_1/rx_fifo/fifo_section[0].impl_bram_i/U0'
Finished Parsing XDC File [/home/f4tnk/dev/LibreSDR_UHD_B220_Mini_FPGA/src/libresdr_b210.gen/fifo_4k_2clk/ip/fifo_4k_2clk/fifo_4k_2clk_clocks.xdc] for cell 'b200_core/radio_1/rx_fifo/fifo_section[0].impl_bram_i/U0'
Parsing XDC File [/home/f4tnk/dev/LibreSDR_UHD_B220_Mini_FPGA/src/libresdr_b210.gen/fifo_4k_2clk/ip/fifo_4k_2clk/fifo_4k_2clk_clocks.xdc] for cell 'b200_core/radio_1/tx_fifo/fifo_section[0].impl_bram_i/U0'
Finished Parsing XDC File [/home/f4tnk/dev/LibreSDR_UHD_B220_Mini_FPGA/src/libresdr_b210.gen/fifo_4k_2clk/ip/fifo_4k_2clk/fifo_4k_2clk_clocks.xdc] for cell 'b200_core/radio_1/tx_fifo/fifo_section[0].impl_bram_i/U0'
Parsing XDC File [/home/f4tnk/dev/LibreSDR_UHD_B220_Mini_FPGA/src/libresdr_b210.gen/fifo_4k_2clk/ip/fifo_4k_2clk/fifo_4k_2clk_clocks.xdc] for cell 'slave_fifo32/fifo64_to_gpif2_rx/cross_clock_fifo/fifo_section[0].impl_bram_i/U0'
Finished Parsing XDC File [/home/f4tnk/dev/LibreSDR_UHD_B220_Mini_FPGA/src/libresdr_b210.gen/fifo_4k_2clk/ip/fifo_4k_2clk/fifo_4k_2clk_clocks.xdc] for cell 'slave_fifo32/fifo64_to_gpif2_rx/cross_clock_fifo/fifo_section[0].impl_bram_i/U0'
Parsing XDC File [/home/f4tnk/dev/LibreSDR_UHD_B220_Mini_FPGA/src/libresdr_b210.gen/fifo_4k_2clk/ip/fifo_4k_2clk/fifo_4k_2clk_clocks.xdc] for cell 'slave_fifo32/gpif2_to_fifo64_tx/cross_clock_fifo/fifo_section[0].impl_bram_i/U0'
Finished Parsing XDC File [/home/f4tnk/dev/LibreSDR_UHD_B220_Mini_FPGA/src/libresdr_b210.gen/fifo_4k_2clk/ip/fifo_4k_2clk/fifo_4k_2clk_clocks.xdc] for cell 'slave_fifo32/gpif2_to_fifo64_tx/cross_clock_fifo/fifo_section[0].impl_bram_i/U0'
WARNING: [XPM_CDC_GRAY: TCL-1000] The source and destination clocks are the same. 
     Instance: slave_fifo32/fifo64_to_gpif2_rx/cross_clock_fifo/fifo_section[0].impl_bram_i/U0/inst_fifo_gen/gconvfifo.rf/grf.rf/gntv_or_sync_fifo.gcx.clkx/rd_pntr_cdc_inst 
  This will add unnecessary latency to the design. Please check the design for the following: 
 1) Manually instantiated XPM_CDC modules: AMD recommends that you remove these modules. 
 2) AMD IP that contains XPM_CDC modules: Verify the connections to the IP to determine whether you can safely ignore this message.
 [/usr/local/vivado/2025.2/data/ip/xpm/xpm_cdc/tcl/xpm_cdc_gray.tcl:16]
WARNING: [XPM_CDC_GRAY: TCL-1000] The source and destination clocks are the same. 
     Instance: slave_fifo32/gpif2_to_fifo64_tx/cross_clock_fifo/fifo_section[0].impl_bram_i/U0/inst_fifo_gen/gconvfifo.rf/grf.rf/gntv_or_sync_fifo.gcx.clkx/rd_pntr_cdc_inst 
  This will add unnecessary latency to the design. Please check the design for the following: 
 1) Manually instantiated XPM_CDC modules: AMD recommends that you remove these modules. 
 2) AMD IP that contains XPM_CDC modules: Verify the connections to the IP to determine whether you can safely ignore this message.
 [/usr/local/vivado/2025.2/data/ip/xpm/xpm_cdc/tcl/xpm_cdc_gray.tcl:16]
WARNING: [XPM_CDC_GRAY: TCL-1000] The source and destination clocks are the same. 
     Instance: slave_fifo32/fifo64_to_gpif2_rx/cross_clock_fifo/fifo_section[0].impl_bram_i/U0/inst_fifo_gen/gconvfifo.rf/grf.rf/gntv_or_sync_fifo.gcx.clkx/wr_pntr_cdc_inst 
  This will add unnecessary latency to the design. Please check the design for the following: 
 1) Manually instantiated XPM_CDC modules: AMD recommends that you remove these modules. 
 2) AMD IP that contains XPM_CDC modules: Verify the connections to the IP to determine whether you can safely ignore this message.
 [/usr/local/vivado/2025.2/data/ip/xpm/xpm_cdc/tcl/xpm_cdc_gray.tcl:16]
WARNING: [XPM_CDC_GRAY: TCL-1000] The source and destination clocks are the same. 
     Instance: slave_fifo32/gpif2_to_fifo64_tx/cross_clock_fifo/fifo_section[0].impl_bram_i/U0/inst_fifo_gen/gconvfifo.rf/grf.rf/gntv_or_sync_fifo.gcx.clkx/wr_pntr_cdc_inst 
  This will add unnecessary latency to the design. Please check the design for the following: 
 1) Manually instantiated XPM_CDC modules: AMD recommends that you remove these modules. 
 2) AMD IP that contains XPM_CDC modules: Verify the connections to the IP to determine whether you can safely ignore this message.
 [/usr/local/vivado/2025.2/data/ip/xpm/xpm_cdc/tcl/xpm_cdc_gray.tcl:16]
WARNING: [XPM_CDC_GRAY: TCL-1000] The source and destination clocks are the same. 
     Instance: slave_fifo32/fifo64_to_gpif2_resp/cross_clock_fifo/fifo_section[0].impl_srl_i/U0/inst_fifo_gen/gconvfifo.rf/grf.rf/gntv_or_sync_fifo.gcx.clkx/rd_pntr_cdc_inst 
  This will add unnecessary latency to the design. Please check the design for the following: 
 1) Manually instantiated XPM_CDC modules: AMD recommends that you remove these modules. 
 2) AMD IP that contains XPM_CDC modules: Verify the connections to the IP to determine whether you can safely ignore this message.
 [/usr/local/vivado/2025.2/data/ip/xpm/xpm_cdc/tcl/xpm_cdc_gray.tcl:16]
WARNING: [XPM_CDC_GRAY: TCL-1000] The source and destination clocks are the same. 
     Instance: slave_fifo32/gpif2_to_fifo64_ctrl/cross_clock_fifo/fifo_section[0].impl_srl_i/U0/inst_fifo_gen/gconvfifo.rf/grf.rf/gntv_or_sync_fifo.gcx.clkx/rd_pntr_cdc_inst 
  This will add unnecessary latency to the design. Please check the design for the following: 
 1) Manually instantiated XPM_CDC modules: AMD recommends that you remove these modules. 
 2) AMD IP that contains XPM_CDC modules: Verify the connections to the IP to determine whether you can safely ignore this message.
 [/usr/local/vivado/2025.2/data/ip/xpm/xpm_cdc/tcl/xpm_cdc_gray.tcl:16]
WARNING: [XPM_CDC_GRAY: TCL-1000] The source and destination clocks are the same. 
     Instance: slave_fifo32/fifo64_to_gpif2_resp/cross_clock_fifo/fifo_section[0].impl_srl_i/U0/inst_fifo_gen/gconvfifo.rf/grf.rf/gntv_or_sync_fifo.gcx.clkx/wr_pntr_cdc_inst 
  This will add unnecessary latency to the design. Please check the design for the following: 
 1) Manually instantiated XPM_CDC modules: AMD recommends that you remove these modules. 
 2) AMD IP that contains XPM_CDC modules: Verify the connections to the IP to determine whether you can safely ignore this message.
 [/usr/local/vivado/2025.2/data/ip/xpm/xpm_cdc/tcl/xpm_cdc_gray.tcl:16]
WARNING: [XPM_CDC_GRAY: TCL-1000] The source and destination clocks are the same. 
     Instance: slave_fifo32/gpif2_to_fifo64_ctrl/cross_clock_fifo/fifo_section[0].impl_srl_i/U0/inst_fifo_gen/gconvfifo.rf/grf.rf/gntv_or_sync_fifo.gcx.clkx/wr_pntr_cdc_inst 
  This will add unnecessary latency to the design. Please check the design for the following: 
 1) Manually instantiated XPM_CDC modules: AMD recommends that you remove these modules. 
 2) AMD IP that contains XPM_CDC modules: Verify the connections to the IP to determine whether you can safely ignore this message.
 [/usr/local/vivado/2025.2/data/ip/xpm/xpm_cdc/tcl/xpm_cdc_gray.tcl:16]
INFO: [Project 1-1714] 84 XPM XDC files have been applied to the design.
INFO: [Opt 31-138] Pushed 0 inverter(s) to 0 load pin(s).
Netlist sorting complete. Time (s): cpu = 00:00:00.01 ; elapsed = 00:00:00.01 . Memory (MB): peak = 2785.297 ; gain = 0.000 ; free physical = 7748 ; free virtual = 18353
INFO: [Project 1-111] Unisim Transformation Summary:
  A total of 727 instances were transformed.
  IOBUF => IOBUF (IBUF, OBUFT): 43 instances
  RAM32M => RAM32M (RAMD32(x6), RAMS32(x2)): 96 instances
  RAM32X1D => RAM32X1D (RAMD32(x2)): 588 instances

open_run: Time (s): cpu = 00:00:19 ; elapsed = 00:00:16 . Memory (MB): peak = 2785.332 ; gain = 1173.406 ; free physical = 7748 ; free virtual = 18353
# report_utilization -file "$output_dir/post_synth_utilization.rpt"
# log "Synthesis complete. Utilization report: $output_dir/post_synth_utilization.rpt"
[14:16:36] Synthesis complete. Utilization report: /home/f4tnk/dev/LibreSDR_UHD_B220_Mini_FPGA/build_output/post_synth_utilization.rpt
# log "Starting implementation (strategy: Vivado Default)..."
[14:16:36] Starting implementation (strategy: Vivado Default)...
# reset_run impl_1
# set_property strategy {Vivado Implementation Defaults} [get_runs impl_1]
# launch_runs impl_1 -to_step write_bitstream -jobs 8
INFO: [Timing 38-480] Writing timing data to binary archive.
Wrote PlaceDB: Time (s): cpu = 00:00:00 ; elapsed = 00:00:00 . Memory (MB): peak = 2817.312 ; gain = 0.000 ; free physical = 7746 ; free virtual = 18351
Wrote PulsedLatchDB: Time (s): cpu = 00:00:00 ; elapsed = 00:00:00 . Memory (MB): peak = 2817.312 ; gain = 0.000 ; free physical = 7746 ; free virtual = 18351
Writing XDEF routing.
Writing XDEF routing logical nets.
Writing XDEF routing special nets.
Wrote RouteStorage: Time (s): cpu = 00:00:00.06 ; elapsed = 00:00:00.01 . Memory (MB): peak = 2817.312 ; gain = 0.000 ; free physical = 7746 ; free virtual = 18351
Wrote PlaceStorage: Time (s): cpu = 00:00:00.02 ; elapsed = 00:00:00.01 . Memory (MB): peak = 2817.312 ; gain = 0.000 ; free physical = 7746 ; free virtual = 18352
Wrote Netlist Cache: Time (s): cpu = 00:00:00 ; elapsed = 00:00:00 . Memory (MB): peak = 2817.312 ; gain = 0.000 ; free physical = 7746 ; free virtual = 18352
Wrote Device Cache: Time (s): cpu = 00:00:00.02 ; elapsed = 00:00:00 . Memory (MB): peak = 2817.312 ; gain = 0.000 ; free physical = 7746 ; free virtual = 18352
Write Physdb Complete: Time (s): cpu = 00:00:00.1 ; elapsed = 00:00:00.02 . Memory (MB): peak = 2817.312 ; gain = 0.000 ; free physical = 7746 ; free virtual = 18352
Write ShapeDB Complete: Time (s): cpu = 00:00:00.43 ; elapsed = 00:00:00.11 . Memory (MB): peak = 2817.312 ; gain = 0.000 ; free physical = 7729 ; free virtual = 18344
[Fri Jul  3 14:16:38 2026] Launched impl_1...
Run output will be captured here: /home/f4tnk/dev/LibreSDR_UHD_B220_Mini_FPGA/src/libresdr_b210.runs/impl_1/runme.log
# wait_on_run impl_1
[Fri Jul  3 14:16:38 2026] Waiting for impl_1 to finish...

*** Running vivado
    with args -log libresdr_b210.vdi -applog -m64 -product Vivado -messageDb vivado.pb -mode batch -source libresdr_b210.tcl -notrace


****** Vivado v2025.2 (64-bit)
  **** SW Build 6299465 on Fri Nov 14 12:34:56 MST 2025
  **** IP Build 6300035 on Fri Nov 14 10:48:45 MST 2025
  **** SharedData Build 6298862 on Thu Nov 13 04:50:51 MST 2025
  **** Start of session at: Fri Jul  3 14:16:40 2026
    ** Copyright 1986-2022 Xilinx, Inc. All Rights Reserved.
    ** Copyright 2022-2025 Advanced Micro Devices, Inc. All Rights Reserved.

source libresdr_b210.tcl -notrace
Command: open_checkpoint /home/f4tnk/dev/LibreSDR_UHD_B220_Mini_FPGA/src/libresdr_b210.runs/impl_1/libresdr_b210.dcp
INFO: [Device 21-403] Loading part xc7a200tfbg484-2
Netlist sorting complete. Time (s): cpu = 00:00:00.44 ; elapsed = 00:00:00.44 . Memory (MB): peak = 1852.531 ; gain = 0.000 ; free physical = 6945 ; free virtual = 17563
INFO: [Netlist 29-17] Analyzing 6350 Unisim elements for replacement
INFO: [Netlist 29-28] Unisim Transformation completed in 0 CPU seconds
INFO: [Project 1-479] Netlist was created with Vivado 2025.2
INFO: [Project 1-570] Preparing netlist for logic optimization
Read ShapeDB Complete: Time (s): cpu = 00:00:00.11 ; elapsed = 00:00:00.12 . Memory (MB): peak = 1992.664 ; gain = 13.789 ; free physical = 6805 ; free virtual = 17422
INFO: [Timing 38-478] Restoring timing data from binary archive.
INFO: [Timing 38-479] Binary timing data restore complete.
INFO: [Project 1-856] Restoring constraints from binary archive.
INFO: [Project 1-853] Binary constraint restore complete.
INFO: [Designutils 20-5722] Start Reading Physical Databases.
Reading placement.
Read Netlist Cache: Time (s): cpu = 00:00:00 ; elapsed = 00:00:00 . Memory (MB): peak = 2497.328 ; gain = 0.000 ; free physical = 6152 ; free virtual = 16775
Reading placer database...
Read Device Cache: Time (s): cpu = 00:00:00 ; elapsed = 00:00:00 . Memory (MB): peak = 2497.328 ; gain = 0.000 ; free physical = 6152 ; free virtual = 16774
Read PlaceDB: Time (s): cpu = 00:00:00 ; elapsed = 00:00:00 . Memory (MB): peak = 2497.328 ; gain = 0.000 ; free physical = 6152 ; free virtual = 16774
Read placeStorage: Time (s): cpu = 00:00:00 ; elapsed = 00:00:00.01 . Memory (MB): peak = 2529.344 ; gain = 0.000 ; free physical = 6151 ; free virtual = 16774
Read PulsedLatchDB: Time (s): cpu = 00:00:00 ; elapsed = 00:00:00 . Memory (MB): peak = 2529.344 ; gain = 0.000 ; free physical = 6151 ; free virtual = 16774
Reading routing.
Read RouteStorage: Time (s): cpu = 00:00:00.01 ; elapsed = 00:00:00 . Memory (MB): peak = 2529.344 ; gain = 0.000 ; free physical = 6151 ; free virtual = 16774
Read Physdb Files: Time (s): cpu = 00:00:00.02 ; elapsed = 00:00:00.02 . Memory (MB): peak = 2529.344 ; gain = 32.016 ; free physical = 6151 ; free virtual = 16774
Restored from archive | CPU: 0.040000 secs | Memory: 1.302948 MB |
Finished XDEF File Restore: Time (s): cpu = 00:00:00.04 ; elapsed = 00:00:00.04 . Memory (MB): peak = 2529.344 ; gain = 32.016 ; free physical = 6151 ; free virtual = 16774
Netlist sorting complete. Time (s): cpu = 00:00:00.01 ; elapsed = 00:00:00 . Memory (MB): peak = 2529.344 ; gain = 0.000 ; free physical = 6149 ; free virtual = 16772
INFO: [Project 1-111] Unisim Transformation Summary:
  A total of 727 instances were transformed.
  IOBUF => IOBUF (IBUF, OBUFT): 43 instances
  RAM32M => RAM32M (RAMD32(x6), RAMS32(x2)): 96 instances
  RAM32X1D => RAM32X1D (RAMD32(x2)): 588 instances

INFO: [Project 1-604] Checkpoint was created with Vivado v2025.2 (64-bit) build 6299465
open_checkpoint: Time (s): cpu = 00:00:20 ; elapsed = 00:00:14 . Memory (MB): peak = 2529.379 ; gain = 1106.098 ; free physical = 6151 ; free virtual = 16773
Command: opt_design
Attempting to get a license for feature 'Implementation' and/or device 'xc7a200t'
INFO: [Common 17-349] Got license for feature 'Implementation' and/or device 'xc7a200t'
Running DRC as a precondition to command opt_design

Starting DRC Task
INFO: [DRC 23-27] Running DRC with 8 threads
INFO: [Project 1-461] DRC finished with 0 Errors
INFO: [Project 1-462] Please refer to the DRC report (report_drc) for more information.

Time (s): cpu = 00:00:01 ; elapsed = 00:00:00.45 . Memory (MB): peak = 2587.289 ; gain = 57.910 ; free physical = 6123 ; free virtual = 16745

Starting Cache Timing Information Task
INFO: [Timing 38-35] Done setting XDC timing constraints.
Ending Cache Timing Information Task | Checksum: 1f26fd180

Time (s): cpu = 00:00:04 ; elapsed = 00:00:01 . Memory (MB): peak = 2701.102 ; gain = 113.812 ; free physical = 6040 ; free virtual = 16663

Starting Logic Optimization Task

Phase 1 Initialization

Phase 1.1 Core Generation And Design Setup
Phase 1.1 Core Generation And Design Setup | Checksum: 1f26fd180

Time (s): cpu = 00:00:00.04 ; elapsed = 00:00:00.05 . Memory (MB): peak = 3073.727 ; gain = 0.000 ; free physical = 5689 ; free virtual = 16312

Phase 1.2 Setup Constraints And Sort Netlist
Phase 1.2 Setup Constraints And Sort Netlist | Checksum: 1f26fd180

Time (s): cpu = 00:00:00.06 ; elapsed = 00:00:00.08 . Memory (MB): peak = 3073.727 ; gain = 0.000 ; free physical = 5689 ; free virtual = 16312
Phase 1 Initialization | Checksum: 1f26fd180

Time (s): cpu = 00:00:00.07 ; elapsed = 00:00:00.08 . Memory (MB): peak = 3073.727 ; gain = 0.000 ; free physical = 5689 ; free virtual = 16312

Phase 2 Timer Update And Timing Data Collection

Phase 2.1 Detect if minReqCache needed
Phase 2.1 Detect if minReqCache needed | Checksum: 1f26fd180

Time (s): cpu = 00:00:00.1 ; elapsed = 00:00:00.13 . Memory (MB): peak = 3089.727 ; gain = 16.000 ; free physical = 5664 ; free virtual = 16287

Phase 2.2 Timer Update
Phase 2.2 Timer Update | Checksum: 1f26fd180

Time (s): cpu = 00:00:05 ; elapsed = 00:00:00.97 . Memory (MB): peak = 3089.727 ; gain = 16.000 ; free physical = 5656 ; free virtual = 16279

Phase 2.3 Timing Data Collection
Phase 2.3 Timing Data Collection | Checksum: 1f26fd180

Time (s): cpu = 00:00:05 ; elapsed = 00:00:01 . Memory (MB): peak = 3089.727 ; gain = 16.000 ; free physical = 5652 ; free virtual = 16275
Phase 2 Timer Update And Timing Data Collection | Checksum: 1f26fd180

Time (s): cpu = 00:00:05 ; elapsed = 00:00:01 . Memory (MB): peak = 3089.727 ; gain = 16.000 ; free physical = 5652 ; free virtual = 16275

Phase 3 Retarget
INFO: [Opt 31-1851] Number of loadless carry chains removed were: 0
INFO: [Opt 31-1834] Total Chains To Be Transformed Were: 0 AND Number of Transformed insts Created are: 0
INFO: [Opt 31-1566] Pulled 9 inverters resulting in an inversion of 101 pins
INFO: [Opt 31-138] Pushed 5 inverter(s) to 23 load pin(s).
INFO: [Opt 31-49] Retargeted 0 cell(s).
Phase 3 Retarget | Checksum: 213b23769

Time (s): cpu = 00:00:06 ; elapsed = 00:00:02 . Memory (MB): peak = 3145.754 ; gain = 72.027 ; free physical = 5649 ; free virtual = 16273
Retarget | Checksum: 213b23769
INFO: [Opt 31-389] Phase Retarget created 2900 cells and removed 3041 cells
INFO: [Opt 31-1021] In phase Retarget, 86 netlist objects are constrained preventing optimization. Please run opt_design with -debug_log to get more detail. 

Phase 4 Constant propagation
INFO: [Opt 31-138] Pushed 0 inverter(s) to 0 load pin(s).
Phase 4 Constant propagation | Checksum: 1d8566f39

Time (s): cpu = 00:00:06 ; elapsed = 00:00:02 . Memory (MB): peak = 3145.754 ; gain = 72.027 ; free physical = 5648 ; free virtual = 16272
Constant propagation | Checksum: 1d8566f39
INFO: [Opt 31-389] Phase Constant propagation created 74 cells and removed 152 cells
INFO: [Opt 31-1021] In phase Constant propagation, 84 netlist objects are constrained preventing optimization. Please run opt_design with -debug_log to get more detail. 

Phase 5 Sweep
INFO: [Constraints 18-11670] Building netlist checker database with flags, 0x8
Done building netlist checker database: Time (s): cpu = 00:00:00.01 ; elapsed = 00:00:00.02 . Memory (MB): peak = 3145.754 ; gain = 0.000 ; free physical = 5648 ; free virtual = 16272
INFO: [Constraints 18-11670] Building netlist checker database with flags, 0x8
Done building netlist checker database: Time (s): cpu = 00:00:00.02 ; elapsed = 00:00:00.01 . Memory (MB): peak = 3145.754 ; gain = 0.000 ; free physical = 5648 ; free virtual = 16272
Phase 5 Sweep | Checksum: 1ef54fe04

Time (s): cpu = 00:00:07 ; elapsed = 00:00:03 . Memory (MB): peak = 3145.754 ; gain = 72.027 ; free physical = 5648 ; free virtual = 16272
Sweep | Checksum: 1ef54fe04
INFO: [Opt 31-389] Phase Sweep created 1 cells and removed 1701 cells
INFO: [Opt 31-1021] In phase Sweep, 420 netlist objects are constrained preventing optimization. Please run opt_design with -debug_log to get more detail. 

Phase 6 BUFG optimization
Phase 6 BUFG optimization | Checksum: 1cfb81646

Time (s): cpu = 00:00:08 ; elapsed = 00:00:04 . Memory (MB): peak = 3177.770 ; gain = 104.043 ; free physical = 5647 ; free virtual = 16271
BUFG optimization | Checksum: 1cfb81646
INFO: [Opt 31-662] Phase BUFG optimization created 0 cells of which 0 are BUFGs and removed 1 cells.

Phase 7 Shift Register Optimization
INFO: [Opt 31-1064] SRL Remap converted 0 SRLs to 0 registers and converted 0 registers of register chains to 0 SRLs
Phase 7 Shift Register Optimization | Checksum: 1cfb81646

Time (s): cpu = 00:00:08 ; elapsed = 00:00:04 . Memory (MB): peak = 3177.770 ; gain = 104.043 ; free physical = 5647 ; free virtual = 16271
Shift Register Optimization | Checksum: 1cfb81646
INFO: [Opt 31-389] Phase Shift Register Optimization created 0 cells and removed 0 cells

Phase 8 Post Processing Netlist
Phase 8 Post Processing Netlist | Checksum: 1d6c60c0c

Time (s): cpu = 00:00:08 ; elapsed = 00:00:04 . Memory (MB): peak = 3177.770 ; gain = 104.043 ; free physical = 5647 ; free virtual = 16271
Post Processing Netlist | Checksum: 1d6c60c0c
INFO: [Opt 31-389] Phase Post Processing Netlist created 0 cells and removed 0 cells
INFO: [Opt 31-1021] In phase Post Processing Netlist, 136 netlist objects are constrained preventing optimization. Please run opt_design with -debug_log to get more detail. 

Phase 9 Finalization

Phase 9.1 Finalizing Design Cores and Updating Shapes
Phase 9.1 Finalizing Design Cores and Updating Shapes | Checksum: 1a5a04de9

Time (s): cpu = 00:00:10 ; elapsed = 00:00:06 . Memory (MB): peak = 3177.770 ; gain = 104.043 ; free physical = 5643 ; free virtual = 16267

Phase 9.2 Verifying Netlist Connectivity

Starting Connectivity Check Task

Time (s): cpu = 00:00:00.07 ; elapsed = 00:00:00.07 . Memory (MB): peak = 3177.770 ; gain = 0.000 ; free physical = 5643 ; free virtual = 16267
Phase 9.2 Verifying Netlist Connectivity | Checksum: 1a5a04de9

Time (s): cpu = 00:00:10 ; elapsed = 00:00:06 . Memory (MB): peak = 3177.770 ; gain = 104.043 ; free physical = 5643 ; free virtual = 16267
Phase 9 Finalization | Checksum: 1a5a04de9

Time (s): cpu = 00:00:10 ; elapsed = 00:00:06 . Memory (MB): peak = 3177.770 ; gain = 104.043 ; free physical = 5642 ; free virtual = 16266
Opt_design Change Summary
=========================


-------------------------------------------------------------------------------------------------------------------------
|  Phase                        |  #Cells created  |  #Cells Removed  |  #Constrained objects preventing optimizations  |
-------------------------------------------------------------------------------------------------------------------------
|  Retarget                     |            2900  |            3041  |                                             86  |
|  Constant propagation         |              74  |             152  |                                             84  |
|  Sweep                        |               1  |            1701  |                                            420  |
|  BUFG optimization            |               0  |               1  |                                              0  |
|  Shift Register Optimization  |               0  |               0  |                                              0  |
|  Post Processing Netlist      |               0  |               0  |                                            136  |
-------------------------------------------------------------------------------------------------------------------------


Ending Logic Optimization Task | Checksum: 1a5a04de9

Time (s): cpu = 00:00:10 ; elapsed = 00:00:06 . Memory (MB): peak = 3177.770 ; gain = 104.043 ; free physical = 5644 ; free virtual = 16267

Starting Power Optimization Task
INFO: [Pwropt 34-132] Skipping clock gating for clocks with a period < 2.00 ns.
INFO: [Power 33-23] Power model is not available for DNA_PORT_inst
INFO: [Timing 38-35] Done setting XDC timing constraints.
Running Vector-less Activity Propagation...
INFO: [Pwropt 34-9] Applying IDT optimizations ...

Finished Running Vector-less Activity Propagation
INFO: [Pwropt 34-10] Applying ODC optimizations ...


Starting PowerOpt Patch Enables Task
INFO: [Pwropt 34-162] WRITE_MODE attribute of 0 BRAM(s) out of a total of 157 has been updated to save power. Run report_power_opt to get a complete listing of the BRAMs updated.
INFO: [Timing 38-35] Done setting XDC timing constraints.
INFO: [Pwropt 34-201] Structural ODC has moved 2 WE to EN ports
Number of BRAM Ports augmented: 103 newly gated: 2 Total Ports: 314
Ending PowerOpt Patch Enables Task | Checksum: 22554d535

Time (s): cpu = 00:00:04 ; elapsed = 00:00:01 . Memory (MB): peak = 3480.621 ; gain = 0.000 ; free physical = 5402 ; free virtual = 16030
Ending Power Optimization Task | Checksum: 22554d535

Time (s): cpu = 00:00:24 ; elapsed = 00:00:11 . Memory (MB): peak = 3480.621 ; gain = 302.852 ; free physical = 5405 ; free virtual = 16034

Starting Final Cleanup Task

Starting Logic Optimization Task
INFO: [Timing 38-35] Done setting XDC timing constraints.
Ending Logic Optimization Task | Checksum: 1fa956585

Time (s): cpu = 00:00:08 ; elapsed = 00:00:03 . Memory (MB): peak = 3480.621 ; gain = 0.000 ; free physical = 5400 ; free virtual = 16029
Ending Final Cleanup Task | Checksum: 1fa956585

Time (s): cpu = 00:00:11 ; elapsed = 00:00:05 . Memory (MB): peak = 3480.621 ; gain = 0.000 ; free physical = 5400 ; free virtual = 16029
Netlist sorting complete. Time (s): cpu = 00:00:00.01 ; elapsed = 00:00:00.01 . Memory (MB): peak = 3480.621 ; gain = 0.000 ; free physical = 5400 ; free virtual = 16029
INFO: [Common 17-83] Releasing license: Implementation
46 Infos, 0 Warnings, 0 Critical Warnings and 0 Errors encountered.
opt_design completed successfully
opt_design: Time (s): cpu = 00:00:52 ; elapsed = 00:00:26 . Memory (MB): peak = 3480.621 ; gain = 951.242 ; free physical = 5400 ; free virtual = 16029
INFO: [Vivado 12-24828] Executing command : report_drc -file libresdr_b210_drc_opted.rpt -pb libresdr_b210_drc_opted.pb -rpx libresdr_b210_drc_opted.rpx
Command: report_drc -file libresdr_b210_drc_opted.rpt -pb libresdr_b210_drc_opted.pb -rpx libresdr_b210_drc_opted.rpx
INFO: [IP_Flow 19-234] Refreshing IP repositories
INFO: [IP_Flow 19-1704] No user IP repositories specified
INFO: [IP_Flow 19-2313] Loaded Vivado IP repository '/usr/local/vivado/2025.2/data/ip'.
INFO: [DRC 23-27] Running DRC with 8 threads
INFO: [Vivado_Tcl 2-168] The results of DRC are in file /home/f4tnk/dev/LibreSDR_UHD_B220_Mini_FPGA/src/libresdr_b210.runs/impl_1/libresdr_b210_drc_opted.rpt.
report_drc completed successfully
INFO: [Timing 38-480] Writing timing data to binary archive.
Wrote PlaceDB: Time (s): cpu = 00:00:00 ; elapsed = 00:00:00 . Memory (MB): peak = 3480.621 ; gain = 0.000 ; free physical = 5403 ; free virtual = 16033
Wrote PulsedLatchDB: Time (s): cpu = 00:00:00 ; elapsed = 00:00:00 . Memory (MB): peak = 3480.621 ; gain = 0.000 ; free physical = 5403 ; free virtual = 16033
Writing XDEF routing.
Writing XDEF routing logical nets.
Writing XDEF routing special nets.
Wrote RouteStorage: Time (s): cpu = 00:00:00.43 ; elapsed = 00:00:00.09 . Memory (MB): peak = 3480.621 ; gain = 0.000 ; free physical = 5403 ; free virtual = 16038
Wrote PlaceStorage: Time (s): cpu = 00:00:00.01 ; elapsed = 00:00:00.01 . Memory (MB): peak = 3480.621 ; gain = 0.000 ; free physical = 5403 ; free virtual = 16038
Wrote Netlist Cache: Time (s): cpu = 00:00:00 ; elapsed = 00:00:00 . Memory (MB): peak = 3480.621 ; gain = 0.000 ; free physical = 5403 ; free virtual = 16038
Wrote Device Cache: Time (s): cpu = 00:00:00.02 ; elapsed = 00:00:00 . Memory (MB): peak = 3480.621 ; gain = 0.000 ; free physical = 5403 ; free virtual = 16039
Write Physdb Complete: Time (s): cpu = 00:00:00.47 ; elapsed = 00:00:00.1 . Memory (MB): peak = 3480.621 ; gain = 0.000 ; free physical = 5403 ; free virtual = 16039
Write ShapeDB Complete: Time (s): cpu = 00:00:00.52 ; elapsed = 00:00:00.11 . Memory (MB): peak = 3480.621 ; gain = 0.000 ; free physical = 5398 ; free virtual = 16038
INFO: [Common 17-1381] The checkpoint '/home/f4tnk/dev/LibreSDR_UHD_B220_Mini_FPGA/src/libresdr_b210.runs/impl_1/libresdr_b210_opt.dcp' has been generated.
Command: place_design
Attempting to get a license for feature 'Implementation' and/or device 'xc7a200t'
INFO: [Common 17-349] Got license for feature 'Implementation' and/or device 'xc7a200t'
INFO: [Common 17-83] Releasing license: Implementation
INFO: [DRC 23-27] Running DRC with 8 threads
INFO: [Vivado_Tcl 4-198] DRC finished with 0 Errors
INFO: [Vivado_Tcl 4-199] Please refer to the DRC report (report_drc) for more information.
INFO: [Timing 38-35] Done setting XDC timing constraints.
Running DRC as a precondition to command place_design
INFO: [DRC 23-27] Running DRC with 8 threads
INFO: [Vivado_Tcl 4-198] DRC finished with 0 Errors, 21 Warnings
INFO: [Vivado_Tcl 4-199] Please refer to the DRC report (report_drc) for more information.
INFO: [Place 30-611] Multithreading enabled for place_design using a maximum of 8 CPUs

Starting Placer Task

Phase 1 Placer Initialization

Phase 1.1 Placer Initialization Netlist Sorting
Netlist sorting complete. Time (s): cpu = 00:00:00.01 ; elapsed = 00:00:00.01 . Memory (MB): peak = 3480.621 ; gain = 0.000 ; free physical = 5397 ; free virtual = 16039
Phase 1.1 Placer Initialization Netlist Sorting | Checksum: 17fdc0261

Time (s): cpu = 00:00:00.03 ; elapsed = 00:00:00.03 . Memory (MB): peak = 3480.621 ; gain = 0.000 ; free physical = 5397 ; free virtual = 16039
Netlist sorting complete. Time (s): cpu = 00:00:00.01 ; elapsed = 00:00:00.01 . Memory (MB): peak = 3480.621 ; gain = 0.000 ; free physical = 5397 ; free virtual = 16040

Phase 1.2 IO Placement/ Clock Placement/ Build Placer Device
Phase 1.2 IO Placement/ Clock Placement/ Build Placer Device | Checksum: d94c3c54

Time (s): cpu = 00:00:04 ; elapsed = 00:00:02 . Memory (MB): peak = 3480.621 ; gain = 0.000 ; free physical = 5384 ; free virtual = 16030

Phase 1.3 Build Placer Netlist Model
Phase 1.3 Build Placer Netlist Model | Checksum: 1bac32a9e

Time (s): cpu = 00:00:29 ; elapsed = 00:00:12 . Memory (MB): peak = 3480.621 ; gain = 0.000 ; free physical = 5357 ; free virtual = 16006

Phase 1.4 Constrain Clocks/Macros
Phase 1.4 Constrain Clocks/Macros | Checksum: 1bac32a9e

Time (s): cpu = 00:00:29 ; elapsed = 00:00:12 . Memory (MB): peak = 3480.621 ; gain = 0.000 ; free physical = 5358 ; free virtual = 16007
Phase 1 Placer Initialization | Checksum: 1bac32a9e

Time (s): cpu = 00:00:29 ; elapsed = 00:00:12 . Memory (MB): peak = 3480.621 ; gain = 0.000 ; free physical = 5359 ; free virtual = 16008

Phase 2 Global Placement

Phase 2.1 Floorplanning
Phase 2.1 Floorplanning | Checksum: 1be10f351

Time (s): cpu = 00:00:44 ; elapsed = 00:00:16 . Memory (MB): peak = 3480.621 ; gain = 0.000 ; free physical = 5373 ; free virtual = 16023

Phase 2.2 Update Timing before SLR Path Opt
Phase 2.2 Update Timing before SLR Path Opt | Checksum: 1a0ad5131

Time (s): cpu = 00:01:00 ; elapsed = 00:00:20 . Memory (MB): peak = 3480.621 ; gain = 0.000 ; free physical = 5355 ; free virtual = 16005

Phase 2.3 Post-Processing in Floorplanning
Phase 2.3 Post-Processing in Floorplanning | Checksum: 1a0ad5131

Time (s): cpu = 00:01:00 ; elapsed = 00:00:20 . Memory (MB): peak = 3480.621 ; gain = 0.000 ; free physical = 5355 ; free virtual = 16005

Phase 2.4 Global Place Phase1
Phase 2.4 Global Place Phase1 | Checksum: 215727191

Time (s): cpu = 00:01:59 ; elapsed = 00:00:42 . Memory (MB): peak = 3480.621 ; gain = 0.000 ; free physical = 5346 ; free virtual = 15997

Phase 2.5 Global Place Phase2

Phase 2.5.1 UpdateTiming Before Physical Synthesis
Phase 2.5.1 UpdateTiming Before Physical Synthesis | Checksum: 20069c7b9

Time (s): cpu = 00:02:16 ; elapsed = 00:00:45 . Memory (MB): peak = 3480.621 ; gain = 0.000 ; free physical = 5335 ; free virtual = 15986

Phase 2.5.2 Physical Synthesis In Placer
INFO: [Physopt 32-1035] Found 0 LUTNM shape to break, 3055 LUT instances to create LUTNM shape
INFO: [Physopt 32-1044] Break lutnm for timing: one critical 0, two critical 0, total 0, new lutff created 0
INFO: [Physopt 32-1138] End 1 Pass. Optimized 1405 nets or LUTs. Breaked 0 LUT, combined 1405 existing LUTs and moved 0 existing LUT
INFO: [Physopt 32-65] No nets found for high-fanout optimization.
INFO: [Physopt 32-232] Optimized 0 net. Created 0 new instance.
INFO: [Physopt 32-775] End 1 Pass. Optimized 0 net or cell. Created 0 new cell, deleted 0 existing cell and moved 0 existing cell
INFO: [Physopt 32-456] No candidate cells for DSP register optimization found in the design.
INFO: [Physopt 32-775] End 2 Pass. Optimized 0 net or cell. Created 0 new cell, deleted 0 existing cell and moved 0 existing cell
INFO: [Physopt 32-1123] No candidate cells found for Shift Register to Pipeline optimization
INFO: [Physopt 32-775] End 2 Pass. Optimized 0 net or cell. Created 0 new cell, deleted 0 existing cell and moved 0 existing cell
INFO: [Physopt 32-1401] No candidate cells found for Shift Register optimization.
INFO: [Physopt 32-677] No candidate cells for Shift Register optimization found in the design
INFO: [Physopt 32-775] End 1 Pass. Optimized 0 net or cell. Created 0 new cell, deleted 0 existing cell and moved 0 existing cell
INFO: [Physopt 32-526] No candidate cells for BRAM register optimization found in the design
INFO: [Physopt 32-775] End 1 Pass. Optimized 0 net or cell. Created 0 new cell, deleted 0 existing cell and moved 0 existing cell
INFO: [Physopt 32-846] No candidate cells for URAM register optimization found in the design
INFO: [Physopt 32-775] End 1 Pass. Optimized 0 net or cell. Created 0 new cell, deleted 0 existing cell and moved 0 existing cell
INFO: [Physopt 32-846] No candidate cells for URAM register optimization found in the design
INFO: [Physopt 32-775] End 1 Pass. Optimized 0 net or cell. Created 0 new cell, deleted 0 existing cell and moved 0 existing cell
INFO: [Physopt 32-949] No candidate nets found for dynamic/static region interface net replication
INFO: [Physopt 32-775] End 1 Pass. Optimized 0 net or cell. Created 0 new cell, deleted 0 existing cell and moved 0 existing cell
Netlist sorting complete. Time (s): cpu = 00:00:00.01 ; elapsed = 00:00:00.02 . Memory (MB): peak = 3480.621 ; gain = 0.000 ; free physical = 5314 ; free virtual = 15968

Summary of Physical Synthesis Optimizations
============================================


-----------------------------------------------------------------------------------------------------------------------------------------------------------
|  Optimization                                     |  Added Cells  |  Removed Cells  |  Optimized Cells/Nets  |  Dont Touch  |  Iterations  |  Elapsed   |
-----------------------------------------------------------------------------------------------------------------------------------------------------------
|  LUT Combining                                    |            0  |           1405  |                  1405  |           0  |           1  |  00:00:01  |
|  Retime                                           |            0  |              0  |                     0  |           0  |           1  |  00:00:00  |
|  Very High Fanout                                 |            0  |              0  |                     0  |           0  |           1  |  00:00:00  |
|  DSP Register                                     |            0  |              0  |                     0  |           0  |           1  |  00:00:00  |
|  Shift Register to Pipeline                       |            0  |              0  |                     0  |           0  |           1  |  00:00:00  |
|  Shift Register                                   |            0  |              0  |                     0  |           0  |           1  |  00:00:00  |
|  BRAM Register                                    |            0  |              0  |                     0  |           0  |           1  |  00:00:00  |
|  URAM Register                                    |            0  |              0  |                     0  |           0  |           1  |  00:00:00  |
|  Dynamic/Static Region Interface Net Replication  |            0  |              0  |                     0  |           0  |           1  |  00:00:00  |
|  Total                                            |            0  |           1405  |                  1405  |           0  |           9  |  00:00:02  |
-----------------------------------------------------------------------------------------------------------------------------------------------------------


Phase 2.5.2 Physical Synthesis In Placer | Checksum: 1b07fd8f3

Time (s): cpu = 00:02:35 ; elapsed = 00:00:51 . Memory (MB): peak = 3480.621 ; gain = 0.000 ; free physical = 4799 ; free virtual = 15454
Phase 2.5 Global Place Phase2 | Checksum: 1a3c6aab7

Time (s): cpu = 00:02:39 ; elapsed = 00:00:53 . Memory (MB): peak = 3480.621 ; gain = 0.000 ; free physical = 4408 ; free virtual = 15063
Phase 2 Global Placement | Checksum: 1a3c6aab7

Time (s): cpu = 00:02:39 ; elapsed = 00:00:53 . Memory (MB): peak = 3480.621 ; gain = 0.000 ; free physical = 4405 ; free virtual = 15060

Phase 3 Detail Placement

Phase 3.1 Commit Multi Column Macros
Phase 3.1 Commit Multi Column Macros | Checksum: 13b2325d5

Time (s): cpu = 00:02:56 ; elapsed = 00:00:57 . Memory (MB): peak = 3480.621 ; gain = 0.000 ; free physical = 4138 ; free virtual = 14792

Phase 3.2 Commit Most Macros & LUTRAMs
Phase 3.2 Commit Most Macros & LUTRAMs | Checksum: 17f509ab2

Time (s): cpu = 00:03:29 ; elapsed = 00:01:11 . Memory (MB): peak = 3480.621 ; gain = 0.000 ; free physical = 4126 ; free virtual = 14782

Phase 3.3 Area Swap Optimization
Phase 3.3 Area Swap Optimization | Checksum: 1d14c904c

Time (s): cpu = 00:03:30 ; elapsed = 00:01:12 . Memory (MB): peak = 3480.621 ; gain = 0.000 ; free physical = 4127 ; free virtual = 14782

Phase 3.4 Pipeline Register Optimization
Phase 3.4 Pipeline Register Optimization | Checksum: 150b64cb6

Time (s): cpu = 00:03:31 ; elapsed = 00:01:12 . Memory (MB): peak = 3480.621 ; gain = 0.000 ; free physical = 4127 ; free virtual = 14782

Phase 3.5 Fast Optimization
Phase 3.5 Fast Optimization | Checksum: 18eaaeadd

Time (s): cpu = 00:03:59 ; elapsed = 00:01:18 . Memory (MB): peak = 3542.641 ; gain = 62.020 ; free physical = 4034 ; free virtual = 14692

Phase 3.6 Small Shape Detail Placement
Phase 3.6 Small Shape Detail Placement | Checksum: 1bdaaf938

Time (s): cpu = 00:04:10 ; elapsed = 00:01:30 . Memory (MB): peak = 3542.641 ; gain = 62.020 ; free physical = 4026 ; free virtual = 14684

Phase 3.7 Re-assign LUT pins
Phase 3.7 Re-assign LUT pins | Checksum: 229688b83

Time (s): cpu = 00:04:12 ; elapsed = 00:01:33 . Memory (MB): peak = 3542.641 ; gain = 62.020 ; free physical = 4025 ; free virtual = 14683

Phase 3.8 Pipeline Register Optimization
Phase 3.8 Pipeline Register Optimization | Checksum: 126bf068b

Time (s): cpu = 00:04:12 ; elapsed = 00:01:33 . Memory (MB): peak = 3542.641 ; gain = 62.020 ; free physical = 4023 ; free virtual = 14681
Phase 3 Detail Placement | Checksum: 126bf068b

Time (s): cpu = 00:04:13 ; elapsed = 00:01:33 . Memory (MB): peak = 3542.641 ; gain = 62.020 ; free physical = 4023 ; free virtual = 14682

Phase 4 Post Placement Optimization and Clean-Up

Phase 4.1 Post Commit Optimization
INFO: [Timing 38-35] Done setting XDC timing constraints.

Phase 4.1.1 Post Placement Optimization
Post Placement Optimization Initialization | Checksum: 2bd56d765

Phase 4.1.1.1 BUFG Insertion

Starting Physical Synthesis Task

Phase 1 Physical Synthesis Initialization
INFO: [Physopt 32-721] Multithreading enabled for phys_opt_design using a maximum of 8 CPUs
INFO: [Physopt 32-619] Estimated Timing Summary | WNS=-0.110 | TNS=-0.249 |
Phase 1 Physical Synthesis Initialization | Checksum: 253c7e100

Time (s): cpu = 00:00:04 ; elapsed = 00:00:00.94 . Memory (MB): peak = 3542.641 ; gain = 0.000 ; free physical = 4044 ; free virtual = 14691
INFO: [Place 46-33] Processed net radio_sync/radio_rst, BUFG insertion was skipped due to placement/routing conflicts.
INFO: [Place 46-33] Processed net b200_core/radio_0/ddc_chain/sr_2/Q[9], BUFG insertion was skipped due to placement/routing conflicts.
INFO: [Place 46-33] Processed net b200_core/radio_1/ddc_chain/sr_2/Q[9], BUFG insertion was skipped due to placement/routing conflicts.
INFO: [Place 46-33] Processed net b200_core/radio_0/new_rx_control/SR[0], BUFG insertion was skipped due to placement/routing conflicts.
INFO: [Place 46-33] Processed net b200_core/radio_1/new_rx_control/SR[0], BUFG insertion was skipped due to placement/routing conflicts.
INFO: [Place 46-33] Processed net b200_core/radio_0/ddc_chain/cic_strober/E[0], BUFG insertion was skipped due to placement/routing conflicts.
INFO: [Place 46-33] Processed net b200_core/radio_1/ddc_chain/cic_strober/E[0], BUFG insertion was skipped due to placement/routing conflicts.
INFO: [Place 46-56] BUFG insertion identified 7 candidate nets. Inserted BUFG: 0, Replicated BUFG Driver: 0, Skipped due to Placement/Routing Conflicts: 7, Skipped due to Timing Degradation: 0, Skipped due to netlist editing failed: 0.
Ending Physical Synthesis Task | Checksum: 246a19901

Time (s): cpu = 00:00:07 ; elapsed = 00:00:02 . Memory (MB): peak = 3542.641 ; gain = 0.000 ; free physical = 4038 ; free virtual = 14686
Phase 4.1.1.1 BUFG Insertion | Checksum: 2bd56d765

Time (s): cpu = 00:04:47 ; elapsed = 00:01:42 . Memory (MB): peak = 3542.641 ; gain = 62.020 ; free physical = 4036 ; free virtual = 14684

Phase 4.1.1.2 Post Placement Timing Optimization
INFO: [Place 30-746] Post Placement Timing Summary WNS=0.521. For the most accurate timing information please run report_timing.
Phase 4.1.1.2 Post Placement Timing Optimization | Checksum: 1e8e544c1

Time (s): cpu = 00:04:54 ; elapsed = 00:01:49 . Memory (MB): peak = 3542.641 ; gain = 62.020 ; free physical = 4043 ; free virtual = 14692

Time (s): cpu = 00:04:54 ; elapsed = 00:01:49 . Memory (MB): peak = 3542.641 ; gain = 62.020 ; free physical = 4043 ; free virtual = 14692
Phase 4.1 Post Commit Optimization | Checksum: 1e8e544c1

Time (s): cpu = 00:04:54 ; elapsed = 00:01:49 . Memory (MB): peak = 3542.641 ; gain = 62.020 ; free physical = 4041 ; free virtual = 14690

Phase 4.2 Post Placement Cleanup
Phase 4.2 Post Placement Cleanup | Checksum: 1e8e544c1

Time (s): cpu = 00:04:55 ; elapsed = 00:01:49 . Memory (MB): peak = 3542.641 ; gain = 62.020 ; free physical = 4039 ; free virtual = 14688

Phase 4.3 Placer Reporting

Phase 4.3.1 Print Estimated Congestion
INFO: [Place 30-612] Post-Placement Estimated Congestion 
 ____________________________________________________
|           | Global Congestion | Short Congestion  |
| Direction | Region Size       | Region Size       |
|___________|___________________|___________________|
|      North|                1x1|                4x4|
|___________|___________________|___________________|
|      South|                1x1|                4x4|
|___________|___________________|___________________|
|       East|                1x1|                1x1|
|___________|___________________|___________________|
|       West|                1x1|                2x2|
|___________|___________________|___________________|

Phase 4.3.1 Print Estimated Congestion | Checksum: 1e8e544c1

Time (s): cpu = 00:04:55 ; elapsed = 00:01:49 . Memory (MB): peak = 3542.641 ; gain = 62.020 ; free physical = 4040 ; free virtual = 14689
Phase 4.3 Placer Reporting | Checksum: 1e8e544c1

Time (s): cpu = 00:04:56 ; elapsed = 00:01:49 . Memory (MB): peak = 3542.641 ; gain = 62.020 ; free physical = 4037 ; free virtual = 14686

Phase 4.4 Final Placement Cleanup
Netlist sorting complete. Time (s): cpu = 00:00:00.01 ; elapsed = 00:00:00.02 . Memory (MB): peak = 3542.641 ; gain = 0.000 ; free physical = 4038 ; free virtual = 14686

Time (s): cpu = 00:04:56 ; elapsed = 00:01:49 . Memory (MB): peak = 3542.641 ; gain = 62.020 ; free physical = 4038 ; free virtual = 14686
Phase 4 Post Placement Optimization and Clean-Up | Checksum: 14ef0b4bf

Time (s): cpu = 00:04:56 ; elapsed = 00:01:50 . Memory (MB): peak = 3542.641 ; gain = 62.020 ; free physical = 4038 ; free virtual = 14687
Ending Placer Task | Checksum: 13fc0bee5

Time (s): cpu = 00:04:56 ; elapsed = 00:01:50 . Memory (MB): peak = 3542.641 ; gain = 62.020 ; free physical = 4039 ; free virtual = 14688
98 Infos, 0 Warnings, 0 Critical Warnings and 0 Errors encountered.
place_design completed successfully
place_design: Time (s): cpu = 00:05:03 ; elapsed = 00:01:52 . Memory (MB): peak = 3542.641 ; gain = 62.020 ; free physical = 4039 ; free virtual = 14688
INFO: [Vivado 12-24838] Running report commands "report_control_sets, report_io, report_utilization" in parallel.
Running report generation with 3 threads.
INFO: [Vivado 12-24828] Executing command : report_io -file libresdr_b210_io_placed.rpt
report_io: Time (s): cpu = 00:00:00.31 ; elapsed = 00:00:00.13 . Memory (MB): peak = 3542.641 ; gain = 0.000 ; free physical = 4034 ; free virtual = 14683
INFO: [Vivado 12-24828] Executing command : report_control_sets -verbose -file libresdr_b210_control_sets_placed.rpt
report_control_sets: Time (s): cpu = 00:00:00.39 ; elapsed = 00:00:00.17 . Memory (MB): peak = 3542.641 ; gain = 0.000 ; free physical = 4039 ; free virtual = 14688
INFO: [Vivado 12-24828] Executing command : report_utilization -file libresdr_b210_utilization_placed.rpt -pb libresdr_b210_utilization_placed.pb
INFO: [Timing 38-480] Writing timing data to binary archive.
Wrote PlaceDB: Time (s): cpu = 00:00:00 ; elapsed = 00:00:00.01 . Memory (MB): peak = 3542.641 ; gain = 0.000 ; free physical = 4041 ; free virtual = 14691
Wrote PulsedLatchDB: Time (s): cpu = 00:00:00 ; elapsed = 00:00:00 . Memory (MB): peak = 3542.641 ; gain = 0.000 ; free physical = 4043 ; free virtual = 14693
Writing XDEF routing.
Writing XDEF routing logical nets.
Writing XDEF routing special nets.
Wrote RouteStorage: Time (s): cpu = 00:00:00.44 ; elapsed = 00:00:00.09 . Memory (MB): peak = 3542.641 ; gain = 0.000 ; free physical = 4034 ; free virtual = 14689
Write ShapeDB Complete: Time (s): cpu = 00:00:00.67 ; elapsed = 00:00:00.16 . Memory (MB): peak = 3542.641 ; gain = 0.000 ; free physical = 4028 ; free virtual = 14693
Wrote PlaceStorage: Time (s): cpu = 00:00:05 ; elapsed = 00:00:02 . Memory (MB): peak = 3542.641 ; gain = 0.000 ; free physical = 3977 ; free virtual = 14698
Wrote Netlist Cache: Time (s): cpu = 00:00:00.04 ; elapsed = 00:00:00.06 . Memory (MB): peak = 3542.641 ; gain = 0.000 ; free physical = 3971 ; free virtual = 14698
Wrote Device Cache: Time (s): cpu = 00:00:00.01 ; elapsed = 00:00:00.01 . Memory (MB): peak = 3542.641 ; gain = 0.000 ; free physical = 3970 ; free virtual = 14698
Write Physdb Complete: Time (s): cpu = 00:00:06 ; elapsed = 00:00:02 . Memory (MB): peak = 3542.641 ; gain = 0.000 ; free physical = 3970 ; free virtual = 14698
INFO: [Common 17-1381] The checkpoint '/home/f4tnk/dev/LibreSDR_UHD_B220_Mini_FPGA/src/libresdr_b210.runs/impl_1/libresdr_b210_placed.dcp' has been generated.
Command: phys_opt_design
Attempting to get a license for feature 'Implementation' and/or device 'xc7a200t'
INFO: [Common 17-349] Got license for feature 'Implementation' and/or device 'xc7a200t'

Starting Initial Update Timing Task

Time (s): cpu = 00:00:26 ; elapsed = 00:00:06 . Memory (MB): peak = 3542.641 ; gain = 0.000 ; free physical = 4011 ; free virtual = 14686
INFO: [Vivado_Tcl 4-2279] Estimated Timing Summary | WNS= 0.521 | TNS= 0.000 | 
INFO: [Vivado_Tcl 4-383] Design worst setup slack (WNS) is greater than or equal to 0.000 ns. All physical synthesis setup optimizations will be skipped.
INFO: [Vivado_Tcl 4-232] No setup violation found. The netlist was not modified.
INFO: [Common 17-83] Releasing license: Implementation
109 Infos, 0 Warnings, 0 Critical Warnings and 0 Errors encountered.
phys_opt_design completed successfully
phys_opt_design: Time (s): cpu = 00:00:27 ; elapsed = 00:00:06 . Memory (MB): peak = 3542.641 ; gain = 0.000 ; free physical = 4011 ; free virtual = 14686
INFO: [Timing 38-480] Writing timing data to binary archive.
Wrote PlaceDB: Time (s): cpu = 00:00:00 ; elapsed = 00:00:00 . Memory (MB): peak = 3542.641 ; gain = 0.000 ; free physical = 4010 ; free virtual = 14685
Wrote PulsedLatchDB: Time (s): cpu = 00:00:00 ; elapsed = 00:00:00 . Memory (MB): peak = 3542.641 ; gain = 0.000 ; free physical = 4010 ; free virtual = 14685
Writing XDEF routing.
Writing XDEF routing logical nets.
Writing XDEF routing special nets.
Wrote RouteStorage: Time (s): cpu = 00:00:00.43 ; elapsed = 00:00:00.09 . Memory (MB): peak = 3542.641 ; gain = 0.000 ; free physical = 4008 ; free virtual = 14688
Write ShapeDB Complete: Time (s): cpu = 00:00:00.74 ; elapsed = 00:00:00.16 . Memory (MB): peak = 3542.641 ; gain = 0.000 ; free physical = 4005 ; free virtual = 14695
Wrote PlaceStorage: Time (s): cpu = 00:00:05 ; elapsed = 00:00:02 . Memory (MB): peak = 3542.641 ; gain = 0.000 ; free physical = 3963 ; free virtual = 14710
Wrote Netlist Cache: Time (s): cpu = 00:00:00.04 ; elapsed = 00:00:00.06 . Memory (MB): peak = 3542.641 ; gain = 0.000 ; free physical = 3958 ; free virtual = 14710
Wrote Device Cache: Time (s): cpu = 00:00:00 ; elapsed = 00:00:00 . Memory (MB): peak = 3542.641 ; gain = 0.000 ; free physical = 3957 ; free virtual = 14710
Write Physdb Complete: Time (s): cpu = 00:00:05 ; elapsed = 00:00:02 . Memory (MB): peak = 3542.641 ; gain = 0.000 ; free physical = 3957 ; free virtual = 14710
INFO: [Common 17-1381] The checkpoint '/home/f4tnk/dev/LibreSDR_UHD_B220_Mini_FPGA/src/libresdr_b210.runs/impl_1/libresdr_b210_physopt.dcp' has been generated.
Command: route_design
Attempting to get a license for feature 'Implementation' and/or device 'xc7a200t'
INFO: [Common 17-349] Got license for feature 'Implementation' and/or device 'xc7a200t'


Starting Routing Task
INFO: [Route 35-254] Multithreading enabled for route_design using a maximum of 8 CPUs

Phase 1 Build RT Design
Checksum: PlaceDB: 3f64ddef ConstDB: 0 ShapeSum: 6840f592 RouteDB: 981aeb64
Post Restoration Checksum: NetGraph: af994125 | NumContArr: 4ef4a768 | Constraints: c2a8fa9d | Timing: c2a8fa9d
Phase 1 Build RT Design | Checksum: 283dfddc7

Time (s): cpu = 00:01:07 ; elapsed = 00:00:37 . Memory (MB): peak = 3542.641 ; gain = 0.000 ; free physical = 5132 ; free virtual = 15835

Phase 2 Router Initialization

Phase 2.1 Fix Topology Constraints
Phase 2.1 Fix Topology Constraints | Checksum: 283dfddc7

Time (s): cpu = 00:01:08 ; elapsed = 00:00:37 . Memory (MB): peak = 3542.641 ; gain = 0.000 ; free physical = 5130 ; free virtual = 15834

Phase 2.2 Pre Route Cleanup
Phase 2.2 Pre Route Cleanup | Checksum: 283dfddc7

Time (s): cpu = 00:01:08 ; elapsed = 00:00:37 . Memory (MB): peak = 3542.641 ; gain = 0.000 ; free physical = 5132 ; free virtual = 15836
 Number of Nodes with overlaps = 0

Phase 2.3 Update Timing
Phase 2.3 Update Timing | Checksum: 229ed45a3

Time (s): cpu = 00:01:52 ; elapsed = 00:00:49 . Memory (MB): peak = 3542.641 ; gain = 0.000 ; free physical = 5118 ; free virtual = 15823
INFO: [Route 35-416] Intermediate Timing Summary | WNS=0.519  | TNS=0.000  | WHS=-3.189 | THS=-6703.705|


Phase 2.4 Update Timing for Bus Skew

Phase 2.4.1 Update Timing
Phase 2.4.1 Update Timing | Checksum: 173393607

Time (s): cpu = 00:02:25 ; elapsed = 00:00:57 . Memory (MB): peak = 3542.641 ; gain = 0.000 ; free physical = 5120 ; free virtual = 15825
INFO: [Route 35-416] Intermediate Timing Summary | WNS=0.519  | TNS=0.000  | WHS=-5.475 | THS=-189.040|

Phase 2.4 Update Timing for Bus Skew | Checksum: 158a1771e

Time (s): cpu = 00:02:25 ; elapsed = 00:00:57 . Memory (MB): peak = 3542.641 ; gain = 0.000 ; free physical = 5117 ; free virtual = 15826

Phase 2.5 Soft Constraint Pins - Fast Budgeting
Phase 2.5 Soft Constraint Pins - Fast Budgeting | Checksum: 158a1771e

Time (s): cpu = 00:02:26 ; elapsed = 00:00:58 . Memory (MB): peak = 3542.641 ; gain = 0.000 ; free physical = 5113 ; free virtual = 15822

Router Utilization Summary
  Global Vertical Routing Utilization    = 0.000708574 %
  Global Horizontal Routing Utilization  = 0.000363516 %
  Routable Net Status*
  *Does not include unroutable nets such as driverless and loadless.
  Run report_route_status for detailed report.
  Number of Failed Nets               = 67372
    (Failed Nets is the sum of unrouted and partially routed nets)
  Number of Unrouted Nets             = 67368
  Number of Partially Routed Nets     = 4
  Number of Node Overlaps             = 4

Phase 2 Router Initialization | Checksum: 1a32557c4

Time (s): cpu = 00:02:27 ; elapsed = 00:00:58 . Memory (MB): peak = 3546.750 ; gain = 4.109 ; free physical = 5088 ; free virtual = 15797

Phase 3 Global Routing
Phase 3 Global Routing | Checksum: 1a32557c4

Time (s): cpu = 00:02:27 ; elapsed = 00:00:58 . Memory (MB): peak = 3546.750 ; gain = 4.109 ; free physical = 5088 ; free virtual = 15797

Phase 4 Initial Routing

Phase 4.1 Initial Net Routing Pass
Phase 4.1 Initial Net Routing Pass | Checksum: 13f40bb37

Time (s): cpu = 00:02:47 ; elapsed = 00:01:03 . Memory (MB): peak = 3546.750 ; gain = 4.109 ; free physical = 5075 ; free virtual = 15784
Phase 4 Initial Routing | Checksum: 13f40bb37

Time (s): cpu = 00:02:48 ; elapsed = 00:01:03 . Memory (MB): peak = 3546.750 ; gain = 4.109 ; free physical = 5073 ; free virtual = 15782
INFO: [Route 35-580] Design has 22 pins with tight setup and hold constraints.

The top 5 pins with tight setup and hold constraints:

+===============================+===========================+==================================================================================+
| Launch Setup Clock            | Launch Hold Clock         | Pin                                                                              |
+===============================+===========================+==================================================================================+
| clk_out3_200_ref_pll_gen_clks | clk_out2_100_bus_gen_clks | b200_core/radio_0/timekeeper/pps_del_reg/D                                       |
| clk_out2_100_bus_gen_clks     | clk_out2_100_bus_gen_clks | radio_sync/reset_double_sync/synchronizer_false_path/stages[0].value_reg[0][0]/D |
| clk_out2_100_bus_gen_clks     | clk_out2_100_bus_gen_clks | fe1_gpio_reg[4]/D                                                                |
| clk_out2_100_bus_gen_clks     | clk_out2_100_bus_gen_clks | fe0_gpio_reg[2]_inv/D                                                            |
| clk_out2_100_bus_gen_clks     | clk_out2_100_bus_gen_clks | fe1_gpio_reg[2]_inv/D                                                            |
+-------------------------------+---------------------------+----------------------------------------------------------------------------------+

File with complete list of pins: tight_setup_hold_pins.txt


Phase 5 Rip-up And Reroute

Phase 5.1 Global Iteration 0
 Number of Nodes with overlaps = 4277
 Number of Nodes with overlaps = 550
 Number of Nodes with overlaps = 92
 Number of Nodes with overlaps = 22
 Number of Nodes with overlaps = 3
 Number of Nodes with overlaps = 1
 Number of Nodes with overlaps = 0
INFO: [Route 35-416] Intermediate Timing Summary | WNS=0.357  | TNS=0.000  | WHS=N/A    | THS=N/A    |

Phase 5.1 Global Iteration 0 | Checksum: 15c5ee5a9

Time (s): cpu = 00:03:36 ; elapsed = 00:01:34 . Memory (MB): peak = 3554.750 ; gain = 12.109 ; free physical = 5073 ; free virtual = 15780
Phase 5 Rip-up And Reroute | Checksum: 15c5ee5a9

Time (s): cpu = 00:03:36 ; elapsed = 00:01:34 . Memory (MB): peak = 3554.750 ; gain = 12.109 ; free physical = 5074 ; free virtual = 15780

Phase 6 Delay and Skew Optimization

Phase 6.1 Delay CleanUp

Phase 6.1.1 Update Timing
Phase 6.1.1 Update Timing | Checksum: 164417222

Time (s): cpu = 00:03:44 ; elapsed = 00:01:35 . Memory (MB): peak = 3554.750 ; gain = 12.109 ; free physical = 5076 ; free virtual = 15782
INFO: [Route 35-416] Intermediate Timing Summary | WNS=0.422  | TNS=0.000  | WHS=N/A    | THS=N/A    |

Phase 6.1 Delay CleanUp | Checksum: 21c199732

Time (s): cpu = 00:03:44 ; elapsed = 00:01:35 . Memory (MB): peak = 3554.750 ; gain = 12.109 ; free physical = 5075 ; free virtual = 15782

Phase 6.2 Clock Skew Optimization
Phase 6.2 Clock Skew Optimization | Checksum: 21c199732

Time (s): cpu = 00:03:44 ; elapsed = 00:01:35 . Memory (MB): peak = 3554.750 ; gain = 12.109 ; free physical = 5073 ; free virtual = 15780
Phase 6 Delay and Skew Optimization | Checksum: 21c199732

Time (s): cpu = 00:03:44 ; elapsed = 00:01:35 . Memory (MB): peak = 3554.750 ; gain = 12.109 ; free physical = 5073 ; free virtual = 15780

Phase 7 Post Hold Fix

Phase 7.1 Hold Fix Iter
INFO: [Route 35-416] Intermediate Timing Summary | WNS=0.422  | TNS=0.000  | WHS=-0.257 | THS=-0.268 |

Phase 7.1 Hold Fix Iter | Checksum: 1617621cd

Time (s): cpu = 00:03:53 ; elapsed = 00:01:37 . Memory (MB): peak = 3554.750 ; gain = 12.109 ; free physical = 5076 ; free virtual = 15783

Phase 7.2 Non Free Resource Hold Fix Iter
Phase 7.2 Non Free Resource Hold Fix Iter | Checksum: 20958d785

Time (s): cpu = 00:03:53 ; elapsed = 00:01:37 . Memory (MB): peak = 3554.750 ; gain = 12.109 ; free physical = 5075 ; free virtual = 15782
Phase 7 Post Hold Fix | Checksum: 20958d785

Time (s): cpu = 00:03:53 ; elapsed = 00:01:37 . Memory (MB): peak = 3554.750 ; gain = 12.109 ; free physical = 5075 ; free virtual = 15782

Phase 8 Route finalize

Router Utilization Summary
  Global Vertical Routing Utilization    = 6.26497 %
  Global Horizontal Routing Utilization  = 7.6197 %
  Routable Net Status*
  *Does not include unroutable nets such as driverless and loadless.
  Run report_route_status for detailed report.
  Number of Failed Nets               = 0
    (Failed Nets is the sum of unrouted and partially routed nets)
  Number of Unrouted Nets             = 0
  Number of Partially Routed Nets     = 0
  Number of Node Overlaps             = 0

Phase 8 Route finalize | Checksum: 20958d785

Time (s): cpu = 00:03:54 ; elapsed = 00:01:37 . Memory (MB): peak = 3554.750 ; gain = 12.109 ; free physical = 5073 ; free virtual = 15780

Phase 9 Verifying routed nets

 Verification completed successfully
Phase 9 Verifying routed nets | Checksum: 20958d785

Time (s): cpu = 00:03:54 ; elapsed = 00:01:37 . Memory (MB): peak = 3554.750 ; gain = 12.109 ; free physical = 5073 ; free virtual = 15780

Phase 10 Depositing Routes
Phase 10 Depositing Routes | Checksum: 22a278275

Time (s): cpu = 00:04:00 ; elapsed = 00:01:40 . Memory (MB): peak = 3554.750 ; gain = 12.109 ; free physical = 5082 ; free virtual = 15789

Phase 11 Post Process Routing
Phase 11 Post Process Routing | Checksum: 22a278275

Time (s): cpu = 00:04:01 ; elapsed = 00:01:41 . Memory (MB): peak = 3554.750 ; gain = 12.109 ; free physical = 5083 ; free virtual = 15790

Phase 12 Post Router Timing

Phase 12.1 Update Timing
Phase 12.1 Update Timing | Checksum: 22a278275

Time (s): cpu = 00:04:08 ; elapsed = 00:01:42 . Memory (MB): peak = 3554.750 ; gain = 12.109 ; free physical = 5075 ; free virtual = 15783
INFO: [Route 35-57] Estimated Timing Summary | WNS=0.080  | TNS=0.000  | WHS=0.050  | THS=0.000  |

INFO: [Route 35-327] The final timing numbers are based on the router estimated timing analysis. For a complete and accurate timing signoff, please run report_timing_summary.
Phase 12 Post Router Timing | Checksum: 22a278275

Time (s): cpu = 00:04:08 ; elapsed = 00:01:42 . Memory (MB): peak = 3554.750 ; gain = 12.109 ; free physical = 5077 ; free virtual = 15784
Total Elapsed time in route_design: 101.8 secs

Phase 13 Post-Route Event Processing
Phase 13 Post-Route Event Processing | Checksum: 1d3f8da39

Time (s): cpu = 00:04:08 ; elapsed = 00:01:42 . Memory (MB): peak = 3554.750 ; gain = 12.109 ; free physical = 5080 ; free virtual = 15788
INFO: [Route 35-16] Router Completed Successfully
Ending Routing Task | Checksum: 1d3f8da39

Time (s): cpu = 00:04:09 ; elapsed = 00:01:42 . Memory (MB): peak = 3554.750 ; gain = 12.109 ; free physical = 5077 ; free virtual = 15784

Routing Is Done.
INFO: [Common 17-83] Releasing license: Implementation
123 Infos, 0 Warnings, 0 Critical Warnings and 0 Errors encountered.
route_design completed successfully
route_design: Time (s): cpu = 00:04:09 ; elapsed = 00:01:43 . Memory (MB): peak = 3554.750 ; gain = 12.109 ; free physical = 5077 ; free virtual = 15784
INFO: [Vivado 12-24828] Executing command : report_drc -file libresdr_b210_drc_routed.rpt -pb libresdr_b210_drc_routed.pb -rpx libresdr_b210_drc_routed.rpx
Command: report_drc -file libresdr_b210_drc_routed.rpt -pb libresdr_b210_drc_routed.pb -rpx libresdr_b210_drc_routed.rpx
INFO: [IP_Flow 19-1839] IP Catalog is up to date.
INFO: [DRC 23-27] Running DRC with 8 threads
INFO: [Vivado_Tcl 2-168] The results of DRC are in file /home/f4tnk/dev/LibreSDR_UHD_B220_Mini_FPGA/src/libresdr_b210.runs/impl_1/libresdr_b210_drc_routed.rpt.
report_drc completed successfully
INFO: [Vivado 12-24828] Executing command : report_methodology -file libresdr_b210_methodology_drc_routed.rpt -pb libresdr_b210_methodology_drc_routed.pb -rpx libresdr_b210_methodology_drc_routed.rpx
Command: report_methodology -file libresdr_b210_methodology_drc_routed.rpt -pb libresdr_b210_methodology_drc_routed.pb -rpx libresdr_b210_methodology_drc_routed.rpx
INFO: [Timing 38-35] Done setting XDC timing constraints.
INFO: [DRC 23-133] Running Methodology with 8 threads
INFO: [Vivado_Tcl 2-1520] The results of Report Methodology are in file /home/f4tnk/dev/LibreSDR_UHD_B220_Mini_FPGA/src/libresdr_b210.runs/impl_1/libresdr_b210_methodology_drc_routed.rpt.
report_methodology completed successfully
report_methodology: Time (s): cpu = 00:01:16 ; elapsed = 00:00:12 . Memory (MB): peak = 3554.750 ; gain = 0.000 ; free physical = 5069 ; free virtual = 15777
INFO: [Vivado 12-24828] Executing command : report_timing_summary -max_paths 10 -report_unconstrained -file libresdr_b210_timing_summary_routed.rpt -pb libresdr_b210_timing_summary_routed.pb -rpx libresdr_b210_timing_summary_routed.rpx -warn_on_violation 
INFO: [Timing 38-35] Done setting XDC timing constraints.
INFO: [Timing 38-91] UpdateTimingParams: Speed grade: -2, Delay Type: min_max.
INFO: [Timing 38-191] Multithreading enabled for timing update using a maximum of 8 CPUs
WARNING: [Timing 38-436] There are set_bus_skew constraint(s) in this design. Please run report_bus_skew to ensure that bus skew requirements are met.
report_timing_summary: Time (s): cpu = 00:00:23 ; elapsed = 00:00:07 . Memory (MB): peak = 3554.750 ; gain = 0.000 ; free physical = 5063 ; free virtual = 15780
INFO: [Vivado 12-24838] Running report commands "report_bus_skew, report_incremental_reuse, report_route_status" in parallel.
Running report generation with 3 threads.
INFO: [Vivado 12-24828] Executing command : report_incremental_reuse -file libresdr_b210_incremental_reuse_routed.rpt
INFO: [Vivado_Tcl 4-1062] Incremental flow is disabled. No incremental reuse Info to report.
INFO: [Vivado 12-24828] Executing command : report_bus_skew -warn_on_violation -file libresdr_b210_bus_skew_routed.rpt -pb libresdr_b210_bus_skew_routed.pb -rpx libresdr_b210_bus_skew_routed.rpx
INFO: [Timing 38-91] UpdateTimingParams: Speed grade: -2, Delay Type: min_max.
INFO: [Timing 38-191] Multithreading enabled for timing update using a maximum of 8 CPUs
INFO: [Vivado 12-24828] Executing command : report_route_status -file libresdr_b210_route_status.rpt -pb libresdr_b210_route_status.pb
INFO: [Vivado 12-24828] Executing command : report_power -file libresdr_b210_power_routed.rpt -pb libresdr_b210_power_summary_routed.pb -rpx libresdr_b210_power_routed.rpx
Command: report_power -file libresdr_b210_power_routed.rpt -pb libresdr_b210_power_summary_routed.pb -rpx libresdr_b210_power_routed.rpx
INFO: [Power 33-23] Power model is not available for DNA_PORT_inst
Running Vector-less Activity Propagation...

Finished Running Vector-less Activity Propagation
WARNING: [Power 33-332] Found switching activity that implies high-fanout reset nets being asserted for excessive periods of time which may result in inaccurate power analysis.
Resolution: To review and fix problems, please run Power Constraints Advisor in the GUI from Tools > Power Constraints Advisor or run report_power with the -advisory option to generate a text report.
144 Infos, 2 Warnings, 0 Critical Warnings and 0 Errors encountered.
report_power completed successfully
report_power: Time (s): cpu = 00:00:15 ; elapsed = 00:00:06 . Memory (MB): peak = 3656.258 ; gain = 101.508 ; free physical = 4971 ; free virtual = 15703
INFO: [Vivado 12-24828] Executing command : report_clock_utilization -file libresdr_b210_clock_utilization_routed.rpt
generate_parallel_reports: Time (s): cpu = 00:02:12 ; elapsed = 00:00:31 . Memory (MB): peak = 3656.258 ; gain = 101.508 ; free physical = 4974 ; free virtual = 15706
INFO: [Timing 38-480] Writing timing data to binary archive.
Wrote PlaceDB: Time (s): cpu = 00:00:00 ; elapsed = 00:00:00 . Memory (MB): peak = 3656.258 ; gain = 0.000 ; free physical = 4971 ; free virtual = 15704
Wrote PulsedLatchDB: Time (s): cpu = 00:00:00 ; elapsed = 00:00:00 . Memory (MB): peak = 3656.258 ; gain = 0.000 ; free physical = 4971 ; free virtual = 15704
Writing XDEF routing.
Writing XDEF routing logical nets.
Write ShapeDB Complete: Time (s): cpu = 00:00:00.73 ; elapsed = 00:00:00.15 . Memory (MB): peak = 3656.258 ; gain = 0.000 ; free physical = 4962 ; free virtual = 15709
Writing XDEF routing special nets.
Wrote RouteStorage: Time (s): cpu = 00:00:05 ; elapsed = 00:00:01 . Memory (MB): peak = 3656.258 ; gain = 0.000 ; free physical = 4936 ; free virtual = 15711
Wrote PlaceStorage: Time (s): cpu = 00:00:03 ; elapsed = 00:00:02 . Memory (MB): peak = 3656.258 ; gain = 0.000 ; free physical = 4902 ; free virtual = 15718
Wrote Netlist Cache: Time (s): cpu = 00:00:00.05 ; elapsed = 00:00:00.06 . Memory (MB): peak = 3656.258 ; gain = 0.000 ; free physical = 4896 ; free virtual = 15718
Wrote Device Cache: Time (s): cpu = 00:00:00.01 ; elapsed = 00:00:00.01 . Memory (MB): peak = 3656.258 ; gain = 0.000 ; free physical = 4895 ; free virtual = 15718
Write Physdb Complete: Time (s): cpu = 00:00:08 ; elapsed = 00:00:03 . Memory (MB): peak = 3656.258 ; gain = 0.000 ; free physical = 4895 ; free virtual = 15718
INFO: [Common 17-1381] The checkpoint '/home/f4tnk/dev/LibreSDR_UHD_B220_Mini_FPGA/src/libresdr_b210.runs/impl_1/libresdr_b210_routed.dcp' has been generated.
write_checkpoint: Time (s): cpu = 00:00:09 ; elapsed = 00:00:05 . Memory (MB): peak = 3656.258 ; gain = 0.000 ; free physical = 4954 ; free virtual = 15716
Command: write_bitstream -force libresdr_b210.bit
Attempting to get a license for feature 'Implementation' and/or device 'xc7a200t'
INFO: [Common 17-349] Got license for feature 'Implementation' and/or device 'xc7a200t'
Running DRC as a precondition to command write_bitstream
INFO: [IP_Flow 19-1839] IP Catalog is up to date.
INFO: [DRC 23-27] Running DRC with 8 threads
INFO: [Vivado 12-3199] DRC finished with 0 Errors
INFO: [Vivado 12-3200] Please refer to the DRC report (report_drc) for more information.
Integrating Hard IP ELF/MEM with the PDI.
INFO: [Designutils 20-2272] Running write_bitstream with 8 threads.
Loading data files...
Loading site data...
Loading route data...
Processing options...
Creating bitmap...
Creating bitstream...
Bitstream compression saved 40238848 bits.
Writing bitstream ./libresdr_b210.bit...
INFO: [Vivado 12-1842] Bitgen Completed Successfully.
INFO: [Common 17-83] Releasing license: Implementation
155 Infos, 2 Warnings, 0 Critical Warnings and 0 Errors encountered.
write_bitstream completed successfully
write_bitstream: Time (s): cpu = 00:01:20 ; elapsed = 00:00:43 . Memory (MB): peak = 4123.867 ; gain = 467.609 ; free physical = 4492 ; free virtual = 15264
INFO: [Common 17-206] Exiting Vivado at Fri Jul  3 14:22:35 2026...
[Fri Jul  3 14:22:35 2026] impl_1 finished
wait_on_runs: Time (s): cpu = 00:15:00 ; elapsed = 00:05:56 . Memory (MB): peak = 2817.348 ; gain = 0.000 ; free physical = 7387 ; free virtual = 18159
# set impl_status [get_property STATUS [get_runs impl_1]]
# log "Implementation status: $impl_status"
[14:22:35] Implementation status: write_bitstream Complete!
# if {[get_property PROGRESS [get_runs impl_1]] != "100%"} {
#     log "ERROR: Implementation did not complete successfully."
#     foreach msg [get_msgs -severity ERROR] {
#         log "  IMPL-ERROR: [get_property MSG_TEXT $msg]"
#     }
#     exit 2
# }
# open_run impl_1
Netlist sorting complete. Time (s): cpu = 00:00:00.45 ; elapsed = 00:00:00.46 . Memory (MB): peak = 2817.348 ; gain = 0.000 ; free physical = 7369 ; free virtual = 18141
INFO: [Netlist 29-17] Analyzing 6276 Unisim elements for replacement
INFO: [Netlist 29-28] Unisim Transformation completed in 0 CPU seconds
INFO: [Project 1-479] Netlist was created with Vivado 2025.2
INFO: [Project 1-570] Preparing netlist for logic optimization
Read ShapeDB Complete: Time (s): cpu = 00:00:00.11 ; elapsed = 00:00:00.15 . Memory (MB): peak = 2881.562 ; gain = 23.250 ; free physical = 7277 ; free virtual = 18049
INFO: [Timing 38-478] Restoring timing data from binary archive.
INFO: [Timing 38-479] Binary timing data restore complete.
INFO: [Project 1-856] Restoring constraints from binary archive.
INFO: [Project 1-853] Binary constraint restore complete.
INFO: [Designutils 20-5722] Start Reading Physical Databases.
Reading placement.
Read Netlist Cache: Time (s): cpu = 00:00:00.04 ; elapsed = 00:00:00.05 . Memory (MB): peak = 3082.195 ; gain = 0.000 ; free physical = 7095 ; free virtual = 17867
Reading placer database...
Read Device Cache: Time (s): cpu = 00:00:00.01 ; elapsed = 00:00:00.01 . Memory (MB): peak = 3082.195 ; gain = 0.000 ; free physical = 7095 ; free virtual = 17867
Read PlaceDB: Time (s): cpu = 00:00:00 ; elapsed = 00:00:00 . Memory (MB): peak = 3082.195 ; gain = 0.000 ; free physical = 7095 ; free virtual = 17867
Read placeStorage: Time (s): cpu = 00:00:01 ; elapsed = 00:00:01 . Memory (MB): peak = 3109.195 ; gain = 27.000 ; free physical = 7064 ; free virtual = 17836
Read PulsedLatchDB: Time (s): cpu = 00:00:00 ; elapsed = 00:00:00 . Memory (MB): peak = 3109.195 ; gain = 0.000 ; free physical = 7064 ; free virtual = 17836
Reading routing.
Read RouteStorage: Time (s): cpu = 00:00:01 ; elapsed = 00:00:00.46 . Memory (MB): peak = 3144.727 ; gain = 35.531 ; free physical = 7032 ; free virtual = 17804
Read Physdb Files: Time (s): cpu = 00:00:02 ; elapsed = 00:00:02 . Memory (MB): peak = 3144.727 ; gain = 62.531 ; free physical = 7032 ; free virtual = 17804
Restored from archive | CPU: 2.820000 secs | Memory: 61.760574 MB |
Finished XDEF File Restore: Time (s): cpu = 00:00:02 ; elapsed = 00:00:02 . Memory (MB): peak = 3144.727 ; gain = 62.531 ; free physical = 7032 ; free virtual = 17804
Netlist sorting complete. Time (s): cpu = 00:00:00.01 ; elapsed = 00:00:00.01 . Memory (MB): peak = 3180.672 ; gain = 0.000 ; free physical = 6995 ; free virtual = 17768
INFO: [Project 1-111] Unisim Transformation Summary:
  A total of 3587 instances were transformed.
  IOBUF => IOBUF (IBUF, OBUFT): 43 instances
  RAM32M => RAM32M (RAMD32(x6), RAMS32(x2)): 56 instances
  RAM32X1D => RAM32X1D (RAMD32(x2)): 588 instances
  SRLC16E => SRL16E: 2900 instances

open_run: Time (s): cpu = 00:00:09 ; elapsed = 00:00:09 . Memory (MB): peak = 3180.707 ; gain = 363.359 ; free physical = 6996 ; free virtual = 17768
# report_timing_summary -max_paths 20 -file "$output_dir/timing_summary.rpt"
INFO: [Timing 38-91] UpdateTimingParams: Speed grade: -2, Delay Type: min_max.
INFO: [Timing 38-191] Multithreading enabled for timing update using a maximum of 8 CPUs
WARNING: [Timing 38-436] There are set_bus_skew constraint(s) in this design. Please run report_bus_skew to ensure that bus skew requirements are met.
report_timing_summary: Time (s): cpu = 00:00:41 ; elapsed = 00:00:10 . Memory (MB): peak = 3502.891 ; gain = 322.184 ; free physical = 6670 ; free virtual = 17445
# report_utilization    -file "$output_dir/post_impl_utilization.rpt"
# report_drc            -file "$output_dir/drc.rpt"
Command: report_drc -file /home/f4tnk/dev/LibreSDR_UHD_B220_Mini_FPGA/build_output/drc.rpt
INFO: [IP_Flow 19-1839] IP Catalog is up to date.
INFO: [DRC 23-27] Running DRC with 8 threads
INFO: [Vivado_Tcl 2-168] The results of DRC are in file /home/f4tnk/dev/LibreSDR_UHD_B220_Mini_FPGA/build_output/drc.rpt.
report_drc completed successfully
# report_power          -file "$output_dir/power.rpt"
Command: report_power -file /home/f4tnk/dev/LibreSDR_UHD_B220_Mini_FPGA/build_output/power.rpt
INFO: [Power 33-23] Power model is not available for DNA_PORT_inst
Running Vector-less Activity Propagation...

Finished Running Vector-less Activity Propagation
WARNING: [Power 33-332] Found switching activity that implies high-fanout reset nets being asserted for excessive periods of time which may result in inaccurate power analysis.
Resolution: To review and fix problems, please run Power Constraints Advisor in the GUI from Tools > Power Constraints Advisor or run report_power with the -advisory option to generate a text report.
1 Infos, 1 Warnings, 0 Critical Warnings and 0 Errors encountered.
report_power completed successfully
report_power: Time (s): cpu = 00:00:13 ; elapsed = 00:00:06 . Memory (MB): peak = 3678.980 ; gain = 129.527 ; free physical = 6537 ; free virtual = 17313
# log "Generating raw binary bitstream (.bin)..."
[14:23:03] Generating raw binary bitstream (.bin)...
# set_property BITSTREAM.GENERAL.COMPRESS TRUE [current_design]
# write_bitstream -bin_file -force "$output_dir/libresdr_b220"
Command: write_bitstream -bin_file -force /home/f4tnk/dev/LibreSDR_UHD_B220_Mini_FPGA/build_output/libresdr_b220
Attempting to get a license for feature 'Implementation' and/or device 'xc7a200t'
INFO: [Common 17-349] Got license for feature 'Implementation' and/or device 'xc7a200t'
Running DRC as a precondition to command write_bitstream
INFO: [IP_Flow 19-1839] IP Catalog is up to date.
INFO: [DRC 23-27] Running DRC with 8 threads
INFO: [Vivado 12-3199] DRC finished with 0 Errors
INFO: [Vivado 12-3200] Please refer to the DRC report (report_drc) for more information.
Integrating Hard IP ELF/MEM with the PDI.
INFO: [Designutils 20-2272] Running write_bitstream with 8 threads.
Loading data files...
Loading site data...
Loading route data...
Processing options...
Creating bitmap...
Creating bitstream...
Bitstream compression saved 40238848 bits.
Writing bitstream /home/f4tnk/dev/LibreSDR_UHD_B220_Mini_FPGA/build_output/libresdr_b220.bit...
Writing bitstream /home/f4tnk/dev/LibreSDR_UHD_B220_Mini_FPGA/build_output/libresdr_b220.bin...
INFO: [Vivado 12-1842] Bitgen Completed Successfully.
INFO: [Common 17-83] Releasing license: Implementation
8 Infos, 0 Warnings, 0 Critical Warnings and 0 Errors encountered.
write_bitstream completed successfully
write_bitstream: Time (s): cpu = 00:01:18 ; elapsed = 00:00:42 . Memory (MB): peak = 4120.496 ; gain = 441.516 ; free physical = 6081 ; free virtual = 16867
# log "Bitstream generated: $output_dir/libresdr_b220.bit + .bin"
[14:23:45] Bitstream generated: /home/f4tnk/dev/LibreSDR_UHD_B220_Mini_FPGA/build_output/libresdr_b220.bit + .bin
# log "Build COMPLETED successfully."
[14:23:45] Build COMPLETED successfully.
# exit 0
INFO: [Common 17-206] Exiting Vivado at Fri Jul  3 14:23:45 2026...
