Copyright 1986-2022 Xilinx, Inc. All Rights Reserved. Copyright 2022-2025 Advanced Micro Devices, Inc. All Rights Reserved.
-----------------------------------------------------------------------------------------------------------------------------------------------------------------------------
| Tool Version : Vivado v.2025.2 (lin64) Build 6299465 Fri Nov 14 12:34:56 MST 2025
| Date         : Fri Jul  3 16:02:51 2026
| Host         : DESKTOP-ALL4L3F running 64-bit unknown
| Command      : report_methodology -file libresdr_b210_methodology_drc_routed.rpt -pb libresdr_b210_methodology_drc_routed.pb -rpx libresdr_b210_methodology_drc_routed.rpx
| Design       : libresdr_b210
| Device       : xc7a200tfbg484-2
| Speed File   : -2
| Design State : Fully Routed
-----------------------------------------------------------------------------------------------------------------------------------------------------------------------------

Report Methodology

Table of Contents
-----------------
1. REPORT SUMMARY
2. REPORT DETAILS

1. REPORT SUMMARY
-----------------
            Netlist: netlist
          Floorplan: checkpoint_libresdr_b210
      Design limits: <entire design considered>
             Max checks: <unlimited>
             Checks found: 306
+-----------+------------------+-------------------------------------------------------------------------------------------------------+--------+
| Rule      | Severity         | Description                                                                                           | Checks |
+-----------+------------------+-------------------------------------------------------------------------------------------------------+--------+
| TIMING-6  | Critical Warning | No common primary clock between related clocks                                                        | 2      |
| TIMING-7  | Critical Warning | No common node between related clocks                                                                 | 2      |
| TIMING-17 | Critical Warning | Non-clocked sequential cell                                                                           | 7      |
| CKBF-1    | Warning          | connects_I_driver_BUFR                                                                                | 2      |
| LUTAR-1   | Warning          | LUT drives async reset alert                                                                          | 1      |
| PDRC-190  | Warning          | Suboptimally placed synchronized register chain                                                       | 9      |
| SYNTH-6   | Warning          | Timing of a RAM block might be sub-optimal                                                            | 18     |
| TIMING-9  | Warning          | Unknown CDC Logic                                                                                     | 1      |
| TIMING-10 | Warning          | Missing property on synchronizer                                                                      | 1      |
| TIMING-18 | Warning          | Missing input or output delay                                                                         | 71     |
| TIMING-20 | Warning          | Non-clocked latch                                                                                     | 128    |
| TIMING-24 | Warning          | Overridden Max delay datapath only                                                                    | 30     |
| TIMING-38 | Warning          | Bus skew constraint applied on multiple clocks                                                        | 20     |
| TIMING-47 | Warning          | False path, asynchronous clock group or max delay datapath only constraint between synchronous clocks | 1      |
| LATCH-1   | Advisory         | Existing latches in the design                                                                        | 1      |
| RTGT-1    | Advisory         | RAM retargeting possibility                                                                           | 12     |
+-----------+------------------+-------------------------------------------------------------------------------------------------------+--------+

2. REPORT DETAILS
-----------------
TIMING-6#1 Critical Warning
No common primary clock between related clocks  
The clocks clk_out2_100_bus_gen_clks and rx_clk_mimo_bufr are related (timed together) but they have no common primary clock. The design could fail in hardware. To find a timing path between these clocks, run the following command: report_timing -from [get_clocks clk_out2_100_bus_gen_clks] -to [get_clocks rx_clk_mimo_bufr]
Related violations: <none>

TIMING-6#2 Critical Warning
No common primary clock between related clocks  
The clocks clk_out3_200_ref_pll_gen_clks and rx_clk_mimo_bufr are related (timed together) but they have no common primary clock. The design could fail in hardware. To find a timing path between these clocks, run the following command: report_timing -from [get_clocks clk_out3_200_ref_pll_gen_clks] -to [get_clocks rx_clk_mimo_bufr]
Related violations: <none>

TIMING-7#1 Critical Warning
No common node between related clocks  
The clocks clk_out2_100_bus_gen_clks and rx_clk_mimo_bufr are related (timed together) but they have no common node. The design could fail in hardware. To find a timing path between these clocks, run the following command: report_timing -from [get_clocks clk_out2_100_bus_gen_clks] -to [get_clocks rx_clk_mimo_bufr]
Related violations: <none>

TIMING-7#2 Critical Warning
No common node between related clocks  
The clocks clk_out3_200_ref_pll_gen_clks and rx_clk_mimo_bufr are related (timed together) but they have no common node. The design could fail in hardware. To find a timing path between these clocks, run the following command: report_timing -from [get_clocks clk_out3_200_ref_pll_gen_clks] -to [get_clocks rx_clk_mimo_bufr]
Related violations: <none>

TIMING-17#1 Critical Warning
Non-clocked sequential cell  
The clock pin counter_10M_reg[0]/C is not reached by a timing clock
Related violations: <none>

TIMING-17#2 Critical Warning
Non-clocked sequential cell  
The clock pin counter_10M_reg[1]/C is not reached by a timing clock
Related violations: <none>

TIMING-17#3 Critical Warning
Non-clocked sequential cell  
The clock pin counter_10M_reg[2]/C is not reached by a timing clock
Related violations: <none>

TIMING-17#4 Critical Warning
Non-clocked sequential cell  
The clock pin counter_10M_reg[3]/C is not reached by a timing clock
Related violations: <none>

TIMING-17#5 Critical Warning
Non-clocked sequential cell  
The clock pin is10meg_meta_reg/C is not reached by a timing clock
Related violations: <none>

TIMING-17#6 Critical Warning
Non-clocked sequential cell  
The clock pin is10meg_sync_reg/C is not reached by a timing clock
Related violations: <none>

TIMING-17#7 Critical Warning
Non-clocked sequential cell  
The clock pin sync_10M_reg/C is not reached by a timing clock
Related violations: <none>

CKBF-1#1 Warning
connects_I_driver_BUFR  
The BUFGCTRL cell u_libresdr_b210_io/BUFGMUX_inst I0 pin is driven by a BUFR cell u_libresdr_b210_io/bufr_rx_clk. For 7-Series devices, this is not a recommended clock topology. Please analyze your clock network and remove the BUFR to BUFGCTRL cascade.
Related violations: <none>

CKBF-1#2 Warning
connects_I_driver_BUFR  
The BUFGCTRL cell u_libresdr_b210_io/BUFGMUX_inst I1 pin is driven by a BUFR cell u_libresdr_b210_io/BUFR_inst. For 7-Series devices, this is not a recommended clock topology. Please analyze your clock network and remove the BUFR to BUFGCTRL cascade.
Related violations: <none>

LUTAR-1#1 Warning
LUT drives async reset alert  
LUT cell clocks_ready_count[0]_i_2, with 2 or more inputs, drives asynchronous preset/clear pin(s) clocks_ready_count_reg[11]/CLR, clocks_ready_count_reg[12]/CLR,
clocks_ready_count_reg[13]/CLR, clocks_ready_count_reg[14]/CLR,
clocks_ready_count_reg[15]/CLR, clocks_ready_count_reg[1]/CLR,
clocks_ready_count_reg[2]/CLR, clocks_ready_count_reg[3]/CLR,
clocks_ready_count_reg[4]/CLR, clocks_ready_count_reg[5]/CLR,
clocks_ready_count_reg[6]/CLR, clocks_ready_count_reg[7]/CLR,
clocks_ready_count_reg[8]/CLR, clocks_ready_count_reg[9]/CLR,
clocks_ready_reg_inv/PRE (the first 15 of 17 listed). The LUT may glitch and trigger an unexpected reset, even if it is a properly timed path.
Related violations: <none>

PDRC-190#1 Warning
Suboptimally placed synchronized register chain  
The FDRE cell b200_core/radio_0/rx_fifo/fifo_section[0].impl_bram_i/U0/inst_fifo_gen/gconvfifo.rf/grf.rf/rstblk/grstd1.grst_full.grst_f.rst_d2_reg in site SLICE_X40Y164 is part of a synchronized register chain that is suboptimally placed as the load FDSE cell b200_core/radio_0/rx_fifo/fifo_section[0].impl_bram_i/U0/inst_fifo_gen/gconvfifo.rf/grf.rf/rstblk/grstd1.grst_full.grst_f.rst_d3_reg is not placed in the same (SLICE) site.
Related violations: <none>

PDRC-190#2 Warning
Suboptimally placed synchronized register chain  
The FDRE cell b200_core/radio_0/tx_fifo/fifo_section[0].impl_bram_i/U0/inst_fifo_gen/gconvfifo.rf/grf.rf/rstblk/grstd1.grst_full.grst_f.rst_d2_reg in site SLICE_X82Y92 is part of a synchronized register chain that is suboptimally placed as the load FDSE cell b200_core/radio_0/tx_fifo/fifo_section[0].impl_bram_i/U0/inst_fifo_gen/gconvfifo.rf/grf.rf/rstblk/grstd1.grst_full.grst_f.rst_d3_reg is not placed in the same (SLICE) site.
Related violations: <none>

PDRC-190#3 Warning
Suboptimally placed synchronized register chain  
The FDRE cell b200_core/radio_1/rx_fifo/fifo_section[0].impl_bram_i/U0/inst_fifo_gen/gconvfifo.rf/grf.rf/rstblk/grstd1.grst_full.grst_f.rst_d2_reg in site SLICE_X63Y166 is part of a synchronized register chain that is suboptimally placed as the load FDSE cell b200_core/radio_1/rx_fifo/fifo_section[0].impl_bram_i/U0/inst_fifo_gen/gconvfifo.rf/grf.rf/rstblk/grstd1.grst_full.grst_f.rst_d3_reg is not placed in the same (SLICE) site.
Related violations: <none>

PDRC-190#4 Warning
Suboptimally placed synchronized register chain  
The FDRE cell b200_core/radio_1/tx_fifo/fifo_section[0].impl_bram_i/U0/inst_fifo_gen/gconvfifo.rf/grf.rf/rstblk/grstd1.grst_full.grst_f.rst_d2_reg in site SLICE_X112Y88 is part of a synchronized register chain that is suboptimally placed as the load FDSE cell b200_core/radio_1/tx_fifo/fifo_section[0].impl_bram_i/U0/inst_fifo_gen/gconvfifo.rf/grf.rf/rstblk/grstd1.grst_full.grst_f.rst_d3_reg is not placed in the same (SLICE) site.
Related violations: <none>

PDRC-190#5 Warning
Suboptimally placed synchronized register chain  
The FDRE cell bus_sync/reset_double_sync/synchronizer_false_path/stages[7].value_reg[7][0] in site SLICE_X59Y175 is part of a synchronized register chain that is suboptimally placed as the load FDRE cell bus_sync/reset_double_sync/synchronizer_false_path/stages[8].value_reg[8][0] is not placed in the same (SLICE) site.
Related violations: <none>

PDRC-190#6 Warning
Suboptimally placed synchronized register chain  
The FDRE cell radio_sync/reset_double_sync/synchronizer_false_path/stages[7].value_reg[7][0] in site SLICE_X57Y176 is part of a synchronized register chain that is suboptimally placed as the load FDRE cell radio_sync/reset_double_sync/synchronizer_false_path/stages[8].value_reg[8][0] is not placed in the same (SLICE) site.
Related violations: <none>

PDRC-190#7 Warning
Suboptimally placed synchronized register chain  
The FDRE cell ref_pll_sync/reset_double_sync/synchronizer_false_path/stages[7].value_reg[7][0] in site SLICE_X59Y180 is part of a synchronized register chain that is suboptimally placed as the load FDRE cell ref_pll_sync/reset_double_sync/synchronizer_false_path/stages[8].value_reg[8][0] is not placed in the same (SLICE) site.
Related violations: <none>

PDRC-190#8 Warning
Suboptimally placed synchronized register chain  
The FDRE cell slave_fifo32/fifo64_to_gpif2_rx/cross_clock_fifo/fifo_section[0].impl_bram_i/U0/inst_fifo_gen/gconvfifo.rf/grf.rf/rstblk/grstd1.grst_full.grst_f.rst_d2_reg in site SLICE_X57Y190 is part of a synchronized register chain that is suboptimally placed as the load FDSE cell slave_fifo32/fifo64_to_gpif2_rx/cross_clock_fifo/fifo_section[0].impl_bram_i/U0/inst_fifo_gen/gconvfifo.rf/grf.rf/rstblk/grstd1.grst_full.grst_f.rst_d3_reg is not placed in the same (SLICE) site.
Related violations: <none>

PDRC-190#9 Warning
Suboptimally placed synchronized register chain  
The FDRE cell slave_fifo32/gpif2_to_fifo64_tx/cross_clock_fifo/fifo_section[0].impl_bram_i/U0/inst_fifo_gen/gconvfifo.rf/grf.rf/rstblk/grstd1.grst_full.grst_f.rst_d2_reg in site SLICE_X131Y104 is part of a synchronized register chain that is suboptimally placed as the load FDSE cell slave_fifo32/gpif2_to_fifo64_tx/cross_clock_fifo/fifo_section[0].impl_bram_i/U0/inst_fifo_gen/gconvfifo.rf/grf.rf/rstblk/grstd1.grst_full.grst_f.rst_d3_reg is not placed in the same (SLICE) site.
Related violations: <none>

SYNTH-6#1 Warning
Timing of a RAM block might be sub-optimal  
The timing for the instance encpy_i/aes_cipher_top_i/sa00_reg, implemented as a RAM block, might be sub-optimal as no output register was merged into the block.
Related violations: <none>

SYNTH-6#2 Warning
Timing of a RAM block might be sub-optimal  
The timing for the instance encpy_i/aes_cipher_top_i/sa02_reg, implemented as a RAM block, might be sub-optimal as no output register was merged into the block.
Related violations: <none>

SYNTH-6#3 Warning
Timing of a RAM block might be sub-optimal  
The timing for the instance encpy_i/aes_cipher_top_i/sa10_reg, implemented as a RAM block, might be sub-optimal as no output register was merged into the block.
Related violations: <none>

SYNTH-6#4 Warning
Timing of a RAM block might be sub-optimal  
The timing for the instance encpy_i/aes_cipher_top_i/sa12_reg, implemented as a RAM block, might be sub-optimal as no output register was merged into the block.
Related violations: <none>

SYNTH-6#5 Warning
Timing of a RAM block might be sub-optimal  
The timing for the instance encpy_i/aes_cipher_top_i/sa20_reg, implemented as a RAM block, might be sub-optimal as no output register was merged into the block.
Related violations: <none>

SYNTH-6#6 Warning
Timing of a RAM block might be sub-optimal  
The timing for the instance encpy_i/aes_cipher_top_i/sa22_reg, implemented as a RAM block, might be sub-optimal as no output register was merged into the block.
Related violations: <none>

SYNTH-6#7 Warning
Timing of a RAM block might be sub-optimal  
The timing for the instance encpy_i/aes_cipher_top_i/sa30_reg, implemented as a RAM block, might be sub-optimal as no output register was merged into the block.
Related violations: <none>

SYNTH-6#8 Warning
Timing of a RAM block might be sub-optimal  
The timing for the instance encpy_i/aes_cipher_top_i/sa32_reg, implemented as a RAM block, might be sub-optimal as no output register was merged into the block.
Related violations: <none>

SYNTH-6#9 Warning
Timing of a RAM block might be sub-optimal  
The timing for the instance encpy_i/aes_cipher_top_i/u0/w_reg[3]_rep_bsel, implemented as a RAM block, might be sub-optimal as no output register was merged into the block.
Related violations: <none>

SYNTH-6#10 Warning
Timing of a RAM block might be sub-optimal  
The timing for the instance encpy_i/aes_cipher_top_i/u0/w_reg[3]_rep_bsel__0, implemented as a RAM block, might be sub-optimal as no output register was merged into the block.
Related violations: <none>

SYNTH-6#11 Warning
Timing of a RAM block might be sub-optimal  
The timing for the instance slave_fifo32/gpif2_to_fifo64_ctrl/min_read_buff/ram/impl/ram_reg_0, implemented as a RAM block, might be sub-optimal as no output register was merged into the block.
Related violations: <none>

SYNTH-6#12 Warning
Timing of a RAM block might be sub-optimal  
The timing for the instance slave_fifo32/gpif2_to_fifo64_ctrl/min_read_buff/ram/impl/ram_reg_1, implemented as a RAM block, might be sub-optimal as no output register was merged into the block.
Related violations: <none>

SYNTH-6#13 Warning
Timing of a RAM block might be sub-optimal  
The timing for the instance slave_fifo32/gpif2_to_fifo64_ctrl/min_read_buff/ram/impl/ram_reg_2, implemented as a RAM block, might be sub-optimal as no output register was merged into the block.
Related violations: <none>

SYNTH-6#14 Warning
Timing of a RAM block might be sub-optimal  
The timing for the instance slave_fifo32/gpif2_to_fifo64_ctrl/min_read_buff/ram/impl/ram_reg_3, implemented as a RAM block, might be sub-optimal as no output register was merged into the block.
Related violations: <none>

SYNTH-6#15 Warning
Timing of a RAM block might be sub-optimal  
The timing for the instance slave_fifo32/gpif2_to_fifo64_tx/min_read_buff/ram/impl/ram_reg_0, implemented as a RAM block, might be sub-optimal as no output register was merged into the block.
Related violations: <none>

SYNTH-6#16 Warning
Timing of a RAM block might be sub-optimal  
The timing for the instance slave_fifo32/gpif2_to_fifo64_tx/min_read_buff/ram/impl/ram_reg_1, implemented as a RAM block, might be sub-optimal as no output register was merged into the block.
Related violations: <none>

SYNTH-6#17 Warning
Timing of a RAM block might be sub-optimal  
The timing for the instance slave_fifo32/gpif2_to_fifo64_tx/min_read_buff/ram/impl/ram_reg_2, implemented as a RAM block, might be sub-optimal as no output register was merged into the block.
Related violations: <none>

SYNTH-6#18 Warning
Timing of a RAM block might be sub-optimal  
The timing for the instance slave_fifo32/gpif2_to_fifo64_tx/min_read_buff/ram/impl/ram_reg_3, implemented as a RAM block, might be sub-optimal as no output register was merged into the block.
Related violations: <none>

TIMING-9#1 Warning
Unknown CDC Logic  
One or more asynchronous Clock Domain Crossing has been detected between 2 clock domains through a set_false_path or a set_clock_groups or set_max_delay -datapath_only constraint but no double-registers logic synchronizer has been found on the side of the capture clock. It is recommended to run report_cdc for a complete and detailed CDC coverage. Please consider using XPM_CDC to avoid Critical severities
Related violations: <none>

TIMING-10#1 Warning
Missing property on synchronizer  
One or more logic synchronizer has been detected between 2 clock domains but the synchronizer does not have the property ASYNC_REG defined on one or both registers. It is recommended to run report_cdc for a complete and detailed CDC coverage
Related violations: <none>

TIMING-18#1 Warning
Missing input or output delay  
An input delay is missing on CAT_P0_D[0] relative to the rising and/or falling clock edge(s) of CAT_DCLK_P.
Related violations: <none>

TIMING-18#2 Warning
Missing input or output delay  
An input delay is missing on CAT_P0_D[10] relative to the rising and/or falling clock edge(s) of CAT_DCLK_P.
Related violations: <none>

TIMING-18#3 Warning
Missing input or output delay  
An input delay is missing on CAT_P0_D[11] relative to the rising and/or falling clock edge(s) of CAT_DCLK_P.
Related violations: <none>

TIMING-18#4 Warning
Missing input or output delay  
An input delay is missing on CAT_P0_D[1] relative to the rising and/or falling clock edge(s) of CAT_DCLK_P.
Related violations: <none>

TIMING-18#5 Warning
Missing input or output delay  
An input delay is missing on CAT_P0_D[2] relative to the rising and/or falling clock edge(s) of CAT_DCLK_P.
Related violations: <none>

TIMING-18#6 Warning
Missing input or output delay  
An input delay is missing on CAT_P0_D[3] relative to the rising and/or falling clock edge(s) of CAT_DCLK_P.
Related violations: <none>

TIMING-18#7 Warning
Missing input or output delay  
An input delay is missing on CAT_P0_D[4] relative to the rising and/or falling clock edge(s) of CAT_DCLK_P.
Related violations: <none>

TIMING-18#8 Warning
Missing input or output delay  
An input delay is missing on CAT_P0_D[5] relative to the rising and/or falling clock edge(s) of CAT_DCLK_P.
Related violations: <none>

TIMING-18#9 Warning
Missing input or output delay  
An input delay is missing on CAT_P0_D[6] relative to the rising and/or falling clock edge(s) of CAT_DCLK_P.
Related violations: <none>

TIMING-18#10 Warning
Missing input or output delay  
An input delay is missing on CAT_P0_D[7] relative to the rising and/or falling clock edge(s) of CAT_DCLK_P.
Related violations: <none>

TIMING-18#11 Warning
Missing input or output delay  
An input delay is missing on CAT_P0_D[8] relative to the rising and/or falling clock edge(s) of CAT_DCLK_P.
Related violations: <none>

TIMING-18#12 Warning
Missing input or output delay  
An input delay is missing on CAT_P0_D[9] relative to the rising and/or falling clock edge(s) of CAT_DCLK_P.
Related violations: <none>

TIMING-18#13 Warning
Missing input or output delay  
An input delay is missing on CAT_RX_FR_P relative to the rising and/or falling clock edge(s) of CAT_DCLK_P.
Related violations: <none>

TIMING-18#14 Warning
Missing input or output delay  
An input delay is missing on FPGA_RXD0 relative to the rising and/or falling clock edge(s) of CAT_DCLK_P.
Related violations: <none>

TIMING-18#15 Warning
Missing input or output delay  
An input delay is missing on FPGA_TXD0 relative to the rising and/or falling clock edge(s) of CAT_DCLK_P.
Related violations: <none>

TIMING-18#16 Warning
Missing input or output delay  
An input delay is missing on fp_gpio[0] relative to the rising and/or falling clock edge(s) of CAT_DCLK_P.
Related violations: <none>

TIMING-18#17 Warning
Missing input or output delay  
An input delay is missing on fp_gpio[1] relative to the rising and/or falling clock edge(s) of CAT_DCLK_P.
Related violations: <none>

TIMING-18#18 Warning
Missing input or output delay  
An input delay is missing on fp_gpio[2] relative to the rising and/or falling clock edge(s) of CAT_DCLK_P.
Related violations: <none>

TIMING-18#19 Warning
Missing input or output delay  
An input delay is missing on fp_gpio[3] relative to the rising and/or falling clock edge(s) of CAT_DCLK_P.
Related violations: <none>

TIMING-18#20 Warning
Missing input or output delay  
An input delay is missing on fp_gpio[4] relative to the rising and/or falling clock edge(s) of CAT_DCLK_P.
Related violations: <none>

TIMING-18#21 Warning
Missing input or output delay  
An input delay is missing on fp_gpio[5] relative to the rising and/or falling clock edge(s) of CAT_DCLK_P.
Related violations: <none>

TIMING-18#22 Warning
Missing input or output delay  
An input delay is missing on fp_gpio[6] relative to the rising and/or falling clock edge(s) of CAT_DCLK_P.
Related violations: <none>

TIMING-18#23 Warning
Missing input or output delay  
An input delay is missing on fp_gpio[7] relative to the rising and/or falling clock edge(s) of CAT_DCLK_P.
Related violations: <none>

TIMING-18#24 Warning
Missing input or output delay  
An input delay is missing on sda relative to the rising and/or falling clock edge(s) of CLK_40MHz_FPGA.
Related violations: <none>

TIMING-18#25 Warning
Missing input or output delay  
An output delay is missing on CAT_FBCLK_P relative to the rising and/or falling clock edge(s) of CAT_DCLK_P.
Related violations: <none>

TIMING-18#26 Warning
Missing input or output delay  
An output delay is missing on CAT_P1_D[0] relative to the rising and/or falling clock edge(s) of CAT_DCLK_P.
Related violations: <none>

TIMING-18#27 Warning
Missing input or output delay  
An output delay is missing on CAT_P1_D[10] relative to the rising and/or falling clock edge(s) of CAT_DCLK_P.
Related violations: <none>

TIMING-18#28 Warning
Missing input or output delay  
An output delay is missing on CAT_P1_D[11] relative to the rising and/or falling clock edge(s) of CAT_DCLK_P.
Related violations: <none>

TIMING-18#29 Warning
Missing input or output delay  
An output delay is missing on CAT_P1_D[1] relative to the rising and/or falling clock edge(s) of CAT_DCLK_P.
Related violations: <none>

TIMING-18#30 Warning
Missing input or output delay  
An output delay is missing on CAT_P1_D[2] relative to the rising and/or falling clock edge(s) of CAT_DCLK_P.
Related violations: <none>

TIMING-18#31 Warning
Missing input or output delay  
An output delay is missing on CAT_P1_D[3] relative to the rising and/or falling clock edge(s) of CAT_DCLK_P.
Related violations: <none>

TIMING-18#32 Warning
Missing input or output delay  
An output delay is missing on CAT_P1_D[4] relative to the rising and/or falling clock edge(s) of CAT_DCLK_P.
Related violations: <none>

TIMING-18#33 Warning
Missing input or output delay  
An output delay is missing on CAT_P1_D[5] relative to the rising and/or falling clock edge(s) of CAT_DCLK_P.
Related violations: <none>

TIMING-18#34 Warning
Missing input or output delay  
An output delay is missing on CAT_P1_D[6] relative to the rising and/or falling clock edge(s) of CAT_DCLK_P.
Related violations: <none>

TIMING-18#35 Warning
Missing input or output delay  
An output delay is missing on CAT_P1_D[7] relative to the rising and/or falling clock edge(s) of CAT_DCLK_P.
Related violations: <none>

TIMING-18#36 Warning
Missing input or output delay  
An output delay is missing on CAT_P1_D[8] relative to the rising and/or falling clock edge(s) of CAT_DCLK_P.
Related violations: <none>

TIMING-18#37 Warning
Missing input or output delay  
An output delay is missing on CAT_P1_D[9] relative to the rising and/or falling clock edge(s) of CAT_DCLK_P.
Related violations: <none>

TIMING-18#38 Warning
Missing input or output delay  
An output delay is missing on CAT_RESETn relative to the rising and/or falling clock edge(s) of gpif_ifclk.
Related violations: <none>

TIMING-18#39 Warning
Missing input or output delay  
An output delay is missing on CAT_SPI_CLK relative to the rising and/or falling clock edge(s) of gpif_ifclk.
Related violations: <none>

TIMING-18#40 Warning
Missing input or output delay  
An output delay is missing on CAT_SPI_DI relative to the rising and/or falling clock edge(s) of gpif_ifclk.
Related violations: <none>

TIMING-18#41 Warning
Missing input or output delay  
An output delay is missing on CAT_SPI_EN relative to the rising and/or falling clock edge(s) of gpif_ifclk.
Related violations: <none>

TIMING-18#42 Warning
Missing input or output delay  
An output delay is missing on CAT_TX_FR_P relative to the rising and/or falling clock edge(s) of CAT_DCLK_P.
Related violations: <none>

TIMING-18#43 Warning
Missing input or output delay  
An output delay is missing on FPGA_RXD0 relative to the rising and/or falling clock edge(s) of CAT_DCLK_P.
Related violations: <none>

TIMING-18#44 Warning
Missing input or output delay  
An output delay is missing on FPGA_TXD0 relative to the rising and/or falling clock edge(s) of CAT_DCLK_P.
Related violations: <none>

TIMING-18#45 Warning
Missing input or output delay  
An output delay is missing on LED_RX1_inv relative to the rising and/or falling clock edge(s) of CAT_DCLK_P.
Related violations: <none>

TIMING-18#46 Warning
Missing input or output delay  
An output delay is missing on LED_RX2_inv relative to the rising and/or falling clock edge(s) of CAT_DCLK_P.
Related violations: <none>

TIMING-18#47 Warning
Missing input or output delay  
An output delay is missing on LED_TXRX1_RX_inv relative to the rising and/or falling clock edge(s) of CAT_DCLK_P.
Related violations: <none>

TIMING-18#48 Warning
Missing input or output delay  
An output delay is missing on LED_TXRX1_TX_inv relative to the rising and/or falling clock edge(s) of CAT_DCLK_P.
Related violations: <none>

TIMING-18#49 Warning
Missing input or output delay  
An output delay is missing on LED_TXRX2_RX_inv relative to the rising and/or falling clock edge(s) of CAT_DCLK_P.
Related violations: <none>

TIMING-18#50 Warning
Missing input or output delay  
An output delay is missing on LED_TXRX2_TX_inv relative to the rising and/or falling clock edge(s) of CAT_DCLK_P.
Related violations: <none>

TIMING-18#51 Warning
Missing input or output delay  
An output delay is missing on REF_LOCKED_inv relative to the rising and/or falling clock edge(s) of CLK_40MHz_FPGA.
Related violations: <none>

TIMING-18#52 Warning
Missing input or output delay  
An output delay is missing on SFDX1_RX relative to the rising and/or falling clock edge(s) of CAT_DCLK_P.
Related violations: <none>

TIMING-18#53 Warning
Missing input or output delay  
An output delay is missing on SFDX1_TX relative to the rising and/or falling clock edge(s) of CAT_DCLK_P.
Related violations: <none>

TIMING-18#54 Warning
Missing input or output delay  
An output delay is missing on SFDX2_RX relative to the rising and/or falling clock edge(s) of CAT_DCLK_P.
Related violations: <none>

TIMING-18#55 Warning
Missing input or output delay  
An output delay is missing on SFDX2_TX relative to the rising and/or falling clock edge(s) of CAT_DCLK_P.
Related violations: <none>

TIMING-18#56 Warning
Missing input or output delay  
An output delay is missing on SRX1_RX relative to the rising and/or falling clock edge(s) of CAT_DCLK_P.
Related violations: <none>

TIMING-18#57 Warning
Missing input or output delay  
An output delay is missing on SRX1_TX relative to the rising and/or falling clock edge(s) of CAT_DCLK_P.
Related violations: <none>

TIMING-18#58 Warning
Missing input or output delay  
An output delay is missing on SRX2_RX relative to the rising and/or falling clock edge(s) of CAT_DCLK_P.
Related violations: <none>

TIMING-18#59 Warning
Missing input or output delay  
An output delay is missing on SRX2_TX relative to the rising and/or falling clock edge(s) of CAT_DCLK_P.
Related violations: <none>

TIMING-18#60 Warning
Missing input or output delay  
An output delay is missing on fp_gpio[0] relative to the rising and/or falling clock edge(s) of CAT_DCLK_P.
Related violations: <none>

TIMING-18#61 Warning
Missing input or output delay  
An output delay is missing on fp_gpio[1] relative to the rising and/or falling clock edge(s) of CAT_DCLK_P.
Related violations: <none>

TIMING-18#62 Warning
Missing input or output delay  
An output delay is missing on fp_gpio[2] relative to the rising and/or falling clock edge(s) of CAT_DCLK_P.
Related violations: <none>

TIMING-18#63 Warning
Missing input or output delay  
An output delay is missing on fp_gpio[3] relative to the rising and/or falling clock edge(s) of CAT_DCLK_P.
Related violations: <none>

TIMING-18#64 Warning
Missing input or output delay  
An output delay is missing on fp_gpio[4] relative to the rising and/or falling clock edge(s) of CAT_DCLK_P.
Related violations: <none>

TIMING-18#65 Warning
Missing input or output delay  
An output delay is missing on fp_gpio[5] relative to the rising and/or falling clock edge(s) of CAT_DCLK_P.
Related violations: <none>

TIMING-18#66 Warning
Missing input or output delay  
An output delay is missing on fp_gpio[6] relative to the rising and/or falling clock edge(s) of CAT_DCLK_P.
Related violations: <none>

TIMING-18#67 Warning
Missing input or output delay  
An output delay is missing on fp_gpio[7] relative to the rising and/or falling clock edge(s) of CAT_DCLK_P.
Related violations: <none>

TIMING-18#68 Warning
Missing input or output delay  
An output delay is missing on scl relative to the rising and/or falling clock edge(s) of CLK_40MHz_FPGA.
Related violations: <none>

TIMING-18#69 Warning
Missing input or output delay  
An output delay is missing on sda relative to the rising and/or falling clock edge(s) of CLK_40MHz_FPGA.
Related violations: <none>

TIMING-18#70 Warning
Missing input or output delay  
An output delay is missing on tx_enable1 relative to the rising and/or falling clock edge(s) of CAT_DCLK_P.
Related violations: <none>

TIMING-18#71 Warning
Missing input or output delay  
An output delay is missing on tx_enable2 relative to the rising and/or falling clock edge(s) of CAT_DCLK_P.
Related violations: <none>

TIMING-20#1 Warning
Non-clocked latch  
The latch b200_core/radio_0/convert_16sc_to_xxxx/convert_16sc_to_12sc/curr_word_reg[0] cannot be properly analyzed as its control pin b200_core/radio_0/convert_16sc_to_xxxx/convert_16sc_to_12sc/curr_word_reg[0]/G is not reached by a timing clock
Related violations: <none>

TIMING-20#2 Warning
Non-clocked latch  
The latch b200_core/radio_0/convert_16sc_to_xxxx/convert_16sc_to_12sc/curr_word_reg[10] cannot be properly analyzed as its control pin b200_core/radio_0/convert_16sc_to_xxxx/convert_16sc_to_12sc/curr_word_reg[10]/G is not reached by a timing clock
Related violations: <none>

TIMING-20#3 Warning
Non-clocked latch  
The latch b200_core/radio_0/convert_16sc_to_xxxx/convert_16sc_to_12sc/curr_word_reg[11] cannot be properly analyzed as its control pin b200_core/radio_0/convert_16sc_to_xxxx/convert_16sc_to_12sc/curr_word_reg[11]/G is not reached by a timing clock
Related violations: <none>

TIMING-20#4 Warning
Non-clocked latch  
The latch b200_core/radio_0/convert_16sc_to_xxxx/convert_16sc_to_12sc/curr_word_reg[12] cannot be properly analyzed as its control pin b200_core/radio_0/convert_16sc_to_xxxx/convert_16sc_to_12sc/curr_word_reg[12]/G is not reached by a timing clock
Related violations: <none>

TIMING-20#5 Warning
Non-clocked latch  
The latch b200_core/radio_0/convert_16sc_to_xxxx/convert_16sc_to_12sc/curr_word_reg[13] cannot be properly analyzed as its control pin b200_core/radio_0/convert_16sc_to_xxxx/convert_16sc_to_12sc/curr_word_reg[13]/G is not reached by a timing clock
Related violations: <none>

TIMING-20#6 Warning
Non-clocked latch  
The latch b200_core/radio_0/convert_16sc_to_xxxx/convert_16sc_to_12sc/curr_word_reg[14] cannot be properly analyzed as its control pin b200_core/radio_0/convert_16sc_to_xxxx/convert_16sc_to_12sc/curr_word_reg[14]/G is not reached by a timing clock
Related violations: <none>

TIMING-20#7 Warning
Non-clocked latch  
The latch b200_core/radio_0/convert_16sc_to_xxxx/convert_16sc_to_12sc/curr_word_reg[15] cannot be properly analyzed as its control pin b200_core/radio_0/convert_16sc_to_xxxx/convert_16sc_to_12sc/curr_word_reg[15]/G is not reached by a timing clock
Related violations: <none>

TIMING-20#8 Warning
Non-clocked latch  
The latch b200_core/radio_0/convert_16sc_to_xxxx/convert_16sc_to_12sc/curr_word_reg[16] cannot be properly analyzed as its control pin b200_core/radio_0/convert_16sc_to_xxxx/convert_16sc_to_12sc/curr_word_reg[16]/G is not reached by a timing clock
Related violations: <none>

TIMING-20#9 Warning
Non-clocked latch  
The latch b200_core/radio_0/convert_16sc_to_xxxx/convert_16sc_to_12sc/curr_word_reg[17] cannot be properly analyzed as its control pin b200_core/radio_0/convert_16sc_to_xxxx/convert_16sc_to_12sc/curr_word_reg[17]/G is not reached by a timing clock
Related violations: <none>

TIMING-20#10 Warning
Non-clocked latch  
The latch b200_core/radio_0/convert_16sc_to_xxxx/convert_16sc_to_12sc/curr_word_reg[18] cannot be properly analyzed as its control pin b200_core/radio_0/convert_16sc_to_xxxx/convert_16sc_to_12sc/curr_word_reg[18]/G is not reached by a timing clock
Related violations: <none>

TIMING-20#11 Warning
Non-clocked latch  
The latch b200_core/radio_0/convert_16sc_to_xxxx/convert_16sc_to_12sc/curr_word_reg[19] cannot be properly analyzed as its control pin b200_core/radio_0/convert_16sc_to_xxxx/convert_16sc_to_12sc/curr_word_reg[19]/G is not reached by a timing clock
Related violations: <none>

TIMING-20#12 Warning
Non-clocked latch  
The latch b200_core/radio_0/convert_16sc_to_xxxx/convert_16sc_to_12sc/curr_word_reg[1] cannot be properly analyzed as its control pin b200_core/radio_0/convert_16sc_to_xxxx/convert_16sc_to_12sc/curr_word_reg[1]/G is not reached by a timing clock
Related violations: <none>

TIMING-20#13 Warning
Non-clocked latch  
The latch b200_core/radio_0/convert_16sc_to_xxxx/convert_16sc_to_12sc/curr_word_reg[20] cannot be properly analyzed as its control pin b200_core/radio_0/convert_16sc_to_xxxx/convert_16sc_to_12sc/curr_word_reg[20]/G is not reached by a timing clock
Related violations: <none>

TIMING-20#14 Warning
Non-clocked latch  
The latch b200_core/radio_0/convert_16sc_to_xxxx/convert_16sc_to_12sc/curr_word_reg[21] cannot be properly analyzed as its control pin b200_core/radio_0/convert_16sc_to_xxxx/convert_16sc_to_12sc/curr_word_reg[21]/G is not reached by a timing clock
Related violations: <none>

TIMING-20#15 Warning
Non-clocked latch  
The latch b200_core/radio_0/convert_16sc_to_xxxx/convert_16sc_to_12sc/curr_word_reg[22] cannot be properly analyzed as its control pin b200_core/radio_0/convert_16sc_to_xxxx/convert_16sc_to_12sc/curr_word_reg[22]/G is not reached by a timing clock
Related violations: <none>

TIMING-20#16 Warning
Non-clocked latch  
The latch b200_core/radio_0/convert_16sc_to_xxxx/convert_16sc_to_12sc/curr_word_reg[23] cannot be properly analyzed as its control pin b200_core/radio_0/convert_16sc_to_xxxx/convert_16sc_to_12sc/curr_word_reg[23]/G is not reached by a timing clock
Related violations: <none>

TIMING-20#17 Warning
Non-clocked latch  
The latch b200_core/radio_0/convert_16sc_to_xxxx/convert_16sc_to_12sc/curr_word_reg[24] cannot be properly analyzed as its control pin b200_core/radio_0/convert_16sc_to_xxxx/convert_16sc_to_12sc/curr_word_reg[24]/G is not reached by a timing clock
Related violations: <none>

TIMING-20#18 Warning
Non-clocked latch  
The latch b200_core/radio_0/convert_16sc_to_xxxx/convert_16sc_to_12sc/curr_word_reg[25] cannot be properly analyzed as its control pin b200_core/radio_0/convert_16sc_to_xxxx/convert_16sc_to_12sc/curr_word_reg[25]/G is not reached by a timing clock
Related violations: <none>

TIMING-20#19 Warning
Non-clocked latch  
The latch b200_core/radio_0/convert_16sc_to_xxxx/convert_16sc_to_12sc/curr_word_reg[26] cannot be properly analyzed as its control pin b200_core/radio_0/convert_16sc_to_xxxx/convert_16sc_to_12sc/curr_word_reg[26]/G is not reached by a timing clock
Related violations: <none>

TIMING-20#20 Warning
Non-clocked latch  
The latch b200_core/radio_0/convert_16sc_to_xxxx/convert_16sc_to_12sc/curr_word_reg[27] cannot be properly analyzed as its control pin b200_core/radio_0/convert_16sc_to_xxxx/convert_16sc_to_12sc/curr_word_reg[27]/G is not reached by a timing clock
Related violations: <none>

TIMING-20#21 Warning
Non-clocked latch  
The latch b200_core/radio_0/convert_16sc_to_xxxx/convert_16sc_to_12sc/curr_word_reg[28] cannot be properly analyzed as its control pin b200_core/radio_0/convert_16sc_to_xxxx/convert_16sc_to_12sc/curr_word_reg[28]/G is not reached by a timing clock
Related violations: <none>

TIMING-20#22 Warning
Non-clocked latch  
The latch b200_core/radio_0/convert_16sc_to_xxxx/convert_16sc_to_12sc/curr_word_reg[29] cannot be properly analyzed as its control pin b200_core/radio_0/convert_16sc_to_xxxx/convert_16sc_to_12sc/curr_word_reg[29]/G is not reached by a timing clock
Related violations: <none>

TIMING-20#23 Warning
Non-clocked latch  
The latch b200_core/radio_0/convert_16sc_to_xxxx/convert_16sc_to_12sc/curr_word_reg[2] cannot be properly analyzed as its control pin b200_core/radio_0/convert_16sc_to_xxxx/convert_16sc_to_12sc/curr_word_reg[2]/G is not reached by a timing clock
Related violations: <none>

TIMING-20#24 Warning
Non-clocked latch  
The latch b200_core/radio_0/convert_16sc_to_xxxx/convert_16sc_to_12sc/curr_word_reg[30] cannot be properly analyzed as its control pin b200_core/radio_0/convert_16sc_to_xxxx/convert_16sc_to_12sc/curr_word_reg[30]/G is not reached by a timing clock
Related violations: <none>

TIMING-20#25 Warning
Non-clocked latch  
The latch b200_core/radio_0/convert_16sc_to_xxxx/convert_16sc_to_12sc/curr_word_reg[31] cannot be properly analyzed as its control pin b200_core/radio_0/convert_16sc_to_xxxx/convert_16sc_to_12sc/curr_word_reg[31]/G is not reached by a timing clock
Related violations: <none>

TIMING-20#26 Warning
Non-clocked latch  
The latch b200_core/radio_0/convert_16sc_to_xxxx/convert_16sc_to_12sc/curr_word_reg[32] cannot be properly analyzed as its control pin b200_core/radio_0/convert_16sc_to_xxxx/convert_16sc_to_12sc/curr_word_reg[32]/G is not reached by a timing clock
Related violations: <none>

TIMING-20#27 Warning
Non-clocked latch  
The latch b200_core/radio_0/convert_16sc_to_xxxx/convert_16sc_to_12sc/curr_word_reg[33] cannot be properly analyzed as its control pin b200_core/radio_0/convert_16sc_to_xxxx/convert_16sc_to_12sc/curr_word_reg[33]/G is not reached by a timing clock
Related violations: <none>

TIMING-20#28 Warning
Non-clocked latch  
The latch b200_core/radio_0/convert_16sc_to_xxxx/convert_16sc_to_12sc/curr_word_reg[34] cannot be properly analyzed as its control pin b200_core/radio_0/convert_16sc_to_xxxx/convert_16sc_to_12sc/curr_word_reg[34]/G is not reached by a timing clock
Related violations: <none>

TIMING-20#29 Warning
Non-clocked latch  
The latch b200_core/radio_0/convert_16sc_to_xxxx/convert_16sc_to_12sc/curr_word_reg[35] cannot be properly analyzed as its control pin b200_core/radio_0/convert_16sc_to_xxxx/convert_16sc_to_12sc/curr_word_reg[35]/G is not reached by a timing clock
Related violations: <none>

TIMING-20#30 Warning
Non-clocked latch  
The latch b200_core/radio_0/convert_16sc_to_xxxx/convert_16sc_to_12sc/curr_word_reg[36] cannot be properly analyzed as its control pin b200_core/radio_0/convert_16sc_to_xxxx/convert_16sc_to_12sc/curr_word_reg[36]/G is not reached by a timing clock
Related violations: <none>

TIMING-20#31 Warning
Non-clocked latch  
The latch b200_core/radio_0/convert_16sc_to_xxxx/convert_16sc_to_12sc/curr_word_reg[37] cannot be properly analyzed as its control pin b200_core/radio_0/convert_16sc_to_xxxx/convert_16sc_to_12sc/curr_word_reg[37]/G is not reached by a timing clock
Related violations: <none>

TIMING-20#32 Warning
Non-clocked latch  
The latch b200_core/radio_0/convert_16sc_to_xxxx/convert_16sc_to_12sc/curr_word_reg[38] cannot be properly analyzed as its control pin b200_core/radio_0/convert_16sc_to_xxxx/convert_16sc_to_12sc/curr_word_reg[38]/G is not reached by a timing clock
Related violations: <none>

TIMING-20#33 Warning
Non-clocked latch  
The latch b200_core/radio_0/convert_16sc_to_xxxx/convert_16sc_to_12sc/curr_word_reg[39] cannot be properly analyzed as its control pin b200_core/radio_0/convert_16sc_to_xxxx/convert_16sc_to_12sc/curr_word_reg[39]/G is not reached by a timing clock
Related violations: <none>

TIMING-20#34 Warning
Non-clocked latch  
The latch b200_core/radio_0/convert_16sc_to_xxxx/convert_16sc_to_12sc/curr_word_reg[3] cannot be properly analyzed as its control pin b200_core/radio_0/convert_16sc_to_xxxx/convert_16sc_to_12sc/curr_word_reg[3]/G is not reached by a timing clock
Related violations: <none>

TIMING-20#35 Warning
Non-clocked latch  
The latch b200_core/radio_0/convert_16sc_to_xxxx/convert_16sc_to_12sc/curr_word_reg[40] cannot be properly analyzed as its control pin b200_core/radio_0/convert_16sc_to_xxxx/convert_16sc_to_12sc/curr_word_reg[40]/G is not reached by a timing clock
Related violations: <none>

TIMING-20#36 Warning
Non-clocked latch  
The latch b200_core/radio_0/convert_16sc_to_xxxx/convert_16sc_to_12sc/curr_word_reg[41] cannot be properly analyzed as its control pin b200_core/radio_0/convert_16sc_to_xxxx/convert_16sc_to_12sc/curr_word_reg[41]/G is not reached by a timing clock
Related violations: <none>

TIMING-20#37 Warning
Non-clocked latch  
The latch b200_core/radio_0/convert_16sc_to_xxxx/convert_16sc_to_12sc/curr_word_reg[42] cannot be properly analyzed as its control pin b200_core/radio_0/convert_16sc_to_xxxx/convert_16sc_to_12sc/curr_word_reg[42]/G is not reached by a timing clock
Related violations: <none>

TIMING-20#38 Warning
Non-clocked latch  
The latch b200_core/radio_0/convert_16sc_to_xxxx/convert_16sc_to_12sc/curr_word_reg[43] cannot be properly analyzed as its control pin b200_core/radio_0/convert_16sc_to_xxxx/convert_16sc_to_12sc/curr_word_reg[43]/G is not reached by a timing clock
Related violations: <none>

TIMING-20#39 Warning
Non-clocked latch  
The latch b200_core/radio_0/convert_16sc_to_xxxx/convert_16sc_to_12sc/curr_word_reg[44] cannot be properly analyzed as its control pin b200_core/radio_0/convert_16sc_to_xxxx/convert_16sc_to_12sc/curr_word_reg[44]/G is not reached by a timing clock
Related violations: <none>

TIMING-20#40 Warning
Non-clocked latch  
The latch b200_core/radio_0/convert_16sc_to_xxxx/convert_16sc_to_12sc/curr_word_reg[45] cannot be properly analyzed as its control pin b200_core/radio_0/convert_16sc_to_xxxx/convert_16sc_to_12sc/curr_word_reg[45]/G is not reached by a timing clock
Related violations: <none>

TIMING-20#41 Warning
Non-clocked latch  
The latch b200_core/radio_0/convert_16sc_to_xxxx/convert_16sc_to_12sc/curr_word_reg[46] cannot be properly analyzed as its control pin b200_core/radio_0/convert_16sc_to_xxxx/convert_16sc_to_12sc/curr_word_reg[46]/G is not reached by a timing clock
Related violations: <none>

TIMING-20#42 Warning
Non-clocked latch  
The latch b200_core/radio_0/convert_16sc_to_xxxx/convert_16sc_to_12sc/curr_word_reg[47] cannot be properly analyzed as its control pin b200_core/radio_0/convert_16sc_to_xxxx/convert_16sc_to_12sc/curr_word_reg[47]/G is not reached by a timing clock
Related violations: <none>

TIMING-20#43 Warning
Non-clocked latch  
The latch b200_core/radio_0/convert_16sc_to_xxxx/convert_16sc_to_12sc/curr_word_reg[48] cannot be properly analyzed as its control pin b200_core/radio_0/convert_16sc_to_xxxx/convert_16sc_to_12sc/curr_word_reg[48]/G is not reached by a timing clock
Related violations: <none>

TIMING-20#44 Warning
Non-clocked latch  
The latch b200_core/radio_0/convert_16sc_to_xxxx/convert_16sc_to_12sc/curr_word_reg[49] cannot be properly analyzed as its control pin b200_core/radio_0/convert_16sc_to_xxxx/convert_16sc_to_12sc/curr_word_reg[49]/G is not reached by a timing clock
Related violations: <none>

TIMING-20#45 Warning
Non-clocked latch  
The latch b200_core/radio_0/convert_16sc_to_xxxx/convert_16sc_to_12sc/curr_word_reg[4] cannot be properly analyzed as its control pin b200_core/radio_0/convert_16sc_to_xxxx/convert_16sc_to_12sc/curr_word_reg[4]/G is not reached by a timing clock
Related violations: <none>

TIMING-20#46 Warning
Non-clocked latch  
The latch b200_core/radio_0/convert_16sc_to_xxxx/convert_16sc_to_12sc/curr_word_reg[50] cannot be properly analyzed as its control pin b200_core/radio_0/convert_16sc_to_xxxx/convert_16sc_to_12sc/curr_word_reg[50]/G is not reached by a timing clock
Related violations: <none>

TIMING-20#47 Warning
Non-clocked latch  
The latch b200_core/radio_0/convert_16sc_to_xxxx/convert_16sc_to_12sc/curr_word_reg[51] cannot be properly analyzed as its control pin b200_core/radio_0/convert_16sc_to_xxxx/convert_16sc_to_12sc/curr_word_reg[51]/G is not reached by a timing clock
Related violations: <none>

TIMING-20#48 Warning
Non-clocked latch  
The latch b200_core/radio_0/convert_16sc_to_xxxx/convert_16sc_to_12sc/curr_word_reg[52] cannot be properly analyzed as its control pin b200_core/radio_0/convert_16sc_to_xxxx/convert_16sc_to_12sc/curr_word_reg[52]/G is not reached by a timing clock
Related violations: <none>

TIMING-20#49 Warning
Non-clocked latch  
The latch b200_core/radio_0/convert_16sc_to_xxxx/convert_16sc_to_12sc/curr_word_reg[53] cannot be properly analyzed as its control pin b200_core/radio_0/convert_16sc_to_xxxx/convert_16sc_to_12sc/curr_word_reg[53]/G is not reached by a timing clock
Related violations: <none>

TIMING-20#50 Warning
Non-clocked latch  
The latch b200_core/radio_0/convert_16sc_to_xxxx/convert_16sc_to_12sc/curr_word_reg[54] cannot be properly analyzed as its control pin b200_core/radio_0/convert_16sc_to_xxxx/convert_16sc_to_12sc/curr_word_reg[54]/G is not reached by a timing clock
Related violations: <none>

TIMING-20#51 Warning
Non-clocked latch  
The latch b200_core/radio_0/convert_16sc_to_xxxx/convert_16sc_to_12sc/curr_word_reg[55] cannot be properly analyzed as its control pin b200_core/radio_0/convert_16sc_to_xxxx/convert_16sc_to_12sc/curr_word_reg[55]/G is not reached by a timing clock
Related violations: <none>

TIMING-20#52 Warning
Non-clocked latch  
The latch b200_core/radio_0/convert_16sc_to_xxxx/convert_16sc_to_12sc/curr_word_reg[56] cannot be properly analyzed as its control pin b200_core/radio_0/convert_16sc_to_xxxx/convert_16sc_to_12sc/curr_word_reg[56]/G is not reached by a timing clock
Related violations: <none>

TIMING-20#53 Warning
Non-clocked latch  
The latch b200_core/radio_0/convert_16sc_to_xxxx/convert_16sc_to_12sc/curr_word_reg[57] cannot be properly analyzed as its control pin b200_core/radio_0/convert_16sc_to_xxxx/convert_16sc_to_12sc/curr_word_reg[57]/G is not reached by a timing clock
Related violations: <none>

TIMING-20#54 Warning
Non-clocked latch  
The latch b200_core/radio_0/convert_16sc_to_xxxx/convert_16sc_to_12sc/curr_word_reg[58] cannot be properly analyzed as its control pin b200_core/radio_0/convert_16sc_to_xxxx/convert_16sc_to_12sc/curr_word_reg[58]/G is not reached by a timing clock
Related violations: <none>

TIMING-20#55 Warning
Non-clocked latch  
The latch b200_core/radio_0/convert_16sc_to_xxxx/convert_16sc_to_12sc/curr_word_reg[59] cannot be properly analyzed as its control pin b200_core/radio_0/convert_16sc_to_xxxx/convert_16sc_to_12sc/curr_word_reg[59]/G is not reached by a timing clock
Related violations: <none>

TIMING-20#56 Warning
Non-clocked latch  
The latch b200_core/radio_0/convert_16sc_to_xxxx/convert_16sc_to_12sc/curr_word_reg[5] cannot be properly analyzed as its control pin b200_core/radio_0/convert_16sc_to_xxxx/convert_16sc_to_12sc/curr_word_reg[5]/G is not reached by a timing clock
Related violations: <none>

TIMING-20#57 Warning
Non-clocked latch  
The latch b200_core/radio_0/convert_16sc_to_xxxx/convert_16sc_to_12sc/curr_word_reg[60] cannot be properly analyzed as its control pin b200_core/radio_0/convert_16sc_to_xxxx/convert_16sc_to_12sc/curr_word_reg[60]/G is not reached by a timing clock
Related violations: <none>

TIMING-20#58 Warning
Non-clocked latch  
The latch b200_core/radio_0/convert_16sc_to_xxxx/convert_16sc_to_12sc/curr_word_reg[61] cannot be properly analyzed as its control pin b200_core/radio_0/convert_16sc_to_xxxx/convert_16sc_to_12sc/curr_word_reg[61]/G is not reached by a timing clock
Related violations: <none>

TIMING-20#59 Warning
Non-clocked latch  
The latch b200_core/radio_0/convert_16sc_to_xxxx/convert_16sc_to_12sc/curr_word_reg[62] cannot be properly analyzed as its control pin b200_core/radio_0/convert_16sc_to_xxxx/convert_16sc_to_12sc/curr_word_reg[62]/G is not reached by a timing clock
Related violations: <none>

TIMING-20#60 Warning
Non-clocked latch  
The latch b200_core/radio_0/convert_16sc_to_xxxx/convert_16sc_to_12sc/curr_word_reg[63] cannot be properly analyzed as its control pin b200_core/radio_0/convert_16sc_to_xxxx/convert_16sc_to_12sc/curr_word_reg[63]/G is not reached by a timing clock
Related violations: <none>

TIMING-20#61 Warning
Non-clocked latch  
The latch b200_core/radio_0/convert_16sc_to_xxxx/convert_16sc_to_12sc/curr_word_reg[6] cannot be properly analyzed as its control pin b200_core/radio_0/convert_16sc_to_xxxx/convert_16sc_to_12sc/curr_word_reg[6]/G is not reached by a timing clock
Related violations: <none>

TIMING-20#62 Warning
Non-clocked latch  
The latch b200_core/radio_0/convert_16sc_to_xxxx/convert_16sc_to_12sc/curr_word_reg[7] cannot be properly analyzed as its control pin b200_core/radio_0/convert_16sc_to_xxxx/convert_16sc_to_12sc/curr_word_reg[7]/G is not reached by a timing clock
Related violations: <none>

TIMING-20#63 Warning
Non-clocked latch  
The latch b200_core/radio_0/convert_16sc_to_xxxx/convert_16sc_to_12sc/curr_word_reg[8] cannot be properly analyzed as its control pin b200_core/radio_0/convert_16sc_to_xxxx/convert_16sc_to_12sc/curr_word_reg[8]/G is not reached by a timing clock
Related violations: <none>

TIMING-20#64 Warning
Non-clocked latch  
The latch b200_core/radio_0/convert_16sc_to_xxxx/convert_16sc_to_12sc/curr_word_reg[9] cannot be properly analyzed as its control pin b200_core/radio_0/convert_16sc_to_xxxx/convert_16sc_to_12sc/curr_word_reg[9]/G is not reached by a timing clock
Related violations: <none>

TIMING-20#65 Warning
Non-clocked latch  
The latch b200_core/radio_1/convert_16sc_to_xxxx/convert_16sc_to_12sc/curr_word_reg[0] cannot be properly analyzed as its control pin b200_core/radio_1/convert_16sc_to_xxxx/convert_16sc_to_12sc/curr_word_reg[0]/G is not reached by a timing clock
Related violations: <none>

TIMING-20#66 Warning
Non-clocked latch  
The latch b200_core/radio_1/convert_16sc_to_xxxx/convert_16sc_to_12sc/curr_word_reg[10] cannot be properly analyzed as its control pin b200_core/radio_1/convert_16sc_to_xxxx/convert_16sc_to_12sc/curr_word_reg[10]/G is not reached by a timing clock
Related violations: <none>

TIMING-20#67 Warning
Non-clocked latch  
The latch b200_core/radio_1/convert_16sc_to_xxxx/convert_16sc_to_12sc/curr_word_reg[11] cannot be properly analyzed as its control pin b200_core/radio_1/convert_16sc_to_xxxx/convert_16sc_to_12sc/curr_word_reg[11]/G is not reached by a timing clock
Related violations: <none>

TIMING-20#68 Warning
Non-clocked latch  
The latch b200_core/radio_1/convert_16sc_to_xxxx/convert_16sc_to_12sc/curr_word_reg[12] cannot be properly analyzed as its control pin b200_core/radio_1/convert_16sc_to_xxxx/convert_16sc_to_12sc/curr_word_reg[12]/G is not reached by a timing clock
Related violations: <none>

TIMING-20#69 Warning
Non-clocked latch  
The latch b200_core/radio_1/convert_16sc_to_xxxx/convert_16sc_to_12sc/curr_word_reg[13] cannot be properly analyzed as its control pin b200_core/radio_1/convert_16sc_to_xxxx/convert_16sc_to_12sc/curr_word_reg[13]/G is not reached by a timing clock
Related violations: <none>

TIMING-20#70 Warning
Non-clocked latch  
The latch b200_core/radio_1/convert_16sc_to_xxxx/convert_16sc_to_12sc/curr_word_reg[14] cannot be properly analyzed as its control pin b200_core/radio_1/convert_16sc_to_xxxx/convert_16sc_to_12sc/curr_word_reg[14]/G is not reached by a timing clock
Related violations: <none>

TIMING-20#71 Warning
Non-clocked latch  
The latch b200_core/radio_1/convert_16sc_to_xxxx/convert_16sc_to_12sc/curr_word_reg[15] cannot be properly analyzed as its control pin b200_core/radio_1/convert_16sc_to_xxxx/convert_16sc_to_12sc/curr_word_reg[15]/G is not reached by a timing clock
Related violations: <none>

TIMING-20#72 Warning
Non-clocked latch  
The latch b200_core/radio_1/convert_16sc_to_xxxx/convert_16sc_to_12sc/curr_word_reg[16] cannot be properly analyzed as its control pin b200_core/radio_1/convert_16sc_to_xxxx/convert_16sc_to_12sc/curr_word_reg[16]/G is not reached by a timing clock
Related violations: <none>

TIMING-20#73 Warning
Non-clocked latch  
The latch b200_core/radio_1/convert_16sc_to_xxxx/convert_16sc_to_12sc/curr_word_reg[17] cannot be properly analyzed as its control pin b200_core/radio_1/convert_16sc_to_xxxx/convert_16sc_to_12sc/curr_word_reg[17]/G is not reached by a timing clock
Related violations: <none>

TIMING-20#74 Warning
Non-clocked latch  
The latch b200_core/radio_1/convert_16sc_to_xxxx/convert_16sc_to_12sc/curr_word_reg[18] cannot be properly analyzed as its control pin b200_core/radio_1/convert_16sc_to_xxxx/convert_16sc_to_12sc/curr_word_reg[18]/G is not reached by a timing clock
Related violations: <none>

TIMING-20#75 Warning
Non-clocked latch  
The latch b200_core/radio_1/convert_16sc_to_xxxx/convert_16sc_to_12sc/curr_word_reg[19] cannot be properly analyzed as its control pin b200_core/radio_1/convert_16sc_to_xxxx/convert_16sc_to_12sc/curr_word_reg[19]/G is not reached by a timing clock
Related violations: <none>

TIMING-20#76 Warning
Non-clocked latch  
The latch b200_core/radio_1/convert_16sc_to_xxxx/convert_16sc_to_12sc/curr_word_reg[1] cannot be properly analyzed as its control pin b200_core/radio_1/convert_16sc_to_xxxx/convert_16sc_to_12sc/curr_word_reg[1]/G is not reached by a timing clock
Related violations: <none>

TIMING-20#77 Warning
Non-clocked latch  
The latch b200_core/radio_1/convert_16sc_to_xxxx/convert_16sc_to_12sc/curr_word_reg[20] cannot be properly analyzed as its control pin b200_core/radio_1/convert_16sc_to_xxxx/convert_16sc_to_12sc/curr_word_reg[20]/G is not reached by a timing clock
Related violations: <none>

TIMING-20#78 Warning
Non-clocked latch  
The latch b200_core/radio_1/convert_16sc_to_xxxx/convert_16sc_to_12sc/curr_word_reg[21] cannot be properly analyzed as its control pin b200_core/radio_1/convert_16sc_to_xxxx/convert_16sc_to_12sc/curr_word_reg[21]/G is not reached by a timing clock
Related violations: <none>

TIMING-20#79 Warning
Non-clocked latch  
The latch b200_core/radio_1/convert_16sc_to_xxxx/convert_16sc_to_12sc/curr_word_reg[22] cannot be properly analyzed as its control pin b200_core/radio_1/convert_16sc_to_xxxx/convert_16sc_to_12sc/curr_word_reg[22]/G is not reached by a timing clock
Related violations: <none>

TIMING-20#80 Warning
Non-clocked latch  
The latch b200_core/radio_1/convert_16sc_to_xxxx/convert_16sc_to_12sc/curr_word_reg[23] cannot be properly analyzed as its control pin b200_core/radio_1/convert_16sc_to_xxxx/convert_16sc_to_12sc/curr_word_reg[23]/G is not reached by a timing clock
Related violations: <none>

TIMING-20#81 Warning
Non-clocked latch  
The latch b200_core/radio_1/convert_16sc_to_xxxx/convert_16sc_to_12sc/curr_word_reg[24] cannot be properly analyzed as its control pin b200_core/radio_1/convert_16sc_to_xxxx/convert_16sc_to_12sc/curr_word_reg[24]/G is not reached by a timing clock
Related violations: <none>

TIMING-20#82 Warning
Non-clocked latch  
The latch b200_core/radio_1/convert_16sc_to_xxxx/convert_16sc_to_12sc/curr_word_reg[25] cannot be properly analyzed as its control pin b200_core/radio_1/convert_16sc_to_xxxx/convert_16sc_to_12sc/curr_word_reg[25]/G is not reached by a timing clock
Related violations: <none>

TIMING-20#83 Warning
Non-clocked latch  
The latch b200_core/radio_1/convert_16sc_to_xxxx/convert_16sc_to_12sc/curr_word_reg[26] cannot be properly analyzed as its control pin b200_core/radio_1/convert_16sc_to_xxxx/convert_16sc_to_12sc/curr_word_reg[26]/G is not reached by a timing clock
Related violations: <none>

TIMING-20#84 Warning
Non-clocked latch  
The latch b200_core/radio_1/convert_16sc_to_xxxx/convert_16sc_to_12sc/curr_word_reg[27] cannot be properly analyzed as its control pin b200_core/radio_1/convert_16sc_to_xxxx/convert_16sc_to_12sc/curr_word_reg[27]/G is not reached by a timing clock
Related violations: <none>

TIMING-20#85 Warning
Non-clocked latch  
The latch b200_core/radio_1/convert_16sc_to_xxxx/convert_16sc_to_12sc/curr_word_reg[28] cannot be properly analyzed as its control pin b200_core/radio_1/convert_16sc_to_xxxx/convert_16sc_to_12sc/curr_word_reg[28]/G is not reached by a timing clock
Related violations: <none>

TIMING-20#86 Warning
Non-clocked latch  
The latch b200_core/radio_1/convert_16sc_to_xxxx/convert_16sc_to_12sc/curr_word_reg[29] cannot be properly analyzed as its control pin b200_core/radio_1/convert_16sc_to_xxxx/convert_16sc_to_12sc/curr_word_reg[29]/G is not reached by a timing clock
Related violations: <none>

TIMING-20#87 Warning
Non-clocked latch  
The latch b200_core/radio_1/convert_16sc_to_xxxx/convert_16sc_to_12sc/curr_word_reg[2] cannot be properly analyzed as its control pin b200_core/radio_1/convert_16sc_to_xxxx/convert_16sc_to_12sc/curr_word_reg[2]/G is not reached by a timing clock
Related violations: <none>

TIMING-20#88 Warning
Non-clocked latch  
The latch b200_core/radio_1/convert_16sc_to_xxxx/convert_16sc_to_12sc/curr_word_reg[30] cannot be properly analyzed as its control pin b200_core/radio_1/convert_16sc_to_xxxx/convert_16sc_to_12sc/curr_word_reg[30]/G is not reached by a timing clock
Related violations: <none>

TIMING-20#89 Warning
Non-clocked latch  
The latch b200_core/radio_1/convert_16sc_to_xxxx/convert_16sc_to_12sc/curr_word_reg[31] cannot be properly analyzed as its control pin b200_core/radio_1/convert_16sc_to_xxxx/convert_16sc_to_12sc/curr_word_reg[31]/G is not reached by a timing clock
Related violations: <none>

TIMING-20#90 Warning
Non-clocked latch  
The latch b200_core/radio_1/convert_16sc_to_xxxx/convert_16sc_to_12sc/curr_word_reg[32] cannot be properly analyzed as its control pin b200_core/radio_1/convert_16sc_to_xxxx/convert_16sc_to_12sc/curr_word_reg[32]/G is not reached by a timing clock
Related violations: <none>

TIMING-20#91 Warning
Non-clocked latch  
The latch b200_core/radio_1/convert_16sc_to_xxxx/convert_16sc_to_12sc/curr_word_reg[33] cannot be properly analyzed as its control pin b200_core/radio_1/convert_16sc_to_xxxx/convert_16sc_to_12sc/curr_word_reg[33]/G is not reached by a timing clock
Related violations: <none>

TIMING-20#92 Warning
Non-clocked latch  
The latch b200_core/radio_1/convert_16sc_to_xxxx/convert_16sc_to_12sc/curr_word_reg[34] cannot be properly analyzed as its control pin b200_core/radio_1/convert_16sc_to_xxxx/convert_16sc_to_12sc/curr_word_reg[34]/G is not reached by a timing clock
Related violations: <none>

TIMING-20#93 Warning
Non-clocked latch  
The latch b200_core/radio_1/convert_16sc_to_xxxx/convert_16sc_to_12sc/curr_word_reg[35] cannot be properly analyzed as its control pin b200_core/radio_1/convert_16sc_to_xxxx/convert_16sc_to_12sc/curr_word_reg[35]/G is not reached by a timing clock
Related violations: <none>

TIMING-20#94 Warning
Non-clocked latch  
The latch b200_core/radio_1/convert_16sc_to_xxxx/convert_16sc_to_12sc/curr_word_reg[36] cannot be properly analyzed as its control pin b200_core/radio_1/convert_16sc_to_xxxx/convert_16sc_to_12sc/curr_word_reg[36]/G is not reached by a timing clock
Related violations: <none>

TIMING-20#95 Warning
Non-clocked latch  
The latch b200_core/radio_1/convert_16sc_to_xxxx/convert_16sc_to_12sc/curr_word_reg[37] cannot be properly analyzed as its control pin b200_core/radio_1/convert_16sc_to_xxxx/convert_16sc_to_12sc/curr_word_reg[37]/G is not reached by a timing clock
Related violations: <none>

TIMING-20#96 Warning
Non-clocked latch  
The latch b200_core/radio_1/convert_16sc_to_xxxx/convert_16sc_to_12sc/curr_word_reg[38] cannot be properly analyzed as its control pin b200_core/radio_1/convert_16sc_to_xxxx/convert_16sc_to_12sc/curr_word_reg[38]/G is not reached by a timing clock
Related violations: <none>

TIMING-20#97 Warning
Non-clocked latch  
The latch b200_core/radio_1/convert_16sc_to_xxxx/convert_16sc_to_12sc/curr_word_reg[39] cannot be properly analyzed as its control pin b200_core/radio_1/convert_16sc_to_xxxx/convert_16sc_to_12sc/curr_word_reg[39]/G is not reached by a timing clock
Related violations: <none>

TIMING-20#98 Warning
Non-clocked latch  
The latch b200_core/radio_1/convert_16sc_to_xxxx/convert_16sc_to_12sc/curr_word_reg[3] cannot be properly analyzed as its control pin b200_core/radio_1/convert_16sc_to_xxxx/convert_16sc_to_12sc/curr_word_reg[3]/G is not reached by a timing clock
Related violations: <none>

TIMING-20#99 Warning
Non-clocked latch  
The latch b200_core/radio_1/convert_16sc_to_xxxx/convert_16sc_to_12sc/curr_word_reg[40] cannot be properly analyzed as its control pin b200_core/radio_1/convert_16sc_to_xxxx/convert_16sc_to_12sc/curr_word_reg[40]/G is not reached by a timing clock
Related violations: <none>

TIMING-20#100 Warning
Non-clocked latch  
The latch b200_core/radio_1/convert_16sc_to_xxxx/convert_16sc_to_12sc/curr_word_reg[41] cannot be properly analyzed as its control pin b200_core/radio_1/convert_16sc_to_xxxx/convert_16sc_to_12sc/curr_word_reg[41]/G is not reached by a timing clock
Related violations: <none>

TIMING-20#101 Warning
Non-clocked latch  
The latch b200_core/radio_1/convert_16sc_to_xxxx/convert_16sc_to_12sc/curr_word_reg[42] cannot be properly analyzed as its control pin b200_core/radio_1/convert_16sc_to_xxxx/convert_16sc_to_12sc/curr_word_reg[42]/G is not reached by a timing clock
Related violations: <none>

TIMING-20#102 Warning
Non-clocked latch  
The latch b200_core/radio_1/convert_16sc_to_xxxx/convert_16sc_to_12sc/curr_word_reg[43] cannot be properly analyzed as its control pin b200_core/radio_1/convert_16sc_to_xxxx/convert_16sc_to_12sc/curr_word_reg[43]/G is not reached by a timing clock
Related violations: <none>

TIMING-20#103 Warning
Non-clocked latch  
The latch b200_core/radio_1/convert_16sc_to_xxxx/convert_16sc_to_12sc/curr_word_reg[44] cannot be properly analyzed as its control pin b200_core/radio_1/convert_16sc_to_xxxx/convert_16sc_to_12sc/curr_word_reg[44]/G is not reached by a timing clock
Related violations: <none>

TIMING-20#104 Warning
Non-clocked latch  
The latch b200_core/radio_1/convert_16sc_to_xxxx/convert_16sc_to_12sc/curr_word_reg[45] cannot be properly analyzed as its control pin b200_core/radio_1/convert_16sc_to_xxxx/convert_16sc_to_12sc/curr_word_reg[45]/G is not reached by a timing clock
Related violations: <none>

TIMING-20#105 Warning
Non-clocked latch  
The latch b200_core/radio_1/convert_16sc_to_xxxx/convert_16sc_to_12sc/curr_word_reg[46] cannot be properly analyzed as its control pin b200_core/radio_1/convert_16sc_to_xxxx/convert_16sc_to_12sc/curr_word_reg[46]/G is not reached by a timing clock
Related violations: <none>

TIMING-20#106 Warning
Non-clocked latch  
The latch b200_core/radio_1/convert_16sc_to_xxxx/convert_16sc_to_12sc/curr_word_reg[47] cannot be properly analyzed as its control pin b200_core/radio_1/convert_16sc_to_xxxx/convert_16sc_to_12sc/curr_word_reg[47]/G is not reached by a timing clock
Related violations: <none>

TIMING-20#107 Warning
Non-clocked latch  
The latch b200_core/radio_1/convert_16sc_to_xxxx/convert_16sc_to_12sc/curr_word_reg[48] cannot be properly analyzed as its control pin b200_core/radio_1/convert_16sc_to_xxxx/convert_16sc_to_12sc/curr_word_reg[48]/G is not reached by a timing clock
Related violations: <none>

TIMING-20#108 Warning
Non-clocked latch  
The latch b200_core/radio_1/convert_16sc_to_xxxx/convert_16sc_to_12sc/curr_word_reg[49] cannot be properly analyzed as its control pin b200_core/radio_1/convert_16sc_to_xxxx/convert_16sc_to_12sc/curr_word_reg[49]/G is not reached by a timing clock
Related violations: <none>

TIMING-20#109 Warning
Non-clocked latch  
The latch b200_core/radio_1/convert_16sc_to_xxxx/convert_16sc_to_12sc/curr_word_reg[4] cannot be properly analyzed as its control pin b200_core/radio_1/convert_16sc_to_xxxx/convert_16sc_to_12sc/curr_word_reg[4]/G is not reached by a timing clock
Related violations: <none>

TIMING-20#110 Warning
Non-clocked latch  
The latch b200_core/radio_1/convert_16sc_to_xxxx/convert_16sc_to_12sc/curr_word_reg[50] cannot be properly analyzed as its control pin b200_core/radio_1/convert_16sc_to_xxxx/convert_16sc_to_12sc/curr_word_reg[50]/G is not reached by a timing clock
Related violations: <none>

TIMING-20#111 Warning
Non-clocked latch  
The latch b200_core/radio_1/convert_16sc_to_xxxx/convert_16sc_to_12sc/curr_word_reg[51] cannot be properly analyzed as its control pin b200_core/radio_1/convert_16sc_to_xxxx/convert_16sc_to_12sc/curr_word_reg[51]/G is not reached by a timing clock
Related violations: <none>

TIMING-20#112 Warning
Non-clocked latch  
The latch b200_core/radio_1/convert_16sc_to_xxxx/convert_16sc_to_12sc/curr_word_reg[52] cannot be properly analyzed as its control pin b200_core/radio_1/convert_16sc_to_xxxx/convert_16sc_to_12sc/curr_word_reg[52]/G is not reached by a timing clock
Related violations: <none>

TIMING-20#113 Warning
Non-clocked latch  
The latch b200_core/radio_1/convert_16sc_to_xxxx/convert_16sc_to_12sc/curr_word_reg[53] cannot be properly analyzed as its control pin b200_core/radio_1/convert_16sc_to_xxxx/convert_16sc_to_12sc/curr_word_reg[53]/G is not reached by a timing clock
Related violations: <none>

TIMING-20#114 Warning
Non-clocked latch  
The latch b200_core/radio_1/convert_16sc_to_xxxx/convert_16sc_to_12sc/curr_word_reg[54] cannot be properly analyzed as its control pin b200_core/radio_1/convert_16sc_to_xxxx/convert_16sc_to_12sc/curr_word_reg[54]/G is not reached by a timing clock
Related violations: <none>

TIMING-20#115 Warning
Non-clocked latch  
The latch b200_core/radio_1/convert_16sc_to_xxxx/convert_16sc_to_12sc/curr_word_reg[55] cannot be properly analyzed as its control pin b200_core/radio_1/convert_16sc_to_xxxx/convert_16sc_to_12sc/curr_word_reg[55]/G is not reached by a timing clock
Related violations: <none>

TIMING-20#116 Warning
Non-clocked latch  
The latch b200_core/radio_1/convert_16sc_to_xxxx/convert_16sc_to_12sc/curr_word_reg[56] cannot be properly analyzed as its control pin b200_core/radio_1/convert_16sc_to_xxxx/convert_16sc_to_12sc/curr_word_reg[56]/G is not reached by a timing clock
Related violations: <none>

TIMING-20#117 Warning
Non-clocked latch  
The latch b200_core/radio_1/convert_16sc_to_xxxx/convert_16sc_to_12sc/curr_word_reg[57] cannot be properly analyzed as its control pin b200_core/radio_1/convert_16sc_to_xxxx/convert_16sc_to_12sc/curr_word_reg[57]/G is not reached by a timing clock
Related violations: <none>

TIMING-20#118 Warning
Non-clocked latch  
The latch b200_core/radio_1/convert_16sc_to_xxxx/convert_16sc_to_12sc/curr_word_reg[58] cannot be properly analyzed as its control pin b200_core/radio_1/convert_16sc_to_xxxx/convert_16sc_to_12sc/curr_word_reg[58]/G is not reached by a timing clock
Related violations: <none>

TIMING-20#119 Warning
Non-clocked latch  
The latch b200_core/radio_1/convert_16sc_to_xxxx/convert_16sc_to_12sc/curr_word_reg[59] cannot be properly analyzed as its control pin b200_core/radio_1/convert_16sc_to_xxxx/convert_16sc_to_12sc/curr_word_reg[59]/G is not reached by a timing clock
Related violations: <none>

TIMING-20#120 Warning
Non-clocked latch  
The latch b200_core/radio_1/convert_16sc_to_xxxx/convert_16sc_to_12sc/curr_word_reg[5] cannot be properly analyzed as its control pin b200_core/radio_1/convert_16sc_to_xxxx/convert_16sc_to_12sc/curr_word_reg[5]/G is not reached by a timing clock
Related violations: <none>

TIMING-20#121 Warning
Non-clocked latch  
The latch b200_core/radio_1/convert_16sc_to_xxxx/convert_16sc_to_12sc/curr_word_reg[60] cannot be properly analyzed as its control pin b200_core/radio_1/convert_16sc_to_xxxx/convert_16sc_to_12sc/curr_word_reg[60]/G is not reached by a timing clock
Related violations: <none>

TIMING-20#122 Warning
Non-clocked latch  
The latch b200_core/radio_1/convert_16sc_to_xxxx/convert_16sc_to_12sc/curr_word_reg[61] cannot be properly analyzed as its control pin b200_core/radio_1/convert_16sc_to_xxxx/convert_16sc_to_12sc/curr_word_reg[61]/G is not reached by a timing clock
Related violations: <none>

TIMING-20#123 Warning
Non-clocked latch  
The latch b200_core/radio_1/convert_16sc_to_xxxx/convert_16sc_to_12sc/curr_word_reg[62] cannot be properly analyzed as its control pin b200_core/radio_1/convert_16sc_to_xxxx/convert_16sc_to_12sc/curr_word_reg[62]/G is not reached by a timing clock
Related violations: <none>

TIMING-20#124 Warning
Non-clocked latch  
The latch b200_core/radio_1/convert_16sc_to_xxxx/convert_16sc_to_12sc/curr_word_reg[63] cannot be properly analyzed as its control pin b200_core/radio_1/convert_16sc_to_xxxx/convert_16sc_to_12sc/curr_word_reg[63]/G is not reached by a timing clock
Related violations: <none>

TIMING-20#125 Warning
Non-clocked latch  
The latch b200_core/radio_1/convert_16sc_to_xxxx/convert_16sc_to_12sc/curr_word_reg[6] cannot be properly analyzed as its control pin b200_core/radio_1/convert_16sc_to_xxxx/convert_16sc_to_12sc/curr_word_reg[6]/G is not reached by a timing clock
Related violations: <none>

TIMING-20#126 Warning
Non-clocked latch  
The latch b200_core/radio_1/convert_16sc_to_xxxx/convert_16sc_to_12sc/curr_word_reg[7] cannot be properly analyzed as its control pin b200_core/radio_1/convert_16sc_to_xxxx/convert_16sc_to_12sc/curr_word_reg[7]/G is not reached by a timing clock
Related violations: <none>

TIMING-20#127 Warning
Non-clocked latch  
The latch b200_core/radio_1/convert_16sc_to_xxxx/convert_16sc_to_12sc/curr_word_reg[8] cannot be properly analyzed as its control pin b200_core/radio_1/convert_16sc_to_xxxx/convert_16sc_to_12sc/curr_word_reg[8]/G is not reached by a timing clock
Related violations: <none>

TIMING-20#128 Warning
Non-clocked latch  
The latch b200_core/radio_1/convert_16sc_to_xxxx/convert_16sc_to_12sc/curr_word_reg[9] cannot be properly analyzed as its control pin b200_core/radio_1/convert_16sc_to_xxxx/convert_16sc_to_12sc/curr_word_reg[9]/G is not reached by a timing clock
Related violations: <none>

TIMING-24#1 Warning
Overridden Max delay datapath only  
An asynchronous set_clock_groups or a set_false path (see constraint position 4 in the Timing Constraints window in Vivado IDE) between clocks CAT_DCLK_P and clk_out2_100_bus_gen_clks overrides a set_max_delay -datapath_only (position 43). It is not recommended to override a set_max_delay -datapath_only constraint. Replace the set_clock_groups or set_false_path between clocks with point-to-point set_false_path constraints
Related violations: <none>

TIMING-24#2 Warning
Overridden Max delay datapath only  
An asynchronous set_clock_groups or a set_false path (see constraint position 4 in the Timing Constraints window in Vivado IDE) between clocks CAT_DCLK_P and clk_out2_100_bus_gen_clks overrides a set_max_delay -datapath_only (position 47). It is not recommended to override a set_max_delay -datapath_only constraint. Replace the set_clock_groups or set_false_path between clocks with point-to-point set_false_path constraints
Related violations: <none>

TIMING-24#3 Warning
Overridden Max delay datapath only  
An asynchronous set_clock_groups or a set_false path (see constraint position 4 in the Timing Constraints window in Vivado IDE) between clocks CAT_DCLK_P and clk_out2_100_bus_gen_clks overrides a set_max_delay -datapath_only (position 49). It is not recommended to override a set_max_delay -datapath_only constraint. Replace the set_clock_groups or set_false_path between clocks with point-to-point set_false_path constraints
Related violations: <none>

TIMING-24#4 Warning
Overridden Max delay datapath only  
An asynchronous set_clock_groups or a set_false path (see constraint position 4 in the Timing Constraints window in Vivado IDE) between clocks CAT_DCLK_P and clk_out2_100_bus_gen_clks overrides a set_max_delay -datapath_only (position 53). It is not recommended to override a set_max_delay -datapath_only constraint. Replace the set_clock_groups or set_false_path between clocks with point-to-point set_false_path constraints
Related violations: <none>

TIMING-24#5 Warning
Overridden Max delay datapath only  
An asynchronous set_clock_groups or a set_false path (see constraint position 4 in the Timing Constraints window in Vivado IDE) between clocks CAT_DCLK_P and clk_out2_100_bus_gen_clks overrides a set_max_delay -datapath_only (position 57). It is not recommended to override a set_max_delay -datapath_only constraint. Replace the set_clock_groups or set_false_path between clocks with point-to-point set_false_path constraints
Related violations: <none>

TIMING-24#6 Warning
Overridden Max delay datapath only  
An asynchronous set_clock_groups or a set_false path (see constraint position 4 in the Timing Constraints window in Vivado IDE) between clocks CAT_DCLK_P and clk_out2_100_bus_gen_clks overrides a set_max_delay -datapath_only (position 63). It is not recommended to override a set_max_delay -datapath_only constraint. Replace the set_clock_groups or set_false_path between clocks with point-to-point set_false_path constraints
Related violations: <none>

TIMING-24#7 Warning
Overridden Max delay datapath only  
An asynchronous set_clock_groups or a set_false path (see constraint position 4 in the Timing Constraints window in Vivado IDE) between clocks CAT_DCLK_P and clk_out2_100_bus_gen_clks overrides a set_max_delay -datapath_only (position 71). It is not recommended to override a set_max_delay -datapath_only constraint. Replace the set_clock_groups or set_false_path between clocks with point-to-point set_false_path constraints
Related violations: <none>

TIMING-24#8 Warning
Overridden Max delay datapath only  
An asynchronous set_clock_groups or a set_false path (see constraint position 4 in the Timing Constraints window in Vivado IDE) between clocks CAT_DCLK_P and clk_out2_100_bus_gen_clks overrides a set_max_delay -datapath_only (position 73). It is not recommended to override a set_max_delay -datapath_only constraint. Replace the set_clock_groups or set_false_path between clocks with point-to-point set_false_path constraints
Related violations: <none>

TIMING-24#9 Warning
Overridden Max delay datapath only  
An asynchronous set_clock_groups or a set_false path (see constraint position 4 in the Timing Constraints window in Vivado IDE) between clocks CAT_DCLK_P and clk_out2_100_bus_gen_clks overrides a set_max_delay -datapath_only (position 77). It is not recommended to override a set_max_delay -datapath_only constraint. Replace the set_clock_groups or set_false_path between clocks with point-to-point set_false_path constraints
Related violations: <none>

TIMING-24#10 Warning
Overridden Max delay datapath only  
An asynchronous set_clock_groups or a set_false path (see constraint position 4 in the Timing Constraints window in Vivado IDE) between clocks CAT_DCLK_P and clk_out2_100_bus_gen_clks overrides a set_max_delay -datapath_only (position 79). It is not recommended to override a set_max_delay -datapath_only constraint. Replace the set_clock_groups or set_false_path between clocks with point-to-point set_false_path constraints
Related violations: <none>

TIMING-24#11 Warning
Overridden Max delay datapath only  
An asynchronous set_clock_groups or a set_false path (see constraint position 6 in the Timing Constraints window in Vivado IDE) between clocks clk_out2_100_bus_gen_clks and CAT_DCLK_P overrides a set_max_delay -datapath_only (position 41). It is not recommended to override a set_max_delay -datapath_only constraint. Replace the set_clock_groups or set_false_path between clocks with point-to-point set_false_path constraints
Related violations: <none>

TIMING-24#12 Warning
Overridden Max delay datapath only  
An asynchronous set_clock_groups or a set_false path (see constraint position 6 in the Timing Constraints window in Vivado IDE) between clocks clk_out2_100_bus_gen_clks and CAT_DCLK_P overrides a set_max_delay -datapath_only (position 45). It is not recommended to override a set_max_delay -datapath_only constraint. Replace the set_clock_groups or set_false_path between clocks with point-to-point set_false_path constraints
Related violations: <none>

TIMING-24#13 Warning
Overridden Max delay datapath only  
An asynchronous set_clock_groups or a set_false path (see constraint position 6 in the Timing Constraints window in Vivado IDE) between clocks clk_out2_100_bus_gen_clks and CAT_DCLK_P overrides a set_max_delay -datapath_only (position 51). It is not recommended to override a set_max_delay -datapath_only constraint. Replace the set_clock_groups or set_false_path between clocks with point-to-point set_false_path constraints
Related violations: <none>

TIMING-24#14 Warning
Overridden Max delay datapath only  
An asynchronous set_clock_groups or a set_false path (see constraint position 6 in the Timing Constraints window in Vivado IDE) between clocks clk_out2_100_bus_gen_clks and CAT_DCLK_P overrides a set_max_delay -datapath_only (position 55). It is not recommended to override a set_max_delay -datapath_only constraint. Replace the set_clock_groups or set_false_path between clocks with point-to-point set_false_path constraints
Related violations: <none>

TIMING-24#15 Warning
Overridden Max delay datapath only  
An asynchronous set_clock_groups or a set_false path (see constraint position 6 in the Timing Constraints window in Vivado IDE) between clocks clk_out2_100_bus_gen_clks and CAT_DCLK_P overrides a set_max_delay -datapath_only (position 59). It is not recommended to override a set_max_delay -datapath_only constraint. Replace the set_clock_groups or set_false_path between clocks with point-to-point set_false_path constraints
Related violations: <none>

TIMING-24#16 Warning
Overridden Max delay datapath only  
An asynchronous set_clock_groups or a set_false path (see constraint position 6 in the Timing Constraints window in Vivado IDE) between clocks clk_out2_100_bus_gen_clks and CAT_DCLK_P overrides a set_max_delay -datapath_only (position 61). It is not recommended to override a set_max_delay -datapath_only constraint. Replace the set_clock_groups or set_false_path between clocks with point-to-point set_false_path constraints
Related violations: <none>

TIMING-24#17 Warning
Overridden Max delay datapath only  
An asynchronous set_clock_groups or a set_false path (see constraint position 6 in the Timing Constraints window in Vivado IDE) between clocks clk_out2_100_bus_gen_clks and CAT_DCLK_P overrides a set_max_delay -datapath_only (position 65). It is not recommended to override a set_max_delay -datapath_only constraint. Replace the set_clock_groups or set_false_path between clocks with point-to-point set_false_path constraints
Related violations: <none>

TIMING-24#18 Warning
Overridden Max delay datapath only  
An asynchronous set_clock_groups or a set_false path (see constraint position 6 in the Timing Constraints window in Vivado IDE) between clocks clk_out2_100_bus_gen_clks and CAT_DCLK_P overrides a set_max_delay -datapath_only (position 67). It is not recommended to override a set_max_delay -datapath_only constraint. Replace the set_clock_groups or set_false_path between clocks with point-to-point set_false_path constraints
Related violations: <none>

TIMING-24#19 Warning
Overridden Max delay datapath only  
An asynchronous set_clock_groups or a set_false path (see constraint position 6 in the Timing Constraints window in Vivado IDE) between clocks clk_out2_100_bus_gen_clks and CAT_DCLK_P overrides a set_max_delay -datapath_only (position 69). It is not recommended to override a set_max_delay -datapath_only constraint. Replace the set_clock_groups or set_false_path between clocks with point-to-point set_false_path constraints
Related violations: <none>

TIMING-24#20 Warning
Overridden Max delay datapath only  
An asynchronous set_clock_groups or a set_false path (see constraint position 6 in the Timing Constraints window in Vivado IDE) between clocks clk_out2_100_bus_gen_clks and CAT_DCLK_P overrides a set_max_delay -datapath_only (position 75). It is not recommended to override a set_max_delay -datapath_only constraint. Replace the set_clock_groups or set_false_path between clocks with point-to-point set_false_path constraints
Related violations: <none>

TIMING-24#21 Warning
Overridden Max delay datapath only  
An asynchronous set_clock_groups or a set_false path (see constraint position 8 in the Timing Constraints window in Vivado IDE) between clocks rx_clk_mimo_bufr and clk_out2_100_bus_gen_clks overrides a set_max_delay -datapath_only (position 43). It is not recommended to override a set_max_delay -datapath_only constraint. Replace the set_clock_groups or set_false_path between clocks with point-to-point set_false_path constraints
Related violations: <none>

TIMING-24#22 Warning
Overridden Max delay datapath only  
An asynchronous set_clock_groups or a set_false path (see constraint position 8 in the Timing Constraints window in Vivado IDE) between clocks rx_clk_mimo_bufr and clk_out2_100_bus_gen_clks overrides a set_max_delay -datapath_only (position 47). It is not recommended to override a set_max_delay -datapath_only constraint. Replace the set_clock_groups or set_false_path between clocks with point-to-point set_false_path constraints
Related violations: <none>

TIMING-24#23 Warning
Overridden Max delay datapath only  
An asynchronous set_clock_groups or a set_false path (see constraint position 8 in the Timing Constraints window in Vivado IDE) between clocks rx_clk_mimo_bufr and clk_out2_100_bus_gen_clks overrides a set_max_delay -datapath_only (position 49). It is not recommended to override a set_max_delay -datapath_only constraint. Replace the set_clock_groups or set_false_path between clocks with point-to-point set_false_path constraints
Related violations: <none>

TIMING-24#24 Warning
Overridden Max delay datapath only  
An asynchronous set_clock_groups or a set_false path (see constraint position 8 in the Timing Constraints window in Vivado IDE) between clocks rx_clk_mimo_bufr and clk_out2_100_bus_gen_clks overrides a set_max_delay -datapath_only (position 53). It is not recommended to override a set_max_delay -datapath_only constraint. Replace the set_clock_groups or set_false_path between clocks with point-to-point set_false_path constraints
Related violations: <none>

TIMING-24#25 Warning
Overridden Max delay datapath only  
An asynchronous set_clock_groups or a set_false path (see constraint position 8 in the Timing Constraints window in Vivado IDE) between clocks rx_clk_mimo_bufr and clk_out2_100_bus_gen_clks overrides a set_max_delay -datapath_only (position 57). It is not recommended to override a set_max_delay -datapath_only constraint. Replace the set_clock_groups or set_false_path between clocks with point-to-point set_false_path constraints
Related violations: <none>

TIMING-24#26 Warning
Overridden Max delay datapath only  
An asynchronous set_clock_groups or a set_false path (see constraint position 8 in the Timing Constraints window in Vivado IDE) between clocks rx_clk_mimo_bufr and clk_out2_100_bus_gen_clks overrides a set_max_delay -datapath_only (position 63). It is not recommended to override a set_max_delay -datapath_only constraint. Replace the set_clock_groups or set_false_path between clocks with point-to-point set_false_path constraints
Related violations: <none>

TIMING-24#27 Warning
Overridden Max delay datapath only  
An asynchronous set_clock_groups or a set_false path (see constraint position 8 in the Timing Constraints window in Vivado IDE) between clocks rx_clk_mimo_bufr and clk_out2_100_bus_gen_clks overrides a set_max_delay -datapath_only (position 71). It is not recommended to override a set_max_delay -datapath_only constraint. Replace the set_clock_groups or set_false_path between clocks with point-to-point set_false_path constraints
Related violations: <none>

TIMING-24#28 Warning
Overridden Max delay datapath only  
An asynchronous set_clock_groups or a set_false path (see constraint position 8 in the Timing Constraints window in Vivado IDE) between clocks rx_clk_mimo_bufr and clk_out2_100_bus_gen_clks overrides a set_max_delay -datapath_only (position 73). It is not recommended to override a set_max_delay -datapath_only constraint. Replace the set_clock_groups or set_false_path between clocks with point-to-point set_false_path constraints
Related violations: <none>

TIMING-24#29 Warning
Overridden Max delay datapath only  
An asynchronous set_clock_groups or a set_false path (see constraint position 8 in the Timing Constraints window in Vivado IDE) between clocks rx_clk_mimo_bufr and clk_out2_100_bus_gen_clks overrides a set_max_delay -datapath_only (position 77). It is not recommended to override a set_max_delay -datapath_only constraint. Replace the set_clock_groups or set_false_path between clocks with point-to-point set_false_path constraints
Related violations: <none>

TIMING-24#30 Warning
Overridden Max delay datapath only  
An asynchronous set_clock_groups or a set_false path (see constraint position 8 in the Timing Constraints window in Vivado IDE) between clocks rx_clk_mimo_bufr and clk_out2_100_bus_gen_clks overrides a set_max_delay -datapath_only (position 79). It is not recommended to override a set_max_delay -datapath_only constraint. Replace the set_clock_groups or set_false_path between clocks with point-to-point set_false_path constraints
Related violations: <none>

TIMING-38#1 Warning
Bus skew constraint applied on multiple clocks  
Multiple clocks involved on source or destination of a bus skew constraint (see constraint position 42 in the Timing Constraint Window in Vivado IDE). It is recommended to have only one source clock and one destination clock per bus skew constraint. First endpoint covered by the constraint: b200_core/radio_0/rx_fifo/fifo_section[0].impl_bram_i/U0/inst_fifo_gen/gconvfifo.rf/grf.rf/gntv_or_sync_fifo.gcx.clkx/rd_pntr_cdc_inst/dest_graysync_ff_reg[0][0]/D
Related violations: <none>

TIMING-38#2 Warning
Bus skew constraint applied on multiple clocks  
Multiple clocks involved on source or destination of a bus skew constraint (see constraint position 44 in the Timing Constraint Window in Vivado IDE). It is recommended to have only one source clock and one destination clock per bus skew constraint. First endpoint covered by the constraint: b200_core/radio_0/tx_fifo/fifo_section[0].impl_bram_i/U0/inst_fifo_gen/gconvfifo.rf/grf.rf/gntv_or_sync_fifo.gcx.clkx/rd_pntr_cdc_inst/dest_graysync_ff_reg[0][0]/D
Related violations: <none>

TIMING-38#3 Warning
Bus skew constraint applied on multiple clocks  
Multiple clocks involved on source or destination of a bus skew constraint (see constraint position 46 in the Timing Constraint Window in Vivado IDE). It is recommended to have only one source clock and one destination clock per bus skew constraint. First endpoint covered by the constraint: b200_core/radio_1/rx_fifo/fifo_section[0].impl_bram_i/U0/inst_fifo_gen/gconvfifo.rf/grf.rf/gntv_or_sync_fifo.gcx.clkx/rd_pntr_cdc_inst/dest_graysync_ff_reg[0][0]/D
Related violations: <none>

TIMING-38#4 Warning
Bus skew constraint applied on multiple clocks  
Multiple clocks involved on source or destination of a bus skew constraint (see constraint position 48 in the Timing Constraint Window in Vivado IDE). It is recommended to have only one source clock and one destination clock per bus skew constraint. First endpoint covered by the constraint: b200_core/radio_1/tx_fifo/fifo_section[0].impl_bram_i/U0/inst_fifo_gen/gconvfifo.rf/grf.rf/gntv_or_sync_fifo.gcx.clkx/rd_pntr_cdc_inst/dest_graysync_ff_reg[0][0]/D
Related violations: <none>

TIMING-38#5 Warning
Bus skew constraint applied on multiple clocks  
Multiple clocks involved on source or destination of a bus skew constraint (see constraint position 50 in the Timing Constraint Window in Vivado IDE). It is recommended to have only one source clock and one destination clock per bus skew constraint. First endpoint covered by the constraint: b200_core/radio_0/rx_fifo/fifo_section[0].impl_bram_i/U0/inst_fifo_gen/gconvfifo.rf/grf.rf/gntv_or_sync_fifo.gcx.clkx/wr_pntr_cdc_inst/dest_graysync_ff_reg[0][0]/D
Related violations: <none>

TIMING-38#6 Warning
Bus skew constraint applied on multiple clocks  
Multiple clocks involved on source or destination of a bus skew constraint (see constraint position 52 in the Timing Constraint Window in Vivado IDE). It is recommended to have only one source clock and one destination clock per bus skew constraint. First endpoint covered by the constraint: b200_core/radio_0/tx_fifo/fifo_section[0].impl_bram_i/U0/inst_fifo_gen/gconvfifo.rf/grf.rf/gntv_or_sync_fifo.gcx.clkx/wr_pntr_cdc_inst/dest_graysync_ff_reg[0][0]/D
Related violations: <none>

TIMING-38#7 Warning
Bus skew constraint applied on multiple clocks  
Multiple clocks involved on source or destination of a bus skew constraint (see constraint position 54 in the Timing Constraint Window in Vivado IDE). It is recommended to have only one source clock and one destination clock per bus skew constraint. First endpoint covered by the constraint: b200_core/radio_1/rx_fifo/fifo_section[0].impl_bram_i/U0/inst_fifo_gen/gconvfifo.rf/grf.rf/gntv_or_sync_fifo.gcx.clkx/wr_pntr_cdc_inst/dest_graysync_ff_reg[0][0]/D
Related violations: <none>

TIMING-38#8 Warning
Bus skew constraint applied on multiple clocks  
Multiple clocks involved on source or destination of a bus skew constraint (see constraint position 56 in the Timing Constraint Window in Vivado IDE). It is recommended to have only one source clock and one destination clock per bus skew constraint. First endpoint covered by the constraint: b200_core/radio_1/tx_fifo/fifo_section[0].impl_bram_i/U0/inst_fifo_gen/gconvfifo.rf/grf.rf/gntv_or_sync_fifo.gcx.clkx/wr_pntr_cdc_inst/dest_graysync_ff_reg[0][0]/D
Related violations: <none>

TIMING-38#9 Warning
Bus skew constraint applied on multiple clocks  
Multiple clocks involved on source or destination of a bus skew constraint (see constraint position 58 in the Timing Constraint Window in Vivado IDE). It is recommended to have only one source clock and one destination clock per bus skew constraint. First endpoint covered by the constraint: b200_core/radio_0/ctrl_fifo/fifo_section[0].impl_srl_i/U0/inst_fifo_gen/gconvfifo.rf/grf.rf/gntv_or_sync_fifo.gcx.clkx/rd_pntr_cdc_inst/dest_graysync_ff_reg[0][0]/D
Related violations: <none>

TIMING-38#10 Warning
Bus skew constraint applied on multiple clocks  
Multiple clocks involved on source or destination of a bus skew constraint (see constraint position 60 in the Timing Constraint Window in Vivado IDE). It is recommended to have only one source clock and one destination clock per bus skew constraint. First endpoint covered by the constraint: b200_core/radio_0/resp_fifo/fifo_section[0].impl_srl_i/U0/inst_fifo_gen/gconvfifo.rf/grf.rf/gntv_or_sync_fifo.gcx.clkx/rd_pntr_cdc_inst/dest_graysync_ff_reg[0][0]/D
Related violations: <none>

TIMING-38#11 Warning
Bus skew constraint applied on multiple clocks  
Multiple clocks involved on source or destination of a bus skew constraint (see constraint position 62 in the Timing Constraint Window in Vivado IDE). It is recommended to have only one source clock and one destination clock per bus skew constraint. First endpoint covered by the constraint: b200_core/radio_0/vita_time_fifo/fifo_section[0].impl_srl_i/U0/inst_fifo_gen/gconvfifo.rf/grf.rf/gntv_or_sync_fifo.gcx.clkx/rd_pntr_cdc_inst/dest_graysync_ff_reg[0][0]/D
Related violations: <none>

TIMING-38#12 Warning
Bus skew constraint applied on multiple clocks  
Multiple clocks involved on source or destination of a bus skew constraint (see constraint position 64 in the Timing Constraint Window in Vivado IDE). It is recommended to have only one source clock and one destination clock per bus skew constraint. First endpoint covered by the constraint: b200_core/radio_1/ctrl_fifo/fifo_section[0].impl_srl_i/U0/inst_fifo_gen/gconvfifo.rf/grf.rf/gntv_or_sync_fifo.gcx.clkx/rd_pntr_cdc_inst/dest_graysync_ff_reg[0][0]/D
Related violations: <none>

TIMING-38#13 Warning
Bus skew constraint applied on multiple clocks  
Multiple clocks involved on source or destination of a bus skew constraint (see constraint position 66 in the Timing Constraint Window in Vivado IDE). It is recommended to have only one source clock and one destination clock per bus skew constraint. First endpoint covered by the constraint: b200_core/radio_1/resp_fifo/fifo_section[0].impl_srl_i/U0/inst_fifo_gen/gconvfifo.rf/grf.rf/gntv_or_sync_fifo.gcx.clkx/rd_pntr_cdc_inst/dest_graysync_ff_reg[0][0]/D
Related violations: <none>

TIMING-38#14 Warning
Bus skew constraint applied on multiple clocks  
Multiple clocks involved on source or destination of a bus skew constraint (see constraint position 68 in the Timing Constraint Window in Vivado IDE). It is recommended to have only one source clock and one destination clock per bus skew constraint. First endpoint covered by the constraint: b200_core/radio_1/vita_time_fifo/fifo_section[0].impl_srl_i/U0/inst_fifo_gen/gconvfifo.rf/grf.rf/gntv_or_sync_fifo.gcx.clkx/rd_pntr_cdc_inst/dest_graysync_ff_reg[0][0]/D
Related violations: <none>

TIMING-38#15 Warning
Bus skew constraint applied on multiple clocks  
Multiple clocks involved on source or destination of a bus skew constraint (see constraint position 70 in the Timing Constraint Window in Vivado IDE). It is recommended to have only one source clock and one destination clock per bus skew constraint. First endpoint covered by the constraint: b200_core/radio_0/ctrl_fifo/fifo_section[0].impl_srl_i/U0/inst_fifo_gen/gconvfifo.rf/grf.rf/gntv_or_sync_fifo.gcx.clkx/wr_pntr_cdc_inst/dest_graysync_ff_reg[0][0]/D
Related violations: <none>

TIMING-38#16 Warning
Bus skew constraint applied on multiple clocks  
Multiple clocks involved on source or destination of a bus skew constraint (see constraint position 72 in the Timing Constraint Window in Vivado IDE). It is recommended to have only one source clock and one destination clock per bus skew constraint. First endpoint covered by the constraint: b200_core/radio_0/resp_fifo/fifo_section[0].impl_srl_i/U0/inst_fifo_gen/gconvfifo.rf/grf.rf/gntv_or_sync_fifo.gcx.clkx/wr_pntr_cdc_inst/dest_graysync_ff_reg[0][0]/D
Related violations: <none>

TIMING-38#17 Warning
Bus skew constraint applied on multiple clocks  
Multiple clocks involved on source or destination of a bus skew constraint (see constraint position 74 in the Timing Constraint Window in Vivado IDE). It is recommended to have only one source clock and one destination clock per bus skew constraint. First endpoint covered by the constraint: b200_core/radio_0/vita_time_fifo/fifo_section[0].impl_srl_i/U0/inst_fifo_gen/gconvfifo.rf/grf.rf/gntv_or_sync_fifo.gcx.clkx/wr_pntr_cdc_inst/dest_graysync_ff_reg[0][0]/D
Related violations: <none>

TIMING-38#18 Warning
Bus skew constraint applied on multiple clocks  
Multiple clocks involved on source or destination of a bus skew constraint (see constraint position 76 in the Timing Constraint Window in Vivado IDE). It is recommended to have only one source clock and one destination clock per bus skew constraint. First endpoint covered by the constraint: b200_core/radio_1/ctrl_fifo/fifo_section[0].impl_srl_i/U0/inst_fifo_gen/gconvfifo.rf/grf.rf/gntv_or_sync_fifo.gcx.clkx/wr_pntr_cdc_inst/dest_graysync_ff_reg[0][0]/D
Related violations: <none>

TIMING-38#19 Warning
Bus skew constraint applied on multiple clocks  
Multiple clocks involved on source or destination of a bus skew constraint (see constraint position 78 in the Timing Constraint Window in Vivado IDE). It is recommended to have only one source clock and one destination clock per bus skew constraint. First endpoint covered by the constraint: b200_core/radio_1/resp_fifo/fifo_section[0].impl_srl_i/U0/inst_fifo_gen/gconvfifo.rf/grf.rf/gntv_or_sync_fifo.gcx.clkx/wr_pntr_cdc_inst/dest_graysync_ff_reg[0][0]/D
Related violations: <none>

TIMING-38#20 Warning
Bus skew constraint applied on multiple clocks  
Multiple clocks involved on source or destination of a bus skew constraint (see constraint position 80 in the Timing Constraint Window in Vivado IDE). It is recommended to have only one source clock and one destination clock per bus skew constraint. First endpoint covered by the constraint: b200_core/radio_1/vita_time_fifo/fifo_section[0].impl_srl_i/U0/inst_fifo_gen/gconvfifo.rf/grf.rf/gntv_or_sync_fifo.gcx.clkx/wr_pntr_cdc_inst/dest_graysync_ff_reg[0][0]/D
Related violations: <none>

TIMING-47#1 Warning
False path, asynchronous clock group or max delay datapath only constraint between synchronous clocks  
A False Path timing constraint is set between synchronous clocks CAT_DCLK_P and rx_clk_mimo_bufr (see constraint position 5 in the Timing Constraint window in Vivado IDE). Masking entire synchronous clock domains via  set_false_path, set_clock_groups or set_max_delay -datapath_only may result in failure in hardware.
Related violations: <none>

LATCH-1#1 Advisory
Existing latches in the design  
There are 128 latches found in the design. Inferred latches are often the result of HDL coding mistakes, such as incomplete if or case statements.
Related violations: <none>

RTGT-1#1 Advisory
RAM retargeting possibility  
Identified 18 RAM32X1D primitives that could be retargeted to RAM32M. Retargeting will save approximately 6 memory LUTs and improve routability. These can usually be achieved using synthesis inference or XPMs. The memories are b200_core/radio_0/ddc_chain/new_hb.hbdec1/blk00000003/blk00000705/blk00000719,
b200_core/radio_0/ddc_chain/new_hb.hbdec1/blk00000003/blk00000705/blk0000071a,
b200_core/radio_0/ddc_chain/new_hb.hbdec1/blk00000003/blk00000705/blk0000071b,
b200_core/radio_0/ddc_chain/new_hb.hbdec1/blk00000003/blk00000705/blk0000071c,
b200_core/radio_0/ddc_chain/new_hb.hbdec1/blk00000003/blk00000705/blk0000071d,
b200_core/radio_0/ddc_chain/new_hb.hbdec1/blk00000003/blk00000705/blk0000071e,
b200_core/radio_0/ddc_chain/new_hb.hbdec1/blk00000003/blk00000705/blk0000071f,
b200_core/radio_0/ddc_chain/new_hb.hbdec1/blk00000003/blk00000705/blk00000720,
b200_core/radio_0/ddc_chain/new_hb.hbdec1/blk00000003/blk00000705/blk00000721,
b200_core/radio_0/ddc_chain/new_hb.hbdec1/blk00000003/blk00000705/blk00000722,
b200_core/radio_0/ddc_chain/new_hb.hbdec1/blk00000003/blk00000705/blk00000723,
b200_core/radio_0/ddc_chain/new_hb.hbdec1/blk00000003/blk00000705/blk00000724,
b200_core/radio_0/ddc_chain/new_hb.hbdec1/blk00000003/blk00000705/blk00000725,
b200_core/radio_0/ddc_chain/new_hb.hbdec1/blk00000003/blk00000705/blk00000726,
b200_core/radio_0/ddc_chain/new_hb.hbdec1/blk00000003/blk00000705/blk00000727
 (the first 15 of 18 listed)
Related violations: <none>

RTGT-1#2 Advisory
RAM retargeting possibility  
Identified 18 RAM32X1D primitives that could be retargeted to RAM32M. Retargeting will save approximately 6 memory LUTs and improve routability. These can usually be achieved using synthesis inference or XPMs. The memories are b200_core/radio_0/ddc_chain/new_hb.hbdec1/blk00000003/blk0000075c/blk00000770,
b200_core/radio_0/ddc_chain/new_hb.hbdec1/blk00000003/blk0000075c/blk00000771,
b200_core/radio_0/ddc_chain/new_hb.hbdec1/blk00000003/blk0000075c/blk00000772,
b200_core/radio_0/ddc_chain/new_hb.hbdec1/blk00000003/blk0000075c/blk00000773,
b200_core/radio_0/ddc_chain/new_hb.hbdec1/blk00000003/blk0000075c/blk00000774,
b200_core/radio_0/ddc_chain/new_hb.hbdec1/blk00000003/blk0000075c/blk00000775,
b200_core/radio_0/ddc_chain/new_hb.hbdec1/blk00000003/blk0000075c/blk00000776,
b200_core/radio_0/ddc_chain/new_hb.hbdec1/blk00000003/blk0000075c/blk00000777,
b200_core/radio_0/ddc_chain/new_hb.hbdec1/blk00000003/blk0000075c/blk00000778,
b200_core/radio_0/ddc_chain/new_hb.hbdec1/blk00000003/blk0000075c/blk00000779,
b200_core/radio_0/ddc_chain/new_hb.hbdec1/blk00000003/blk0000075c/blk0000077a,
b200_core/radio_0/ddc_chain/new_hb.hbdec1/blk00000003/blk0000075c/blk0000077b,
b200_core/radio_0/ddc_chain/new_hb.hbdec1/blk00000003/blk0000075c/blk0000077c,
b200_core/radio_0/ddc_chain/new_hb.hbdec1/blk00000003/blk0000075c/blk0000077d,
b200_core/radio_0/ddc_chain/new_hb.hbdec1/blk00000003/blk0000075c/blk0000077e
 (the first 15 of 18 listed)
Related violations: <none>

RTGT-1#3 Advisory
RAM retargeting possibility  
Identified 18 RAM32X1D primitives that could be retargeted to RAM32M. Retargeting will save approximately 6 memory LUTs and improve routability. These can usually be achieved using synthesis inference or XPMs. The memories are b200_core/radio_0/ddc_chain/new_hb.hbdec2/blk00000003/blk0000044d/blk00000461,
b200_core/radio_0/ddc_chain/new_hb.hbdec2/blk00000003/blk0000044d/blk00000462,
b200_core/radio_0/ddc_chain/new_hb.hbdec2/blk00000003/blk0000044d/blk00000463,
b200_core/radio_0/ddc_chain/new_hb.hbdec2/blk00000003/blk0000044d/blk00000464,
b200_core/radio_0/ddc_chain/new_hb.hbdec2/blk00000003/blk0000044d/blk00000465,
b200_core/radio_0/ddc_chain/new_hb.hbdec2/blk00000003/blk0000044d/blk00000466,
b200_core/radio_0/ddc_chain/new_hb.hbdec2/blk00000003/blk0000044d/blk00000467,
b200_core/radio_0/ddc_chain/new_hb.hbdec2/blk00000003/blk0000044d/blk00000468,
b200_core/radio_0/ddc_chain/new_hb.hbdec2/blk00000003/blk0000044d/blk00000469,
b200_core/radio_0/ddc_chain/new_hb.hbdec2/blk00000003/blk0000044d/blk0000046a,
b200_core/radio_0/ddc_chain/new_hb.hbdec2/blk00000003/blk0000044d/blk0000046b,
b200_core/radio_0/ddc_chain/new_hb.hbdec2/blk00000003/blk0000044d/blk0000046c,
b200_core/radio_0/ddc_chain/new_hb.hbdec2/blk00000003/blk0000044d/blk0000046d,
b200_core/radio_0/ddc_chain/new_hb.hbdec2/blk00000003/blk0000044d/blk0000046e,
b200_core/radio_0/ddc_chain/new_hb.hbdec2/blk00000003/blk0000044d/blk0000046f
 (the first 15 of 18 listed)
Related violations: <none>

RTGT-1#4 Advisory
RAM retargeting possibility  
Identified 18 RAM32X1D primitives that could be retargeted to RAM32M. Retargeting will save approximately 6 memory LUTs and improve routability. These can usually be achieved using synthesis inference or XPMs. The memories are b200_core/radio_0/ddc_chain/new_hb.hbdec2/blk00000003/blk000004a4/blk000004b8,
b200_core/radio_0/ddc_chain/new_hb.hbdec2/blk00000003/blk000004a4/blk000004b9,
b200_core/radio_0/ddc_chain/new_hb.hbdec2/blk00000003/blk000004a4/blk000004ba,
b200_core/radio_0/ddc_chain/new_hb.hbdec2/blk00000003/blk000004a4/blk000004bb,
b200_core/radio_0/ddc_chain/new_hb.hbdec2/blk00000003/blk000004a4/blk000004bc,
b200_core/radio_0/ddc_chain/new_hb.hbdec2/blk00000003/blk000004a4/blk000004bd,
b200_core/radio_0/ddc_chain/new_hb.hbdec2/blk00000003/blk000004a4/blk000004be,
b200_core/radio_0/ddc_chain/new_hb.hbdec2/blk00000003/blk000004a4/blk000004bf,
b200_core/radio_0/ddc_chain/new_hb.hbdec2/blk00000003/blk000004a4/blk000004c0,
b200_core/radio_0/ddc_chain/new_hb.hbdec2/blk00000003/blk000004a4/blk000004c1,
b200_core/radio_0/ddc_chain/new_hb.hbdec2/blk00000003/blk000004a4/blk000004c2,
b200_core/radio_0/ddc_chain/new_hb.hbdec2/blk00000003/blk000004a4/blk000004c3,
b200_core/radio_0/ddc_chain/new_hb.hbdec2/blk00000003/blk000004a4/blk000004c4,
b200_core/radio_0/ddc_chain/new_hb.hbdec2/blk00000003/blk000004a4/blk000004c5,
b200_core/radio_0/ddc_chain/new_hb.hbdec2/blk00000003/blk000004a4/blk000004c6
 (the first 15 of 18 listed)
Related violations: <none>

RTGT-1#5 Advisory
RAM retargeting possibility  
Identified 18 RAM32X1D primitives that could be retargeted to RAM32M. Retargeting will save approximately 6 memory LUTs and improve routability. These can usually be achieved using synthesis inference or XPMs. The memories are b200_core/radio_1/ddc_chain/new_hb.hbdec1/blk00000003/blk00000705/blk00000719,
b200_core/radio_1/ddc_chain/new_hb.hbdec1/blk00000003/blk00000705/blk0000071a,
b200_core/radio_1/ddc_chain/new_hb.hbdec1/blk00000003/blk00000705/blk0000071b,
b200_core/radio_1/ddc_chain/new_hb.hbdec1/blk00000003/blk00000705/blk0000071c,
b200_core/radio_1/ddc_chain/new_hb.hbdec1/blk00000003/blk00000705/blk0000071d,
b200_core/radio_1/ddc_chain/new_hb.hbdec1/blk00000003/blk00000705/blk0000071e,
b200_core/radio_1/ddc_chain/new_hb.hbdec1/blk00000003/blk00000705/blk0000071f,
b200_core/radio_1/ddc_chain/new_hb.hbdec1/blk00000003/blk00000705/blk00000720,
b200_core/radio_1/ddc_chain/new_hb.hbdec1/blk00000003/blk00000705/blk00000721,
b200_core/radio_1/ddc_chain/new_hb.hbdec1/blk00000003/blk00000705/blk00000722,
b200_core/radio_1/ddc_chain/new_hb.hbdec1/blk00000003/blk00000705/blk00000723,
b200_core/radio_1/ddc_chain/new_hb.hbdec1/blk00000003/blk00000705/blk00000724,
b200_core/radio_1/ddc_chain/new_hb.hbdec1/blk00000003/blk00000705/blk00000725,
b200_core/radio_1/ddc_chain/new_hb.hbdec1/blk00000003/blk00000705/blk00000726,
b200_core/radio_1/ddc_chain/new_hb.hbdec1/blk00000003/blk00000705/blk00000727
 (the first 15 of 18 listed)
Related violations: <none>

RTGT-1#6 Advisory
RAM retargeting possibility  
Identified 18 RAM32X1D primitives that could be retargeted to RAM32M. Retargeting will save approximately 6 memory LUTs and improve routability. These can usually be achieved using synthesis inference or XPMs. The memories are b200_core/radio_1/ddc_chain/new_hb.hbdec1/blk00000003/blk0000075c/blk00000770,
b200_core/radio_1/ddc_chain/new_hb.hbdec1/blk00000003/blk0000075c/blk00000771,
b200_core/radio_1/ddc_chain/new_hb.hbdec1/blk00000003/blk0000075c/blk00000772,
b200_core/radio_1/ddc_chain/new_hb.hbdec1/blk00000003/blk0000075c/blk00000773,
b200_core/radio_1/ddc_chain/new_hb.hbdec1/blk00000003/blk0000075c/blk00000774,
b200_core/radio_1/ddc_chain/new_hb.hbdec1/blk00000003/blk0000075c/blk00000775,
b200_core/radio_1/ddc_chain/new_hb.hbdec1/blk00000003/blk0000075c/blk00000776,
b200_core/radio_1/ddc_chain/new_hb.hbdec1/blk00000003/blk0000075c/blk00000777,
b200_core/radio_1/ddc_chain/new_hb.hbdec1/blk00000003/blk0000075c/blk00000778,
b200_core/radio_1/ddc_chain/new_hb.hbdec1/blk00000003/blk0000075c/blk00000779,
b200_core/radio_1/ddc_chain/new_hb.hbdec1/blk00000003/blk0000075c/blk0000077a,
b200_core/radio_1/ddc_chain/new_hb.hbdec1/blk00000003/blk0000075c/blk0000077b,
b200_core/radio_1/ddc_chain/new_hb.hbdec1/blk00000003/blk0000075c/blk0000077c,
b200_core/radio_1/ddc_chain/new_hb.hbdec1/blk00000003/blk0000075c/blk0000077d,
b200_core/radio_1/ddc_chain/new_hb.hbdec1/blk00000003/blk0000075c/blk0000077e
 (the first 15 of 18 listed)
Related violations: <none>

RTGT-1#7 Advisory
RAM retargeting possibility  
Identified 18 RAM32X1D primitives that could be retargeted to RAM32M. Retargeting will save approximately 6 memory LUTs and improve routability. These can usually be achieved using synthesis inference or XPMs. The memories are b200_core/radio_1/ddc_chain/new_hb.hbdec2/blk00000003/blk0000044d/blk00000461,
b200_core/radio_1/ddc_chain/new_hb.hbdec2/blk00000003/blk0000044d/blk00000462,
b200_core/radio_1/ddc_chain/new_hb.hbdec2/blk00000003/blk0000044d/blk00000463,
b200_core/radio_1/ddc_chain/new_hb.hbdec2/blk00000003/blk0000044d/blk00000464,
b200_core/radio_1/ddc_chain/new_hb.hbdec2/blk00000003/blk0000044d/blk00000465,
b200_core/radio_1/ddc_chain/new_hb.hbdec2/blk00000003/blk0000044d/blk00000466,
b200_core/radio_1/ddc_chain/new_hb.hbdec2/blk00000003/blk0000044d/blk00000467,
b200_core/radio_1/ddc_chain/new_hb.hbdec2/blk00000003/blk0000044d/blk00000468,
b200_core/radio_1/ddc_chain/new_hb.hbdec2/blk00000003/blk0000044d/blk00000469,
b200_core/radio_1/ddc_chain/new_hb.hbdec2/blk00000003/blk0000044d/blk0000046a,
b200_core/radio_1/ddc_chain/new_hb.hbdec2/blk00000003/blk0000044d/blk0000046b,
b200_core/radio_1/ddc_chain/new_hb.hbdec2/blk00000003/blk0000044d/blk0000046c,
b200_core/radio_1/ddc_chain/new_hb.hbdec2/blk00000003/blk0000044d/blk0000046d,
b200_core/radio_1/ddc_chain/new_hb.hbdec2/blk00000003/blk0000044d/blk0000046e,
b200_core/radio_1/ddc_chain/new_hb.hbdec2/blk00000003/blk0000044d/blk0000046f
 (the first 15 of 18 listed)
Related violations: <none>

RTGT-1#8 Advisory
RAM retargeting possibility  
Identified 18 RAM32X1D primitives that could be retargeted to RAM32M. Retargeting will save approximately 6 memory LUTs and improve routability. These can usually be achieved using synthesis inference or XPMs. The memories are b200_core/radio_1/ddc_chain/new_hb.hbdec2/blk00000003/blk000004a4/blk000004b8,
b200_core/radio_1/ddc_chain/new_hb.hbdec2/blk00000003/blk000004a4/blk000004b9,
b200_core/radio_1/ddc_chain/new_hb.hbdec2/blk00000003/blk000004a4/blk000004ba,
b200_core/radio_1/ddc_chain/new_hb.hbdec2/blk00000003/blk000004a4/blk000004bb,
b200_core/radio_1/ddc_chain/new_hb.hbdec2/blk00000003/blk000004a4/blk000004bc,
b200_core/radio_1/ddc_chain/new_hb.hbdec2/blk00000003/blk000004a4/blk000004bd,
b200_core/radio_1/ddc_chain/new_hb.hbdec2/blk00000003/blk000004a4/blk000004be,
b200_core/radio_1/ddc_chain/new_hb.hbdec2/blk00000003/blk000004a4/blk000004bf,
b200_core/radio_1/ddc_chain/new_hb.hbdec2/blk00000003/blk000004a4/blk000004c0,
b200_core/radio_1/ddc_chain/new_hb.hbdec2/blk00000003/blk000004a4/blk000004c1,
b200_core/radio_1/ddc_chain/new_hb.hbdec2/blk00000003/blk000004a4/blk000004c2,
b200_core/radio_1/ddc_chain/new_hb.hbdec2/blk00000003/blk000004a4/blk000004c3,
b200_core/radio_1/ddc_chain/new_hb.hbdec2/blk00000003/blk000004a4/blk000004c4,
b200_core/radio_1/ddc_chain/new_hb.hbdec2/blk00000003/blk000004a4/blk000004c5,
b200_core/radio_1/ddc_chain/new_hb.hbdec2/blk00000003/blk000004a4/blk000004c6
 (the first 15 of 18 listed)
Related violations: <none>

RTGT-1#9 Advisory
RAM retargeting possibility  
Identified 48 RAM32X1D primitives that could be retargeted to RAM32M. Retargeting will save approximately 16 memory LUTs and improve routability. These can usually be achieved using synthesis inference or XPMs. The memories are b200_core/radio_0/ddc_chain/new_hb.hbdec1/blk00000003/blk0000002c/blk0000005e,
b200_core/radio_0/ddc_chain/new_hb.hbdec1/blk00000003/blk0000002c/blk0000005f,
b200_core/radio_0/ddc_chain/new_hb.hbdec1/blk00000003/blk0000002c/blk00000060,
b200_core/radio_0/ddc_chain/new_hb.hbdec1/blk00000003/blk0000002c/blk00000061,
b200_core/radio_0/ddc_chain/new_hb.hbdec1/blk00000003/blk0000002c/blk00000062,
b200_core/radio_0/ddc_chain/new_hb.hbdec1/blk00000003/blk0000002c/blk00000063,
b200_core/radio_0/ddc_chain/new_hb.hbdec1/blk00000003/blk0000002c/blk00000064,
b200_core/radio_0/ddc_chain/new_hb.hbdec1/blk00000003/blk0000002c/blk00000065,
b200_core/radio_0/ddc_chain/new_hb.hbdec1/blk00000003/blk0000002c/blk00000066,
b200_core/radio_0/ddc_chain/new_hb.hbdec1/blk00000003/blk0000002c/blk00000067,
b200_core/radio_0/ddc_chain/new_hb.hbdec1/blk00000003/blk0000002c/blk00000068,
b200_core/radio_0/ddc_chain/new_hb.hbdec1/blk00000003/blk0000002c/blk00000069,
b200_core/radio_0/ddc_chain/new_hb.hbdec1/blk00000003/blk0000002c/blk0000006a,
b200_core/radio_0/ddc_chain/new_hb.hbdec1/blk00000003/blk0000002c/blk0000006b,
b200_core/radio_0/ddc_chain/new_hb.hbdec1/blk00000003/blk0000002c/blk0000006c
 (the first 15 of 48 listed)
Related violations: <none>

RTGT-1#10 Advisory
RAM retargeting possibility  
Identified 48 RAM32X1D primitives that could be retargeted to RAM32M. Retargeting will save approximately 16 memory LUTs and improve routability. These can usually be achieved using synthesis inference or XPMs. The memories are b200_core/radio_0/ddc_chain/new_hb.hbdec2/blk00000003/blk0000002b/blk0000005d,
b200_core/radio_0/ddc_chain/new_hb.hbdec2/blk00000003/blk0000002b/blk0000005e,
b200_core/radio_0/ddc_chain/new_hb.hbdec2/blk00000003/blk0000002b/blk0000005f,
b200_core/radio_0/ddc_chain/new_hb.hbdec2/blk00000003/blk0000002b/blk00000060,
b200_core/radio_0/ddc_chain/new_hb.hbdec2/blk00000003/blk0000002b/blk00000061,
b200_core/radio_0/ddc_chain/new_hb.hbdec2/blk00000003/blk0000002b/blk00000062,
b200_core/radio_0/ddc_chain/new_hb.hbdec2/blk00000003/blk0000002b/blk00000063,
b200_core/radio_0/ddc_chain/new_hb.hbdec2/blk00000003/blk0000002b/blk00000064,
b200_core/radio_0/ddc_chain/new_hb.hbdec2/blk00000003/blk0000002b/blk00000065,
b200_core/radio_0/ddc_chain/new_hb.hbdec2/blk00000003/blk0000002b/blk00000066,
b200_core/radio_0/ddc_chain/new_hb.hbdec2/blk00000003/blk0000002b/blk00000067,
b200_core/radio_0/ddc_chain/new_hb.hbdec2/blk00000003/blk0000002b/blk00000068,
b200_core/radio_0/ddc_chain/new_hb.hbdec2/blk00000003/blk0000002b/blk00000069,
b200_core/radio_0/ddc_chain/new_hb.hbdec2/blk00000003/blk0000002b/blk0000006a,
b200_core/radio_0/ddc_chain/new_hb.hbdec2/blk00000003/blk0000002b/blk0000006b
 (the first 15 of 48 listed)
Related violations: <none>

RTGT-1#11 Advisory
RAM retargeting possibility  
Identified 48 RAM32X1D primitives that could be retargeted to RAM32M. Retargeting will save approximately 16 memory LUTs and improve routability. These can usually be achieved using synthesis inference or XPMs. The memories are b200_core/radio_1/ddc_chain/new_hb.hbdec1/blk00000003/blk0000002c/blk0000005e,
b200_core/radio_1/ddc_chain/new_hb.hbdec1/blk00000003/blk0000002c/blk0000005f,
b200_core/radio_1/ddc_chain/new_hb.hbdec1/blk00000003/blk0000002c/blk00000060,
b200_core/radio_1/ddc_chain/new_hb.hbdec1/blk00000003/blk0000002c/blk00000061,
b200_core/radio_1/ddc_chain/new_hb.hbdec1/blk00000003/blk0000002c/blk00000062,
b200_core/radio_1/ddc_chain/new_hb.hbdec1/blk00000003/blk0000002c/blk00000063,
b200_core/radio_1/ddc_chain/new_hb.hbdec1/blk00000003/blk0000002c/blk00000064,
b200_core/radio_1/ddc_chain/new_hb.hbdec1/blk00000003/blk0000002c/blk00000065,
b200_core/radio_1/ddc_chain/new_hb.hbdec1/blk00000003/blk0000002c/blk00000066,
b200_core/radio_1/ddc_chain/new_hb.hbdec1/blk00000003/blk0000002c/blk00000067,
b200_core/radio_1/ddc_chain/new_hb.hbdec1/blk00000003/blk0000002c/blk00000068,
b200_core/radio_1/ddc_chain/new_hb.hbdec1/blk00000003/blk0000002c/blk00000069,
b200_core/radio_1/ddc_chain/new_hb.hbdec1/blk00000003/blk0000002c/blk0000006a,
b200_core/radio_1/ddc_chain/new_hb.hbdec1/blk00000003/blk0000002c/blk0000006b,
b200_core/radio_1/ddc_chain/new_hb.hbdec1/blk00000003/blk0000002c/blk0000006c
 (the first 15 of 48 listed)
Related violations: <none>

RTGT-1#12 Advisory
RAM retargeting possibility  
Identified 48 RAM32X1D primitives that could be retargeted to RAM32M. Retargeting will save approximately 16 memory LUTs and improve routability. These can usually be achieved using synthesis inference or XPMs. The memories are b200_core/radio_1/ddc_chain/new_hb.hbdec2/blk00000003/blk0000002b/blk0000005d,
b200_core/radio_1/ddc_chain/new_hb.hbdec2/blk00000003/blk0000002b/blk0000005e,
b200_core/radio_1/ddc_chain/new_hb.hbdec2/blk00000003/blk0000002b/blk0000005f,
b200_core/radio_1/ddc_chain/new_hb.hbdec2/blk00000003/blk0000002b/blk00000060,
b200_core/radio_1/ddc_chain/new_hb.hbdec2/blk00000003/blk0000002b/blk00000061,
b200_core/radio_1/ddc_chain/new_hb.hbdec2/blk00000003/blk0000002b/blk00000062,
b200_core/radio_1/ddc_chain/new_hb.hbdec2/blk00000003/blk0000002b/blk00000063,
b200_core/radio_1/ddc_chain/new_hb.hbdec2/blk00000003/blk0000002b/blk00000064,
b200_core/radio_1/ddc_chain/new_hb.hbdec2/blk00000003/blk0000002b/blk00000065,
b200_core/radio_1/ddc_chain/new_hb.hbdec2/blk00000003/blk0000002b/blk00000066,
b200_core/radio_1/ddc_chain/new_hb.hbdec2/blk00000003/blk0000002b/blk00000067,
b200_core/radio_1/ddc_chain/new_hb.hbdec2/blk00000003/blk0000002b/blk00000068,
b200_core/radio_1/ddc_chain/new_hb.hbdec2/blk00000003/blk0000002b/blk00000069,
b200_core/radio_1/ddc_chain/new_hb.hbdec2/blk00000003/blk0000002b/blk0000006a,
b200_core/radio_1/ddc_chain/new_hb.hbdec2/blk00000003/blk0000002b/blk0000006b
 (the first 15 of 48 listed)
Related violations: <none>


